Year,Month_No,Month,Round,State,Station Code,Station Name,DO,pH,BOD
2014,1,January,1,Uttar Pradesh,1046,"RIVER GANGA AT PRAYAGRAJ (RASOOLABAD), U.P.",9.8,8.36,3.8
2014,2,February,1,Uttar Pradesh,1046,"RIVER GANGA AT PRAYAGRAJ (RASOOLABAD), U.P.",9.6,8.05,2.6
2014,3,March,1,Uttar Pradesh,1046,"RIVER GANGA AT PRAYAGRAJ (RASOOLABAD), U.P.",9.0,8.23,3.6
2014,4,April,1,Uttar Pradesh,1046,"RIVER GANGA AT PRAYAGRAJ (RASOOLABAD), U.P.",8.4,8.36,3.5
2014,5,May,1,Uttar Pradesh,1046,"RIVER GANGA AT PRAYAGRAJ (RASOOLABAD), U.P.",8.2,8.44,3.6
2014,6,June,1,Uttar Pradesh,1046,"RIVER GANGA AT PRAYAGRAJ (RASOOLABAD), U.P.",8.1,8.26,3.5
2014,7,July,1,Uttar Pradesh,1046,"RIVER GANGA AT PRAYAGRAJ (RASOOLABAD), U.P.",8.4,8.32,3.6
2014,8,August,1,Uttar Pradesh,1046,"RIVER GANGA AT PRAYAGRAJ (RASOOLABAD), U.P.",8.8,8.38,4.0
2014,10,October,1,Uttar Pradesh,1046,"RIVER GANGA AT PRAYAGRAJ (RASOOLABAD), U.P.",8.7,8.17,3.8
2014,11,November,1,Uttar Pradesh,1046,"RIVER GANGA AT PRAYAGRAJ (RASOOLABAD), U.P.",8.5,8.34,3.6
2015,1,January,1,Uttar Pradesh,1046,"RIVER GANGA AT PRAYAGRAJ (RASOOLABAD), U.P.",8.7,7.82,3.6
2015,2,February,1,Uttar Pradesh,1046,"RIVER GANGA AT PRAYAGRAJ (RASOOLABAD), U.P.",8.8,8.27,3.3
2015,3,March,1,Uttar Pradesh,1046,"RIVER GANGA AT PRAYAGRAJ (RASOOLABAD), U.P.",8.8,7.78,3.5
2015,4,April,1,Uttar Pradesh,1046,"RIVER GANGA AT PRAYAGRAJ (RASOOLABAD), U.P.",8.9,8.29,3.6
2015,5,May,1,Uttar Pradesh,1046,"RIVER GANGA AT PRAYAGRAJ (RASOOLABAD), U.P.",8.4,8.36,3.5
2015,6,June,1,Uttar Pradesh,1046,"RIVER GANGA AT PRAYAGRAJ (RASOOLABAD), U.P.",7.3,7.49,3.7
2015,7,July,1,Uttar Pradesh,1046,"RIVER GANGA AT PRAYAGRAJ (RASOOLABAD), U.P.",7.2,7.38,4.6
2015,8,August,1,Uttar Pradesh,1046,"RIVER GANGA AT PRAYAGRAJ (RASOOLABAD), U.P.",7.8,7.48,4.2
2015,9,September,1,Uttar Pradesh,1046,"RIVER GANGA AT PRAYAGRAJ (RASOOLABAD), U.P.",7.6,8.28,4.3
2016,1,January,1,Uttar Pradesh,1046,"RIVER GANGA AT PRAYAGRAJ (RASOOLABAD), U.P.",8.1,8.14,4.0
2017,2,February,1,Uttar Pradesh,1046,"RIVER GANGA AT PRAYAGRAJ (RASOOLABAD), U.P.",8.8,8.16,3.7
2017,3,March,1,Uttar Pradesh,1046,"RIVER GANGA AT PRAYAGRAJ (RASOOLABAD), U.P.",8.7,8.2,3.9
2017,4,April,1,Uttar Pradesh,1046,"RIVER GANGA AT PRAYAGRAJ (RASOOLABAD), U.P.",8.3,8.26,3.7
2017,5,May,1,Uttar Pradesh,1046,"RIVER GANGA AT PRAYAGRAJ (RASOOLABAD), U.P.",8.4,8.18,3.6
2017,6,June,1,Uttar Pradesh,1046,"RIVER GANGA AT PRAYAGRAJ (RASOOLABAD), U.P.",8.2,8.06,3.8
2017,7,July,1,Uttar Pradesh,1046,"RIVER GANGA AT PRAYAGRAJ (RASOOLABAD), U.P.",7.8,7.96,5.6
2017,8,August,1,Uttar Pradesh,1046,"RIVER GANGA AT PRAYAGRAJ (RASOOLABAD), U.P.",7.8,7.78,3.7
2017,9,September,1,Uttar Pradesh,1046,"RIVER GANGA AT PRAYAGRAJ (RASOOLABAD), U.P.",7.9,7.67,5.5
2017,11,November,1,Uttar Pradesh,1046,"RIVER GANGA AT PRAYAGRAJ (RASOOLABAD), U.P.",7.7,7.48,5.3
2018,1,January,1,Uttar Pradesh,1046,"RIVER GANGA AT PRAYAGRAJ (RASOOLABAD), U.P.",9.9,8.25,4.8
2018,2,February,1,Uttar Pradesh,1046,"RIVER GANGA AT PRAYAGRAJ (RASOOLABAD), U.P.",9.1,8.4,4.1
2018,3,March,1,Uttar Pradesh,1046,"RIVER GANGA AT PRAYAGRAJ (RASOOLABAD), U.P.",9.0,8.49,4.0
2018,4,April,1,Uttar Pradesh,1046,"RIVER GANGA AT PRAYAGRAJ (RASOOLABAD), U.P.",9.7,8.43,3.9
2018,5,May,1,Uttar Pradesh,1046,"RIVER GANGA AT PRAYAGRAJ (RASOOLABAD), U.P.",9.4,8.29,4.0
2018,6,June,1,Uttar Pradesh,1046,"RIVER GANGA AT PRAYAGRAJ (RASOOLABAD), U.P.",8.7,8.35,3.8
2018,7,July,1,Uttar Pradesh,1046,"RIVER GANGA AT PRAYAGRAJ (RASOOLABAD), U.P.",8.8,8.22,3.7
2018,8,August,1,Uttar Pradesh,1046,"RIVER GANGA AT PRAYAGRAJ (RASOOLABAD), U.P.",7.6,7.78,2.6
2018,9,September,1,Uttar Pradesh,1046,"RIVER GANGA AT PRAYAGRAJ (RASOOLABAD), U.P.",7.4,7.9,2.8
2018,10,October,1,Uttar Pradesh,1046,"RIVER GANGA AT PRAYAGRAJ (RASOOLABAD), U.P.",7.6,7.68,3.3
2018,11,November,1,Uttar Pradesh,1046,"RIVER GANGA AT PRAYAGRAJ (RASOOLABAD), U.P.",7.4,7.71,3.5
2019,1,January,1,Uttar Pradesh,1046,"RIVER GANGA AT PRAYAGRAJ (RASOOLABAD), U.P.",10.1,8.3,3.0
2019,2,February,1,Uttar Pradesh,1046,"RIVER GANGA AT PRAYAGRAJ (RASOOLABAD), U.P.",10.8,8.4,3.1
2019,3,March,1,Uttar Pradesh,1046,"RIVER GANGA AT PRAYAGRAJ (RASOOLABAD), U.P.",7.2,8.3,3.0
2019,4,April,1,Uttar Pradesh,1046,"RIVER GANGA AT PRAYAGRAJ (RASOOLABAD), U.P.",7.3,8.2,2.8
2019,5,May,1,Uttar Pradesh,1046,"RIVER GANGA AT PRAYAGRAJ (RASOOLABAD), U.P.",7.3,8.3,3.2
2019,6,June,1,Uttar Pradesh,1046,"RIVER GANGA AT PRAYAGRAJ (RASOOLABAD), U.P.",7.6,7.6,2.9
2019,7,July,1,Uttar Pradesh,1046,"RIVER GANGA AT PRAYAGRAJ (RASOOLABAD), U.P.",7.9,8.1,2.8
2019,8,August,1,Uttar Pradesh,1046,"RIVER GANGA AT PRAYAGRAJ (RASOOLABAD), U.P.",8.1,7.6,2.5
2019,9,September,1,Uttar Pradesh,1046,"RIVER GANGA AT PRAYAGRAJ (RASOOLABAD), U.P.",8.3,8.0,2.5
2020,1,January,1,Uttar Pradesh,1046,"RIVER GANGA AT PRAYAGRAJ (RASOOLABAD), U.P.",11.7,8.4,2.5
2020,8,August,1,Uttar Pradesh,1046,"RIVER GANGA AT PRAYAGRAJ (RASOOLABAD), U.P.",7.6,7.4,2.8
2020,9,September,1,Uttar Pradesh,1046,"RIVER GANGA AT PRAYAGRAJ (RASOOLABAD), U.P.",7.9,7.3,2.2
2020,10,October,1,Uttar Pradesh,1046,"RIVER GANGA AT PRAYAGRAJ (RASOOLABAD), U.P.",8.1,8.2,2.8
2020,11,November,1,Uttar Pradesh,1046,"RIVER GANGA AT PRAYAGRAJ (RASOOLABAD), U.P.",8.2,8.2,3.2
2020,11,November,2,Uttar Pradesh,1046,"RIVER GANGA AT PRAYAGRAJ (RASOOLABAD), U.P.",8.3,8.5,2.2
2020,12,December,1,Uttar Pradesh,1046,"RIVER GANGA AT PRAYAGRAJ (RASOOLABAD), U.P.",8.8,8.1,2.3
2021,1,January,1,Uttar Pradesh,1046,"RIVER GANGA AT PRAYAGRAJ (RASOOLABAD), U.P.",10.5,8.28,2.5
2021,1,January,2,Uttar Pradesh,1046,"RIVER GANGA AT PRAYAGRAJ (RASOOLABAD), U.P.",9.9,8.22,2.4
2021,2,February,1,Uttar Pradesh,1046,"RIVER GANGA AT PRAYAGRAJ (RASOOLABAD), U.P.",10.0,8.31,2.8
2021,2,February,2,Uttar Pradesh,1046,"RIVER GANGA AT PRAYAGRAJ (RASOOLABAD), U.P.",9.3,7.82,2.8
2021,3,March,1,Uttar Pradesh,1046,"RIVER GANGA AT PRAYAGRAJ (RASOOLABAD), U.P.",8.9,8.05,2.7
2021,3,March,2,Uttar Pradesh,1046,"RIVER GANGA AT PRAYAGRAJ (RASOOLABAD), U.P.",9.0,7.86,2.7
2021,4,April,1,Uttar Pradesh,1046,"RIVER GANGA AT PRAYAGRAJ (RASOOLABAD), U.P.",8.6,8.23,2.8
2021,4,April,2,Uttar Pradesh,1046,"RIVER GANGA AT PRAYAGRAJ (RASOOLABAD), U.P.",8.8,8.12,2.9
2021,5,May,1,Uttar Pradesh,1046,"RIVER GANGA AT PRAYAGRAJ (RASOOLABAD), U.P.",8.2,8.38,2.9
2021,5,May,2,Uttar Pradesh,1046,"RIVER GANGA AT PRAYAGRAJ (RASOOLABAD), U.P.",8.3,8.32,2.8
2021,6,June,1,Uttar Pradesh,1046,"RIVER GANGA AT PRAYAGRAJ (RASOOLABAD), U.P.",8.1,8.24,2.7
2021,6,June,2,Uttar Pradesh,1046,"RIVER GANGA AT PRAYAGRAJ (RASOOLABAD), U.P.",8.6,8.31,2.8
2021,7,July,1,Uttar Pradesh,1046,"RIVER GANGA AT PRAYAGRAJ (RASOOLABAD), U.P.",8.3,8.21,2.8
2021,7,July,2,Uttar Pradesh,1046,"RIVER GANGA AT PRAYAGRAJ (RASOOLABAD), U.P.",8.4,8.14,2.7
2021,8,August,1,Uttar Pradesh,1046,"RIVER GANGA AT PRAYAGRAJ (RASOOLABAD), U.P.",8.3,8.24,2.7
2021,8,August,2,Uttar Pradesh,1046,"RIVER GANGA AT PRAYAGRAJ (RASOOLABAD), U.P.",8.5,8.19,2.8
2021,9,September,1,Uttar Pradesh,1046,"RIVER GANGA AT PRAYAGRAJ (RASOOLABAD), U.P.",8.0,8.27,2.8
2021,9,September,2,Uttar Pradesh,1046,"RIVER GANGA AT PRAYAGRAJ (RASOOLABAD), U.P.",8.4,8.22,2.7
2021,10,October,1,Uttar Pradesh,1046,"RIVER GANGA AT PRAYAGRAJ (RASOOLABAD), U.P.",8.3,8.25,2.6
2021,10,October,2,Uttar Pradesh,1046,"RIVER GANGA AT PRAYAGRAJ (RASOOLABAD), U.P.",8.6,8.31,2.6
2021,11,November,1,Uttar Pradesh,1046,"RIVER GANGA AT PRAYAGRAJ (RASOOLABAD), U.P.",8.2,8.37,2.8
2021,11,November,2,Uttar Pradesh,1046,"RIVER GANGA AT PRAYAGRAJ (RASOOLABAD), U.P.",8.5,8.26,2.8
2021,12,December,1,Uttar Pradesh,1046,"RIVER GANGA AT PRAYAGRAJ (RASOOLABAD), U.P.",8.8,8.21,2.7
2021,12,December,2,Uttar Pradesh,1046,"RIVER GANGA AT PRAYAGRAJ (RASOOLABAD), U.P.",9.5,8.28,2.8
2023,1,January,1,Uttar Pradesh,1046,"RIVER GANGA AT PRAYAGRAJ (RASOOLABAD), U.P.",10.5,8.37,2.7
2023,1,January,2,Uttar Pradesh,1046,"RIVER GANGA AT PRAYAGRAJ (RASOOLABAD), U.P.",8.9,8.25,2.8
2023,2,February,1,Uttar Pradesh,1046,"RIVER GANGA AT PRAYAGRAJ (RASOOLABAD), U.P.",10.5,8.18,2.9
2023,2,February,2,Uttar Pradesh,1046,"RIVER GANGA AT PRAYAGRAJ (RASOOLABAD), U.P.",10.6,8.31,2.8
2023,3,March,2,Uttar Pradesh,1046,"RIVER GANGA AT PRAYAGRAJ (RASOOLABAD), U.P.",9.7,8.25,2.8
2023,4,April,1,Uttar Pradesh,1046,"RIVER GANGA AT PRAYAGRAJ (RASOOLABAD), U.P.",8.2,8.21,2.7
2023,4,April,2,Uttar Pradesh,1046,"RIVER GANGA AT PRAYAGRAJ (RASOOLABAD), U.P.",8.5,8.28,2.9
2023,5,May,1,Uttar Pradesh,1046,"RIVER GANGA AT PRAYAGRAJ (RASOOLABAD), U.P.",7.8,8.11,2.9
2023,5,May,2,Uttar Pradesh,1046,"RIVER GANGA AT PRAYAGRAJ (RASOOLABAD), U.P.",8.4,8.27,2.8
2023,6,June,1,Uttar Pradesh,1046,"RIVER GANGA AT PRAYAGRAJ (RASOOLABAD), U.P.",7.5,8.35,2.9
2023,6,June,2,Uttar Pradesh,1046,"RIVER GANGA AT PRAYAGRAJ (RASOOLABAD), U.P.",7.7,8.2,2.8
2023,7,July,1,Uttar Pradesh,1046,"RIVER GANGA AT PRAYAGRAJ (RASOOLABAD), U.P.",8.1,8.16,2.9
2023,7,July,2,Uttar Pradesh,1046,"RIVER GANGA AT PRAYAGRAJ (RASOOLABAD), U.P.",8.1,8.19,2.8
2023,8,August,1,Uttar Pradesh,1046,"RIVER GANGA AT PRAYAGRAJ (RASOOLABAD), U.P.",7.8,7.86,2.8
2023,8,August,2,Uttar Pradesh,1046,"RIVER GANGA AT PRAYAGRAJ (RASOOLABAD), U.P.",8.2,7.91,2.8
2023,9,September,1,Uttar Pradesh,1046,"RIVER GANGA AT PRAYAGRAJ (RASOOLABAD), U.P.",7.7,7.78,2.9
2023,9,September,2,Uttar Pradesh,1046,"RIVER GANGA AT PRAYAGRAJ (RASOOLABAD), U.P.",7.9,8.18,2.7
2023,10,October,1,Uttar Pradesh,1046,"RIVER GANGA AT PRAYAGRAJ (RASOOLABAD), U.P.",7.8,8.19,2.8
2023,10,October,2,Uttar Pradesh,1046,"RIVER GANGA AT PRAYAGRAJ (RASOOLABAD), U.P.",8.3,8.06,2.7
2023,11,November,1,Uttar Pradesh,1046,"RIVER GANGA AT PRAYAGRAJ (RASOOLABAD), U.P.",8.4,7.89,2.7
2023,11,November,2,Uttar Pradesh,1046,"RIVER GANGA AT PRAYAGRAJ (RASOOLABAD), U.P.",8.7,8.36,2.8
2023,12,December,1,Uttar Pradesh,1046,"RIVER GANGA AT PRAYAGRAJ (RASOOLABAD), U.P.",8.6,8.08,2.8
2023,12,December,2,Uttar Pradesh,1046,"RIVER GANGA AT PRAYAGRAJ (RASOOLABAD), U.P.",9.1,8.17,2.7
2024,1,January,1,Uttar Pradesh,1046,PRAYAGRAJ (RASOOLABAD),8.9,8.13,2.9
2024,1,January,2,Uttar Pradesh,1046,PRAYAGRAJ (RASOOLABAD),12.0,8.26,2.8
2024,2,February,1,Uttar Pradesh,1046,PRAYAGRAJ (RASOOLABAD),10.6,8.45,3.4
2024,2,February,2,Uttar Pradesh,1046,PRAYAGRAJ (RASOOLABAD),9.3,8.26,2.8
2024,3,March,1,Uttar Pradesh,1046,PRAYAGRAJ (RASOOLABAD),8.4,8.28,2.8
2024,3,March,2,Uttar Pradesh,1046,PRAYAGRAJ (RASOOLABAD),8.9,8.19,2.7
2024,4,April,1,Uttar Pradesh,1046,PRAYAGRAJ (RASOOLABAD),8.7,8.19,3.0
2024,4,April,2,Uttar Pradesh,1046,PRAYAGRAJ (RASOOLABAD),8.5,8.22,2.8
2024,5,May,1,Uttar Pradesh,1046,PRAYAGRAJ (RASOOLABAD),8.9,8.23,2.8
2024,5,May,2,Uttar Pradesh,1046,PRAYAGRAJ (RASOOLABAD),8.8,8.16,2.7
2024,6,June,1,Uttar Pradesh,1046,PRAYAGRAJ (RASOOLABAD),8.5,8.23,2.8
2024,6,June,2,Uttar Pradesh,1046,PRAYAGRAJ (RASOOLABAD),8.5,8.18,2.7
2024,7,July,1,Uttar Pradesh,1046,PRAYAGRAJ (RASOOLABAD),7.9,8.22,2.8
2024,7,July,2,Uttar Pradesh,1046,PRAYAGRAJ (RASOOLABAD),8.3,8.15,2.7
2024,8,August,1,Uttar Pradesh,1046,PRAYAGRAJ (RASOOLABAD),8.4,7.9,2.6
2024,8,August,2,Uttar Pradesh,1046,PRAYAGRAJ (RASOOLABAD),8.4,7.98,2.5
2024,9,September,1,Uttar Pradesh,1046,PRAYAGRAJ (RASOOLABAD),8.5,7.73,2.3
2024,9,September,2,Uttar Pradesh,1046,PRAYAGRAJ (RASOOLABAD),8.3,8.11,2.4
2024,10,October,1,Uttar Pradesh,1046,PRAYAGRAJ (RASOOLABAD),8.1,7.85,2.7
2024,10,October,2,Uttar Pradesh,1046,PRAYAGRAJ (RASOOLABAD),9.0,7.33,1.2
2024,11,November,1,Uttar Pradesh,1046,PRAYAGRAJ (RASOOLABAD),7.0,7.67,3.0
2024,11,November,2,Uttar Pradesh,1046,PRAYAGRAJ (RASOOLABAD),7.8,7.64,3.1
2024,12,December,1,Uttar Pradesh,1046,PRAYAGRAJ (RASOOLABAD),7.6,7.76,3.4
2024,12,December,2,Uttar Pradesh,1046,PRAYAGRAJ (RASOOLABAD),7.8,7.78,3.4
2014,1,January,1,Uttar Pradesh,1049,"RIVER GANGA AT PRAYAGRAJ D/S (SANGAM), U.P.",9.2,8.39,9.2
2014,2,February,1,Uttar Pradesh,1049,"RIVER GANGA AT PRAYAGRAJ D/S (SANGAM), U.P.",9.2,8.12,2.9
2014,3,March,1,Uttar Pradesh,1049,"RIVER GANGA AT PRAYAGRAJ D/S (SANGAM), U.P.",8.9,8.25,3.2
2014,4,April,1,Uttar Pradesh,1049,"RIVER GANGA AT PRAYAGRAJ D/S (SANGAM), U.P.",8.6,8.28,3.3
2014,5,May,1,Uttar Pradesh,1049,"RIVER GANGA AT PRAYAGRAJ D/S (SANGAM), U.P.",8.4,8.4,3.4
2014,6,June,1,Uttar Pradesh,1049,"RIVER GANGA AT PRAYAGRAJ D/S (SANGAM), U.P.",8.0,8.22,3.3
2014,7,July,1,Uttar Pradesh,1049,"RIVER GANGA AT PRAYAGRAJ D/S (SANGAM), U.P.",8.0,8.3,3.4
2014,8,August,1,Uttar Pradesh,1049,"RIVER GANGA AT PRAYAGRAJ D/S (SANGAM), U.P.",8.3,8.3,4.2
2014,9,September,1,Uttar Pradesh,1049,"RIVER GANGA AT PRAYAGRAJ D/S (SANGAM), U.P.",8.5,8.19,4.1
2014,10,October,1,Uttar Pradesh,1049,"RIVER GANGA AT PRAYAGRAJ D/S (SANGAM), U.P.",8.6,8.22,4.2
2014,11,November,1,Uttar Pradesh,1049,"RIVER GANGA AT PRAYAGRAJ D/S (SANGAM), U.P.",8.2,8.32,4.1
2015,2,February,1,Uttar Pradesh,1049,"RIVER GANGA AT PRAYAGRAJ D/S (SANGAM), U.P.",8.2,8.31,4.0
2015,3,March,1,Uttar Pradesh,1049,"RIVER GANGA AT PRAYAGRAJ D/S (SANGAM), U.P.",8.5,7.85,3.4
2015,4,April,1,Uttar Pradesh,1049,"RIVER GANGA AT PRAYAGRAJ D/S (SANGAM), U.P.",8.7,8.36,3.5
2015,5,May,1,Uttar Pradesh,1049,"RIVER GANGA AT PRAYAGRAJ D/S (SANGAM), U.P.",8.6,8.3,3.8
2015,6,June,1,Uttar Pradesh,1049,"RIVER GANGA AT PRAYAGRAJ D/S (SANGAM), U.P.",8.3,7.85,3.6
2015,7,July,1,Uttar Pradesh,1049,"RIVER GANGA AT PRAYAGRAJ D/S (SANGAM), U.P.",7.0,7.42,4.1
2015,8,August,1,Uttar Pradesh,1049,"RIVER GANGA AT PRAYAGRAJ D/S (SANGAM), U.P.",7.4,7.78,4.8
2015,9,September,1,Uttar Pradesh,1049,"RIVER GANGA AT PRAYAGRAJ D/S (SANGAM), U.P.",7.9,8.34,4.5
2016,1,January,1,Uttar Pradesh,1049,"RIVER GANGA AT PRAYAGRAJ D/S (SANGAM), U.P.",8.2,8.37,4.1
2016,2,February,1,Uttar Pradesh,1049,"RIVER GANGA AT PRAYAGRAJ D/S (SANGAM), U.P.",8.4,8.26,3.9
2016,3,March,1,Uttar Pradesh,1049,"RIVER GANGA AT PRAYAGRAJ D/S (SANGAM), U.P.",8.3,8.16,4.1
2016,4,April,1,Uttar Pradesh,1049,"RIVER GANGA AT PRAYAGRAJ D/S (SANGAM), U.P.",8.2,8.08,3.7
2016,5,May,1,Uttar Pradesh,1049,"RIVER GANGA AT PRAYAGRAJ D/S (SANGAM), U.P.",8.3,7.97,3.6
2016,6,June,1,Uttar Pradesh,1049,"RIVER GANGA AT PRAYAGRAJ D/S (SANGAM), U.P.",8.0,8.27,4.4
2016,7,July,1,Uttar Pradesh,1049,"RIVER GANGA AT PRAYAGRAJ D/S (SANGAM), U.P.",8.1,8.29,4.2
2016,8,August,1,Uttar Pradesh,1049,"RIVER GANGA AT PRAYAGRAJ D/S (SANGAM), U.P.",7.2,7.91,4.8
2016,9,September,1,Uttar Pradesh,1049,"RIVER GANGA AT PRAYAGRAJ D/S (SANGAM), U.P.",7.8,7.55,4.2
2016,10,October,1,Uttar Pradesh,1049,"RIVER GANGA AT PRAYAGRAJ D/S (SANGAM), U.P.",7.6,7.49,4.1
2016,11,November,1,Uttar Pradesh,1049,"RIVER GANGA AT PRAYAGRAJ D/S (SANGAM), U.P.",8.0,7.56,4.3
2016,12,December,1,Uttar Pradesh,1049,"RIVER GANGA AT PRAYAGRAJ D/S (SANGAM), U.P.",8.3,8.29,4.4
2017,1,January,1,Uttar Pradesh,1049,"RIVER GANGA AT PRAYAGRAJ D/S (SANGAM), U.P.",8.4,8.26,3.9
2017,2,February,1,Uttar Pradesh,1049,"RIVER GANGA AT PRAYAGRAJ D/S (SANGAM), U.P.",8.5,8.15,3.8
2017,3,March,1,Uttar Pradesh,1049,"RIVER GANGA AT PRAYAGRAJ D/S (SANGAM), U.P.",8.3,8.13,3.7
2017,4,April,1,Uttar Pradesh,1049,"RIVER GANGA AT PRAYAGRAJ D/S (SANGAM), U.P.",8.5,8.1,3.8
2017,5,May,1,Uttar Pradesh,1049,"RIVER GANGA AT PRAYAGRAJ D/S (SANGAM), U.P.",8.3,8.03,4.0
2017,6,June,1,Uttar Pradesh,1049,"RIVER GANGA AT PRAYAGRAJ D/S (SANGAM), U.P.",8.0,8.16,4.1
2017,8,August,1,Uttar Pradesh,1049,"RIVER GANGA AT PRAYAGRAJ D/S (SANGAM), U.P.",7.7,7.82,4.5
2017,10,October,1,Uttar Pradesh,1049,"RIVER GANGA AT PRAYAGRAJ D/S (SANGAM), U.P.",7.3,7.78,5.0
2017,11,November,1,Uttar Pradesh,1049,"RIVER GANGA AT PRAYAGRAJ D/S (SANGAM), U.P.",7.6,7.52,5.5
2017,12,December,1,Uttar Pradesh,1049,"RIVER GANGA AT PRAYAGRAJ D/S (SANGAM), U.P.",7.4,7.88,5.4
2018,1,January,1,Uttar Pradesh,1049,"RIVER GANGA AT PRAYAGRAJ D/S (SANGAM), U.P.",9.4,8.37,4.6
2018,2,February,1,Uttar Pradesh,1049,"RIVER GANGA AT PRAYAGRAJ D/S (SANGAM), U.P.",9.0,8.26,4.0
2018,3,March,1,Uttar Pradesh,1049,"RIVER GANGA AT PRAYAGRAJ D/S (SANGAM), U.P.",9.1,8.16,3.5
2018,4,April,1,Uttar Pradesh,1049,"RIVER GANGA AT PRAYAGRAJ D/S (SANGAM), U.P.",9.8,8.08,3.6
2018,5,May,1,Uttar Pradesh,1049,"RIVER GANGA AT PRAYAGRAJ D/S (SANGAM), U.P.",9.3,7.97,3.8
2018,6,June,1,Uttar Pradesh,1049,"RIVER GANGA AT PRAYAGRAJ D/S (SANGAM), U.P.",8.3,8.27,3.6
2018,7,July,1,Uttar Pradesh,1049,"RIVER GANGA AT PRAYAGRAJ D/S (SANGAM), U.P.",8.5,8.29,3.8
2018,8,August,1,Uttar Pradesh,1049,"RIVER GANGA AT PRAYAGRAJ D/S (SANGAM), U.P.",7.4,7.91,2.8
2018,9,September,1,Uttar Pradesh,1049,"RIVER GANGA AT PRAYAGRAJ D/S (SANGAM), U.P.",7.3,7.55,2.7
2018,10,October,1,Uttar Pradesh,1049,"RIVER GANGA AT PRAYAGRAJ D/S (SANGAM), U.P.",7.5,7.49,3.4
2018,11,November,1,Uttar Pradesh,1049,"RIVER GANGA AT PRAYAGRAJ D/S (SANGAM), U.P.",7.7,7.56,3.6
2019,1,January,1,Uttar Pradesh,1049,"RIVER GANGA AT PRAYAGRAJ D/S (SANGAM), U.P.",10.9,8.2,2.8
2019,2,February,1,Uttar Pradesh,1049,"RIVER GANGA AT PRAYAGRAJ D/S (SANGAM), U.P.",6.8,8.3,3.4
2019,3,March,1,Uttar Pradesh,1049,"RIVER GANGA AT PRAYAGRAJ D/S (SANGAM), U.P.",7.2,8.2,3.3
2019,4,April,1,Uttar Pradesh,1049,"RIVER GANGA AT PRAYAGRAJ D/S (SANGAM), U.P.",7.5,8.3,2.9
2019,5,May,1,Uttar Pradesh,1049,"RIVER GANGA AT PRAYAGRAJ D/S (SANGAM), U.P.",7.8,8.1,3.3
2019,6,June,1,Uttar Pradesh,1049,"RIVER GANGA AT PRAYAGRAJ D/S (SANGAM), U.P.",8.0,7.8,3.0
2019,7,July,1,Uttar Pradesh,1049,"RIVER GANGA AT PRAYAGRAJ D/S (SANGAM), U.P.",8.1,8.2,2.7
2019,8,August,1,Uttar Pradesh,1049,"RIVER GANGA AT PRAYAGRAJ D/S (SANGAM), U.P.",8.3,8.1,2.4
2019,9,September,1,Uttar Pradesh,1049,"RIVER GANGA AT PRAYAGRAJ D/S (SANGAM), U.P.",9.8,7.9,2.3
2021,1,January,1,Uttar Pradesh,1049,"RIVER GANGA AT PRAYAGRAJ D/S (SANGAM), U.P.",8.8,8.09,2.6
2021,1,January,2,Uttar Pradesh,1049,"RIVER GANGA AT PRAYAGRAJ D/S (SANGAM), U.P.",9.1,8.1,2.0
2021,2,February,1,Uttar Pradesh,1049,"RIVER GANGA AT PRAYAGRAJ D/S (SANGAM), U.P.",8.0,8.31,2.6
2021,2,February,2,Uttar Pradesh,1049,"RIVER GANGA AT PRAYAGRAJ D/S (SANGAM), U.P.",8.8,7.56,2.5
2021,3,March,1,Uttar Pradesh,1049,"RIVER GANGA AT PRAYAGRAJ D/S (SANGAM), U.P.",8.0,7.58,2.7
2021,3,March,2,Uttar Pradesh,1049,"RIVER GANGA AT PRAYAGRAJ D/S (SANGAM), U.P.",8.2,7.88,2.8
2021,4,April,1,Uttar Pradesh,1049,"RIVER GANGA AT PRAYAGRAJ D/S (SANGAM), U.P.",7.8,8.34,2.7
2021,4,April,2,Uttar Pradesh,1049,"RIVER GANGA AT PRAYAGRAJ D/S (SANGAM), U.P.",8.5,8.11,2.7
2021,5,May,1,Uttar Pradesh,1049,"RIVER GANGA AT PRAYAGRAJ D/S (SANGAM), U.P.",7.2,8.47,2.8
2021,5,May,2,Uttar Pradesh,1049,"RIVER GANGA AT PRAYAGRAJ D/S (SANGAM), U.P.",7.4,8.27,2.6
2021,6,June,1,Uttar Pradesh,1049,"RIVER GANGA AT PRAYAGRAJ D/S (SANGAM), U.P.",8.3,8.21,2.8
2021,6,June,2,Uttar Pradesh,1049,"RIVER GANGA AT PRAYAGRAJ D/S (SANGAM), U.P.",8.4,8.31,2.9
2021,7,July,1,Uttar Pradesh,1049,"RIVER GANGA AT PRAYAGRAJ D/S (SANGAM), U.P.",8.0,8.27,2.7
2021,7,July,2,Uttar Pradesh,1049,"RIVER GANGA AT PRAYAGRAJ D/S (SANGAM), U.P.",8.5,8.04,2.6
2021,8,August,1,Uttar Pradesh,1049,"RIVER GANGA AT PRAYAGRAJ D/S (SANGAM), U.P.",8.1,7.76,2.8
2021,8,August,2,Uttar Pradesh,1049,"RIVER GANGA AT PRAYAGRAJ D/S (SANGAM), U.P.",8.7,8.18,2.7
2021,9,September,1,Uttar Pradesh,1049,"RIVER GANGA AT PRAYAGRAJ D/S (SANGAM), U.P.",7.9,8.1,2.6
2021,9,September,2,Uttar Pradesh,1049,"RIVER GANGA AT PRAYAGRAJ D/S (SANGAM), U.P.",8.3,8.12,2.6
2021,10,October,1,Uttar Pradesh,1049,"RIVER GANGA AT PRAYAGRAJ D/S (SANGAM), U.P.",8.1,8.39,2.8
2021,10,October,2,Uttar Pradesh,1049,"RIVER GANGA AT PRAYAGRAJ D/S (SANGAM), U.P.",8.1,8.29,2.8
2021,11,November,1,Uttar Pradesh,1049,"RIVER GANGA AT PRAYAGRAJ D/S (SANGAM), U.P.",8.4,8.17,2.7
2021,11,November,2,Uttar Pradesh,1049,"RIVER GANGA AT PRAYAGRAJ D/S (SANGAM), U.P.",9.9,8.37,2.7
2021,12,December,1,Uttar Pradesh,1049,"RIVER GANGA AT PRAYAGRAJ D/S (SANGAM), U.P.",8.3,8.32,2.9
2021,12,December,2,Uttar Pradesh,1049,"RIVER GANGA AT PRAYAGRAJ D/S (SANGAM), U.P.",9.1,8.33,2.6
2023,1,January,1,Uttar Pradesh,1049,"RIVER GANGA AT PRAYAGRAJ D/S (SANGAM), U.P.",8.6,8.18,2.6
2023,1,January,2,Uttar Pradesh,1049,"RIVER GANGA AT PRAYAGRAJ D/S (SANGAM), U.P.",9.1,8.13,2.9
2023,2,February,1,Uttar Pradesh,1049,"RIVER GANGA AT PRAYAGRAJ D/S (SANGAM), U.P.",8.7,8.32,2.8
2023,2,February,2,Uttar Pradesh,1049,"RIVER GANGA AT PRAYAGRAJ D/S (SANGAM), U.P.",8.9,8.12,2.7
2023,3,March,1,Uttar Pradesh,1049,"RIVER GANGA AT PRAYAGRAJ D/S (SANGAM), U.P.",8.1,8.22,2.8
2023,3,March,2,Uttar Pradesh,1049,"RIVER GANGA AT PRAYAGRAJ D/S (SANGAM), U.P.",8.3,8.11,2.8
2023,4,April,1,Uttar Pradesh,1049,"RIVER GANGA AT PRAYAGRAJ D/S (SANGAM), U.P.",8.7,8.38,2.9
2023,4,April,2,Uttar Pradesh,1049,"RIVER GANGA AT PRAYAGRAJ D/S (SANGAM), U.P.",8.8,8.36,2.8
2023,5,May,1,Uttar Pradesh,1049,"RIVER GANGA AT PRAYAGRAJ D/S (SANGAM), U.P.",8.1,8.25,2.8
2023,5,May,2,Uttar Pradesh,1049,"RIVER GANGA AT PRAYAGRAJ D/S (SANGAM), U.P.",8.1,8.24,2.8
2023,6,June,1,Uttar Pradesh,1049,"RIVER GANGA AT PRAYAGRAJ D/S (SANGAM), U.P.",8.1,8.11,2.7
2023,6,June,2,Uttar Pradesh,1049,"RIVER GANGA AT PRAYAGRAJ D/S (SANGAM), U.P.",8.1,8.14,2.8
2023,7,July,1,Uttar Pradesh,1049,"RIVER GANGA AT PRAYAGRAJ D/S (SANGAM), U.P.",7.8,8.31,2.6
2023,7,July,2,Uttar Pradesh,1049,"RIVER GANGA AT PRAYAGRAJ D/S (SANGAM), U.P.",7.9,8.12,3.0
2023,8,August,1,Uttar Pradesh,1049,"RIVER GANGA AT PRAYAGRAJ D/S (SANGAM), U.P.",7.1,7.76,2.9
2023,8,August,2,Uttar Pradesh,1049,"RIVER GANGA AT PRAYAGRAJ D/S (SANGAM), U.P.",8.3,7.91,2.8
2023,9,September,1,Uttar Pradesh,1049,"RIVER GANGA AT PRAYAGRAJ D/S (SANGAM), U.P.",7.1,7.98,2.8
2023,9,September,2,Uttar Pradesh,1049,"RIVER GANGA AT PRAYAGRAJ D/S (SANGAM), U.P.",7.2,8.06,2.8
2023,10,October,1,Uttar Pradesh,1049,"RIVER GANGA AT PRAYAGRAJ D/S (SANGAM), U.P.",7.7,8.37,2.6
2023,10,October,2,Uttar Pradesh,1049,"RIVER GANGA AT PRAYAGRAJ D/S (SANGAM), U.P.",7.8,7.98,2.8
2023,11,November,1,Uttar Pradesh,1049,"RIVER GANGA AT PRAYAGRAJ D/S (SANGAM), U.P.",7.9,7.81,2.9
2023,11,November,2,Uttar Pradesh,1049,"RIVER GANGA AT PRAYAGRAJ D/S (SANGAM), U.P.",8.3,8.29,2.7
2023,12,December,1,Uttar Pradesh,1049,"RIVER GANGA AT PRAYAGRAJ D/S (SANGAM), U.P.",8.6,8.36,2.7
2023,12,December,2,Uttar Pradesh,1049,"RIVER GANGA AT PRAYAGRAJ D/S (SANGAM), U.P.",8.8,8.36,2.8
2024,1,January,1,Uttar Pradesh,1049,PRAYAGRAJ D/S (SANGAM),8.8,8.12,2.8
2024,1,January,2,Uttar Pradesh,1049,PRAYAGRAJ D/S (SANGAM),12.3,8.23,2.8
2024,2,February,1,Uttar Pradesh,1049,PRAYAGRAJ D/S (SANGAM),11.1,8.03,2.6
2024,2,February,2,Uttar Pradesh,1049,PRAYAGRAJ D/S (SANGAM),8.9,8.13,2.8
2024,3,March,1,Uttar Pradesh,1049,PRAYAGRAJ D/S (SANGAM),8.1,8.36,2.8
2024,3,March,2,Uttar Pradesh,1049,PRAYAGRAJ D/S (SANGAM),7.8,8.34,2.8
2024,4,April,1,Uttar Pradesh,1049,PRAYAGRAJ D/S (SANGAM),8.5,8.17,2.8
2024,4,April,2,Uttar Pradesh,1049,PRAYAGRAJ D/S (SANGAM),8.6,8.09,2.8
2024,5,May,1,Uttar Pradesh,1049,PRAYAGRAJ D/S (SANGAM),8.7,8.27,2.8
2024,5,May,2,Uttar Pradesh,1049,PRAYAGRAJ D/S (SANGAM),8.7,8.27,2.8
2024,6,June,1,Uttar Pradesh,1049,PRAYAGRAJ D/S (SANGAM),8.6,8.16,2.8
2024,6,June,2,Uttar Pradesh,1049,PRAYAGRAJ D/S (SANGAM),8.6,8.16,2.8
2024,7,July,1,Uttar Pradesh,1049,PRAYAGRAJ D/S (SANGAM),8.2,8.28,2.6
2024,7,July,2,Uttar Pradesh,1049,PRAYAGRAJ D/S (SANGAM),8.4,8.02,2.9
2024,8,August,1,Uttar Pradesh,1049,PRAYAGRAJ D/S (SANGAM),8.0,7.89,2.5
2024,8,August,2,Uttar Pradesh,1049,PRAYAGRAJ D/S (SANGAM),8.4,8.0,2.5
2024,9,September,1,Uttar Pradesh,1049,PRAYAGRAJ D/S (SANGAM),8.1,7.96,2.5
2024,9,September,2,Uttar Pradesh,1049,PRAYAGRAJ D/S (SANGAM),7.8,7.92,2.6
2024,10,October,1,Uttar Pradesh,1049,PRAYAGRAJ D/S (SANGAM),8.0,8.11,2.8
2024,10,October,2,Uttar Pradesh,1049,PRAYAGRAJ D/S (SANGAM),7.9,7.88,2.7
2024,11,November,1,Uttar Pradesh,1049,PRAYAGRAJ D/S (SANGAM),8.0,7.92,3.1
2024,11,November,2,Uttar Pradesh,1049,PRAYAGRAJ D/S (SANGAM),7.5,7.64,3.4
2024,12,December,1,Uttar Pradesh,1049,PRAYAGRAJ D/S (SANGAM),7.7,7.75,3.3
2024,12,December,2,Uttar Pradesh,1049,PRAYAGRAJ D/S (SANGAM),7.9,7.75,3.4
2018,1,January,1,Jharkhand,1059,"GANGA AT RAJMAHAL, BIHAR",8.2,7.6,2.6
2018,2,February,1,Jharkhand,1059,"GANGA AT RAJMAHAL, BIHAR",7.8,8.0,2.8
2018,3,March,1,Jharkhand,1059,"GANGA AT RAJMAHAL, BIHAR",8.2,7.8,2.6
2018,4,April,1,Jharkhand,1059,"GANGA AT RAJMAHAL, BIHAR",8.0,7.8,2.4
2018,5,May,1,Jharkhand,1059,"GANGA AT RAJMAHAL, BIHAR",8.2,7.8,2.6
2018,6,June,1,Jharkhand,1059,"GANGA AT RAJMAHAL, BIHAR",8.4,8.0,2.4
2018,7,July,1,Jharkhand,1059,"GANGA AT RAJMAHAL, BIHAR",7.8,8.2,2.6
2018,8,August,1,Jharkhand,1059,"GANGA AT RAJMAHAL, BIHAR",8.0,8.2,2.4
2018,9,September,1,Jharkhand,1059,"GANGA AT RAJMAHAL, BIHAR",8.0,8.2,2.4
2018,10,October,1,Jharkhand,1059,"GANGA AT RAJMAHAL, BIHAR",8.4,8.2,2.6
2018,12,December,1,Jharkhand,1059,"GANGA AT RAJMAHAL, BIHAR",8.8,8.3,2.6
2019,1,January,1,Jharkhand,1059,"GANGA AT RAJMAHAL, BIHAR",8.6,8.2,2.8
2019,2,February,1,Jharkhand,1059,"GANGA AT RAJMAHAL, BIHAR",8.4,8.4,2.6
2019,3,March,1,Jharkhand,1059,"GANGA AT RAJMAHAL, BIHAR",8.4,8.2,2.6
2019,4,April,1,Jharkhand,1059,"GANGA AT RAJMAHAL, BIHAR",8.0,8.2,2.4
2019,5,May,1,Jharkhand,1059,"GANGA AT RAJMAHAL, BIHAR",8.4,8.2,2.4
2019,7,July,1,Jharkhand,1059,"GANGA AT RAJMAHAL, BIHAR",8.5,8.6,2.6
2019,8,August,1,Jharkhand,1059,"GANGA AT RAJMAHAL, BIHAR",8.6,8.5,2.4
2019,9,September,1,Jharkhand,1059,"GANGA AT RAJMAHAL, BIHAR",8.4,8.5,2.8
2020,1,January,1,Jharkhand,1059,"GANGA AT RAJMAHAL, BIHAR",8.4,8.2,2.6
2020,1,January,2,Jharkhand,1059,"GANGA AT RAJMAHAL, BIHAR",8.6,8.3,2.4
2020,2,February,1,Jharkhand,1059,"GANGA AT RAJMAHAL, BIHAR",8.6,8.5,2.4
2020,2,February,2,Jharkhand,1059,"GANGA AT RAJMAHAL, BIHAR",8.2,8.1,2.6
2020,3,March,1,Jharkhand,1059,"GANGA AT RAJMAHAL, BIHAR",8.6,8.2,2.6
2020,3,March,2,Jharkhand,1059,"GANGA AT RAJMAHAL, BIHAR",8.6,8.2,2.6
2020,4,April,1,Jharkhand,1059,"GANGA AT RAJMAHAL, BIHAR",9.5,7.1,1.5
2020,4,April,2,Jharkhand,1059,"GANGA AT RAJMAHAL, BIHAR",10.5,7.0,1.5
2020,5,May,1,Jharkhand,1059,"GANGA AT RAJMAHAL, BIHAR",9.6,7.1,1.6
2020,5,May,2,Jharkhand,1059,"GANGA AT RAJMAHAL, BIHAR",10.5,7.0,1.6
2020,6,June,1,Jharkhand,1059,"GANGA AT RAJMAHAL, BIHAR",9.5,7.2,1.7
2020,7,July,1,Jharkhand,1059,"GANGA AT RAJMAHAL, BIHAR",8.6,7.2,1.8
2020,9,September,1,Jharkhand,1059,"GANGA AT RAJMAHAL, BIHAR",8.4,7.6,1.4
2020,9,September,2,Jharkhand,1059,"GANGA AT RAJMAHAL, BIHAR",8.6,7.8,1.6
2020,10,October,1,Jharkhand,1059,"GANGA AT RAJMAHAL, BIHAR",8.2,7.8,1.4
2020,11,November,2,Jharkhand,1059,"GANGA AT RAJMAHAL, BIHAR",8.1,7.8,2.8
2020,12,December,1,Jharkhand,1059,"GANGA AT RAJMAHAL, BIHAR",8.2,7.8,1.4
2021,1,January,1,Jharkhand,1059,"GANGA AT RAJMAHAL, BIHAR",7.8,7.6,1.4
2021,1,January,2,Jharkhand,1059,"GANGA AT RAJMAHAL, BIHAR",7.8,7.6,1.2
2021,2,February,1,Jharkhand,1059,"GANGA AT RAJMAHAL, BIHAR",7.7,7.5,1.3
2021,3,March,1,Jharkhand,1059,"GANGA AT RAJMAHAL, BIHAR",7.4,7.5,1.3
2021,4,April,1,Jharkhand,1059,"GANGA AT RAJMAHAL, BIHAR",7.8,7.6,1.2
2021,4,April,2,Jharkhand,1059,"GANGA AT RAJMAHAL, BIHAR",7.6,7.5,1.3
2021,7,July,1,Jharkhand,1059,"GANGA AT RAJMAHAL, BIHAR",7.6,7.5,1.4
2021,7,July,2,Jharkhand,1059,"GANGA AT RAJMAHAL, BIHAR",7.8,7.6,1.6
2021,8,August,1,Jharkhand,1059,"GANGA AT RAJMAHAL, BIHAR",6.5,7.5,1.4
2021,8,August,2,Jharkhand,1059,"GANGA AT RAJMAHAL, BIHAR",6.8,7.5,1.2
2021,9,September,1,Jharkhand,1059,"GANGA AT RAJMAHAL, BIHAR",6.8,7.6,1.2
2021,9,September,2,Jharkhand,1059,"GANGA AT RAJMAHAL, BIHAR",6.8,7.5,1.4
2022,1,January,1,Jharkhand,1059,"GANGA AT RAJMAHAL, BIHAR",6.8,7.6,1.4
2022,1,January,2,Jharkhand,1059,"GANGA AT RAJMAHAL, BIHAR",6.9,7.6,1.4
2022,2,February,1,Jharkhand,1059,"GANGA AT RAJMAHAL, BIHAR",6.6,7.6,1.4
2022,2,February,2,Jharkhand,1059,"GANGA AT RAJMAHAL, BIHAR",6.8,7.6,1.2
2022,3,March,1,Jharkhand,1059,"GANGA AT RAJMAHAL, BIHAR",7.2,7.5,1.2
2022,3,March,2,Jharkhand,1059,"GANGA AT RAJMAHAL, BIHAR",6.8,7.5,1.3
2022,4,April,1,Jharkhand,1059,"GANGA AT RAJMAHAL, BIHAR",6.9,7.5,1.2
2022,4,April,2,Jharkhand,1059,"GANGA AT RAJMAHAL, BIHAR",7.0,7.6,1.2
2022,5,May,1,Jharkhand,1059,"GANGA AT RAJMAHAL, BIHAR",7.2,7.5,1.2
2022,5,May,2,Jharkhand,1059,"GANGA AT RAJMAHAL, BIHAR",7.2,7.5,1.1
2022,6,June,1,Jharkhand,1059,"GANGA AT RAJMAHAL, BIHAR",7.2,7.5,1.3
2022,6,June,2,Jharkhand,1059,"GANGA AT RAJMAHAL, BIHAR",7.2,7.5,1.2
2022,7,July,1,Jharkhand,1059,"GANGA AT RAJMAHAL, BIHAR",7.3,7.5,1.3
2022,7,July,2,Jharkhand,1059,"GANGA AT RAJMAHAL, BIHAR",7.2,7.5,1.2
2022,8,August,1,Jharkhand,1059,"GANGA AT RAJMAHAL, BIHAR",7.2,7.5,1.2
2022,8,August,2,Jharkhand,1059,"GANGA AT RAJMAHAL, BIHAR",6.7,7.5,1.3
2022,9,September,1,Jharkhand,1059,"GANGA AT RAJMAHAL, BIHAR",7.2,7.5,1.2
2022,9,September,2,Jharkhand,1059,"GANGA AT RAJMAHAL, BIHAR",6.8,7.5,1.3
2022,10,October,1,Jharkhand,1059,"GANGA AT RAJMAHAL, BIHAR",7.2,7.5,1.3
2022,10,October,2,Jharkhand,1059,"GANGA AT RAJMAHAL, BIHAR",6.9,7.6,1.2
2022,11,November,1,Jharkhand,1059,"GANGA AT RAJMAHAL, BIHAR",7.2,7.5,1.1
2022,11,November,2,Jharkhand,1059,"GANGA AT RAJMAHAL, BIHAR",7.0,7.5,1.2
2022,12,December,1,Jharkhand,1059,"GANGA AT RAJMAHAL, BIHAR",7.2,7.5,1.1
2022,12,December,2,Jharkhand,1059,"GANGA AT RAJMAHAL, BIHAR",7.2,7.6,1.1
2023,1,January,1,Jharkhand,1059,"GANGA AT RAJMAHAL, BIHAR",7.2,7.5,1.1
2023,1,January,2,Jharkhand,1059,"GANGA AT RAJMAHAL, BIHAR",7.3,7.6,1.1
2023,2,February,1,Jharkhand,1059,"GANGA AT RAJMAHAL, BIHAR",6.9,7.5,1.1
2023,2,February,2,Jharkhand,1059,"GANGA AT RAJMAHAL, BIHAR",6.7,7.5,1.2
2023,3,March,1,Jharkhand,1059,"GANGA AT RAJMAHAL, BIHAR",7.3,7.5,1.1
2023,3,March,2,Jharkhand,1059,"GANGA AT RAJMAHAL, BIHAR",7.2,7.5,1.2
2023,4,April,1,Jharkhand,1059,"GANGA AT RAJMAHAL, BIHAR",7.2,7.6,1.1
2023,4,April,2,Jharkhand,1059,"GANGA AT RAJMAHAL, BIHAR",7.2,7.5,1.1
2023,5,May,1,Jharkhand,1059,"GANGA AT RAJMAHAL, BIHAR",7.2,7.5,1.2
2023,5,May,2,Jharkhand,1059,"GANGA AT RAJMAHAL, BIHAR",7.2,7.5,1.1
2023,6,June,1,Jharkhand,1059,"GANGA AT RAJMAHAL, BIHAR",7.2,7.5,1.2
2023,6,June,2,Jharkhand,1059,"GANGA AT RAJMAHAL, BIHAR",7.2,7.5,1.4
2023,7,July,1,Jharkhand,1059,"GANGA AT RAJMAHAL, BIHAR",7.3,7.5,1.3
2023,7,July,2,Jharkhand,1059,"GANGA AT RAJMAHAL, BIHAR",7.2,7.6,1.2
2023,8,August,1,Jharkhand,1059,"GANGA AT RAJMAHAL, BIHAR",7.2,7.7,1.4
2023,8,August,2,Jharkhand,1059,"GANGA AT RAJMAHAL, BIHAR",7.2,7.5,1.3
2023,9,September,1,Jharkhand,1059,"GANGA AT RAJMAHAL, BIHAR",7.2,7.6,1.2
2023,9,September,2,Jharkhand,1059,"GANGA AT RAJMAHAL, BIHAR",6.9,7.5,1.4
2023,10,October,1,Jharkhand,1059,"GANGA AT RAJMAHAL, BIHAR",7.2,7.6,1.2
2023,10,October,2,Jharkhand,1059,"GANGA AT RAJMAHAL, BIHAR",7.2,7.5,1.2
2023,11,November,1,Jharkhand,1059,"GANGA AT RAJMAHAL, BIHAR",7.2,7.5,1.3
2023,11,November,2,Jharkhand,1059,"GANGA AT RAJMAHAL, BIHAR",7.3,7.5,1.2
2023,12,December,1,Jharkhand,1059,"GANGA AT RAJMAHAL, BIHAR",7.1,7.3,1.2
2023,12,December,2,Jharkhand,1059,"GANGA AT RAJMAHAL, BIHAR",7.2,7.5,1.1
2024,1,January,1,Jharkhand,1059,RAJMAHAL,7.2,7.4,1.1
2024,1,January,2,Jharkhand,1059,RAJMAHAL,7.2,7.7,1.2
2024,2,February,1,Jharkhand,1059,RAJMAHAL,7.2,7.5,1.1
2024,2,February,2,Jharkhand,1059,RAJMAHAL,7.6,7.5,1.2
2024,3,March,1,Jharkhand,1059,RAJMAHAL,7.5,7.7,1.1
2024,3,March,2,Jharkhand,1059,RAJMAHAL,7.5,7.5,1.1
2024,4,April,1,Jharkhand,1059,RAJMAHAL,7.3,7.5,1.2
2024,4,April,2,Jharkhand,1059,RAJMAHAL,7.2,7.4,1.1
2024,5,May,1,Jharkhand,1059,RAJMAHAL,7.4,7.5,1.3
2024,5,May,2,Jharkhand,1059,RAJMAHAL,8.2,7.5,1.1
2024,6,June,1,Jharkhand,1059,RAJMAHAL,7.3,7.5,1.2
2024,6,June,2,Jharkhand,1059,RAJMAHAL,7.6,7.5,1.1
2024,7,July,1,Jharkhand,1059,RAJMAHAL,7.3,7.6,1.3
2024,7,July,2,Jharkhand,1059,RAJMAHAL,8.2,7.6,1.3
2024,8,August,1,Jharkhand,1059,RAJMAHAL,7.5,7.5,1.2
2024,8,August,2,Jharkhand,1059,RAJMAHAL,8.1,7.5,1.3
2024,9,September,1,Jharkhand,1059,RAJMAHAL,7.2,7.7,1.2
2024,9,September,2,Jharkhand,1059,RAJMAHAL,7.2,7.5,1.2
2024,10,October,1,Jharkhand,1059,RAJMAHAL,7.1,7.7,1.1
2024,10,October,2,Jharkhand,1059,RAJMAHAL,7.2,7.5,1.1
2024,11,November,1,Jharkhand,1059,RAJMAHAL,7.3,7.5,1.2
2024,11,November,2,Jharkhand,1059,RAJMAHAL,8.0,7.6,1.1
2024,12,December,1,Jharkhand,1059,RAJMAHAL,8.1,7.4,1.1
2024,12,December,2,Jharkhand,1059,RAJMAHAL,8.0,7.5,1.2
2014,2,February,1,Uttarakhand,1060,"GANGA AT RISHIKESH U/S,",8.2,7.69,1.1
2014,3,March,1,Uttarakhand,1060,"GANGA AT RISHIKESH U/S,",7.4,7.86,1.2
2014,4,April,1,Uttarakhand,1060,"GANGA AT RISHIKESH U/S,",8.4,7.97,1.0
2014,5,May,1,Uttarakhand,1060,"GANGA AT RISHIKESH U/S,",8.8,7.86,1.4
2014,6,June,1,Uttarakhand,1060,"GANGA AT RISHIKESH U/S,",8.6,7.93,1.2
2014,10,October,1,Uttarakhand,1060,"GANGA AT RISHIKESH U/S,",8.8,7.47,1.0
2016,1,January,1,Uttarakhand,1060,"GANGA AT RISHIKESH U/S,",9.6,7.42,1.0
2016,2,February,1,Uttarakhand,1060,"GANGA AT RISHIKESH U/S,",10.4,7.82,1.0
2016,3,March,1,Uttarakhand,1060,"GANGA AT RISHIKESH U/S,",10.6,7.32,1.0
2016,4,April,1,Uttarakhand,1060,"GANGA AT RISHIKESH U/S,",9.6,7.42,1.0
2016,5,May,1,Uttarakhand,1060,"GANGA AT RISHIKESH U/S,",9.4,7.64,1.0
2016,6,June,1,Uttarakhand,1060,"GANGA AT RISHIKESH U/S,",9.8,7.34,1.0
2016,7,July,1,Uttarakhand,1060,"GANGA AT RISHIKESH U/S,",9.2,7.64,1.0
2016,8,August,1,Uttarakhand,1060,"GANGA AT RISHIKESH U/S,",9.4,7.51,1.0
2016,9,September,1,Uttarakhand,1060,"GANGA AT RISHIKESH U/S,",10.2,7.32,1.0
2016,10,October,1,Uttarakhand,1060,"GANGA AT RISHIKESH U/S,",9.6,7.32,1.0
2016,12,December,1,Uttarakhand,1060,"GANGA AT RISHIKESH U/S,",9.8,7.23,1.0
2017,1,January,1,Uttarakhand,1060,"GANGA AT RISHIKESH U/S,",10.4,7.42,1.0
2017,2,February,1,Uttarakhand,1060,"GANGA AT RISHIKESH U/S,",10.4,7.19,1.0
2017,3,March,1,Uttarakhand,1060,"GANGA AT RISHIKESH U/S,",10.6,7.36,1.0
2017,4,April,1,Uttarakhand,1060,"GANGA AT RISHIKESH U/S,",9.8,7.61,1.0
2017,5,May,1,Uttarakhand,1060,"GANGA AT RISHIKESH U/S,",10.3,7.02,1.0
2017,6,June,1,Uttarakhand,1060,"GANGA AT RISHIKESH U/S,",10.3,7.18,1.0
2017,7,July,1,Uttarakhand,1060,"GANGA AT RISHIKESH U/S,",9.6,7.45,1.0
2017,8,August,1,Uttarakhand,1060,"GANGA AT RISHIKESH U/S,",9.8,7.56,1.0
2017,9,September,1,Uttarakhand,1060,"GANGA AT RISHIKESH U/S,",9.6,7.48,1.0
2017,10,October,1,Uttarakhand,1060,"GANGA AT RISHIKESH U/S,",9.8,7.84,1.0
2017,11,November,1,Uttarakhand,1060,"GANGA AT RISHIKESH U/S,",9.8,7.64,1.0
2018,1,January,1,Uttarakhand,1060,"GANGA AT RISHIKESH U/S,",9.8,7.38,1.0
2018,2,February,1,Uttarakhand,1060,"GANGA AT RISHIKESH U/S,",10.2,7.82,1.0
2018,3,March,1,Uttarakhand,1060,"GANGA AT RISHIKESH U/S,",10.4,7.32,1.0
2018,4,April,1,Uttarakhand,1060,"GANGA AT RISHIKESH U/S,",9.8,7.48,1.0
2018,5,May,1,Uttarakhand,1060,"GANGA AT RISHIKESH U/S,",10.2,7.5,1.0
2018,6,June,1,Uttarakhand,1060,"GANGA AT RISHIKESH U/S,",9.8,7.5,1.0
2018,7,July,1,Uttarakhand,1060,"GANGA AT RISHIKESH U/S,",10.0,7.4,1.0
2018,8,August,1,Uttarakhand,1060,"GANGA AT RISHIKESH U/S,",9.8,7.45,1.0
2018,9,September,1,Uttarakhand,1060,"GANGA AT RISHIKESH U/S,",9.6,7.56,1.0
2019,1,January,1,Uttarakhand,1060,"GANGA AT RISHIKESH U/S,",10.4,8.0,1.0
2019,2,February,1,Uttarakhand,1060,"GANGA AT RISHIKESH U/S,",10.0,7.4,1.0
2019,3,March,1,Uttarakhand,1060,"GANGA AT RISHIKESH U/S,",9.8,7.4,1.0
2019,4,April,1,Uttarakhand,1060,"GANGA AT RISHIKESH U/S,",9.8,7.6,1.0
2019,5,May,1,Uttarakhand,1060,"GANGA AT RISHIKESH U/S,",10.2,7.6,1.0
2019,7,July,1,Uttarakhand,1060,"GANGA AT RISHIKESH U/S,",9.8,7.6,1.0
2019,8,August,1,Uttarakhand,1060,"GANGA AT RISHIKESH U/S,",10.2,7.7,1.0
2020,1,January,1,Uttarakhand,1060,"GANGA AT RISHIKESH U/S,",11.0,7.7,1.0
2020,2,February,1,Uttarakhand,1060,"GANGA AT RISHIKESH U/S,",10.8,7.7,1.0
2020,3,March,1,Uttarakhand,1060,"GANGA AT RISHIKESH U/S,",11.6,7.7,1.0
2020,4,April,1,Uttarakhand,1060,"GANGA AT RISHIKESH U/S,",10.6,7.8,0.6
2020,5,May,1,Uttarakhand,1060,"GANGA AT RISHIKESH U/S,",11.0,7.1,0.6
2020,6,June,1,Uttarakhand,1060,"GANGA AT RISHIKESH U/S,",10.6,7.5,0.4
2020,7,July,1,Uttarakhand,1060,"GANGA AT RISHIKESH U/S,",9.8,7.9,1.0
2020,8,August,1,Uttarakhand,1060,"GANGA AT RISHIKESH U/S,",9.4,7.8,1.0
2020,8,August,2,Uttarakhand,1060,"GANGA AT RISHIKESH U/S,",10.0,7.8,1.0
2020,9,September,1,Uttarakhand,1060,"GANGA AT RISHIKESH U/S,",10.8,7.8,1.0
2020,9,September,2,Uttarakhand,1060,"GANGA AT RISHIKESH U/S,",9.2,8.0,1.0
2020,10,October,1,Uttarakhand,1060,"GANGA AT RISHIKESH U/S,",10.2,8.4,1.0
2020,10,October,2,Uttarakhand,1060,"GANGA AT RISHIKESH U/S,",11.6,7.5,1.0
2020,12,December,1,Uttarakhand,1060,"GANGA AT RISHIKESH U/S,",10.8,7.6,1.0
2021,1,January,1,Uttarakhand,1060,"GANGA AT RISHIKESH U/S,",11.0,7.6,1.0
2021,1,January,2,Uttarakhand,1060,"GANGA AT RISHIKESH U/S,",10.4,7.1,1.0
2021,2,February,1,Uttarakhand,1060,"GANGA AT RISHIKESH U/S,",10.2,7.2,1.0
2021,2,February,2,Uttarakhand,1060,"GANGA AT RISHIKESH U/S,",9.8,7.2,1.0
2021,3,March,1,Uttarakhand,1060,"GANGA AT RISHIKESH U/S,",10.4,7.81,1.0
2021,3,March,2,Uttarakhand,1060,"GANGA AT RISHIKESH U/S,",10.2,7.14,1.0
2021,4,April,1,Uttarakhand,1060,"GANGA AT RISHIKESH U/S,",9.6,7.3,1.0
2021,4,April,2,Uttarakhand,1060,"GANGA AT RISHIKESH U/S,",10.0,7.26,1.0
2021,5,May,1,Uttarakhand,1060,"GANGA AT RISHIKESH U/S,",10.0,7.6,1.0
2021,5,May,2,Uttarakhand,1060,"GANGA AT RISHIKESH U/S,",10.2,7.8,1.0
2021,6,June,1,Uttarakhand,1060,"GANGA AT RISHIKESH U/S,",9.2,7.55,1.0
2021,6,June,2,Uttarakhand,1060,"GANGA AT RISHIKESH U/S,",9.8,7.7,1.2
2021,7,July,1,Uttarakhand,1060,"GANGA AT RISHIKESH U/S,",9.8,8.25,1.2
2021,7,July,2,Uttarakhand,1060,"GANGA AT RISHIKESH U/S,",10.0,7.8,1.2
2021,8,August,1,Uttarakhand,1060,"GANGA AT RISHIKESH U/S,",10.4,8.15,1.0
2021,8,August,2,Uttarakhand,1060,"GANGA AT RISHIKESH U/S,",9.8,8.16,1.0
2021,9,September,1,Uttarakhand,1060,"GANGA AT RISHIKESH U/S,",10.0,7.6,1.0
2021,9,September,2,Uttarakhand,1060,"GANGA AT RISHIKESH U/S,",9.8,7.8,1.0
2021,10,October,1,Uttarakhand,1060,"GANGA AT RISHIKESH U/S,",10.4,7.84,1.2
2021,10,October,2,Uttarakhand,1060,"GANGA AT RISHIKESH U/S,",10.2,7.7,1.0
2021,11,November,1,Uttarakhand,1060,"GANGA AT RISHIKESH U/S,",10.0,7.6,1.0
2021,11,November,2,Uttarakhand,1060,"GANGA AT RISHIKESH U/S,",10.4,7.26,1.0
2022,1,January,1,Uttarakhand,1060,"GANGA AT RISHIKESH U/S,",9.8,7.68,1.0
2022,1,January,2,Uttarakhand,1060,"GANGA AT RISHIKESH U/S,",10.0,7.6,1.0
2022,2,February,1,Uttarakhand,1060,"GANGA AT RISHIKESH U/S,",9.8,7.57,1.0
2022,2,February,2,Uttarakhand,1060,"GANGA AT RISHIKESH U/S,",10.0,7.19,1.0
2022,3,March,1,Uttarakhand,1060,"GANGA AT RISHIKESH U/S,",11.0,7.5,1.0
2022,3,March,2,Uttarakhand,1060,"GANGA AT RISHIKESH U/S,",10.8,7.3,1.0
2022,4,April,1,Uttarakhand,1060,"GANGA AT RISHIKESH U/S,",10.4,7.4,1.0
2022,4,April,2,Uttarakhand,1060,"GANGA AT RISHIKESH U/S,",9.8,7.06,1.0
2022,5,May,1,Uttarakhand,1060,"GANGA AT RISHIKESH U/S,",10.4,7.3,1.0
2022,5,May,2,Uttarakhand,1060,"GANGA AT RISHIKESH U/S,",9.8,7.36,1.0
2022,6,June,1,Uttarakhand,1060,"GANGA AT RISHIKESH U/S,",10.2,7.37,1.0
2022,6,June,2,Uttarakhand,1060,"GANGA AT RISHIKESH U/S,",9.8,7.28,1.0
2022,7,July,1,Uttarakhand,1060,"GANGA AT RISHIKESH U/S,",8.2,8.2,1.6
2022,7,July,2,Uttarakhand,1060,"GANGA AT RISHIKESH U/S,",9.8,7.5,1.0
2022,8,August,1,Uttarakhand,1060,"GANGA AT RISHIKESH U/S,",9.6,7.4,1.0
2022,8,August,2,Uttarakhand,1060,"GANGA AT RISHIKESH U/S,",10.0,8.11,1.0
2022,9,September,1,Uttarakhand,1060,"GANGA AT RISHIKESH U/S,",10.0,8.09,1.0
2022,9,September,2,Uttarakhand,1060,"GANGA AT RISHIKESH U/S,",9.8,7.64,1.0
2022,10,October,1,Uttarakhand,1060,"GANGA AT RISHIKESH U/S,",10.0,8.06,1.0
2022,10,October,2,Uttarakhand,1060,"GANGA AT RISHIKESH U/S,",10.6,7.03,1.0
2022,11,November,1,Uttarakhand,1060,"GANGA AT RISHIKESH U/S,",10.4,7.4,1.0
2022,11,November,2,Uttarakhand,1060,"GANGA AT RISHIKESH U/S,",10.6,7.95,1.0
2023,1,January,1,Uttarakhand,1060,"GANGA AT RISHIKESH U/S,",10.8,7.08,1.0
2023,1,January,2,Uttarakhand,1060,"GANGA AT RISHIKESH U/S,",11.0,7.1,1.0
2023,2,February,1,Uttarakhand,1060,"GANGA AT RISHIKESH U/S,",10.4,7.9,1.0
2023,2,February,2,Uttarakhand,1060,"GANGA AT RISHIKESH U/S,",10.6,7.22,1.0
2023,3,March,1,Uttarakhand,1060,"GANGA AT RISHIKESH U/S,",10.6,7.4,1.0
2023,3,March,2,Uttarakhand,1060,"GANGA AT RISHIKESH U/S,",10.8,8.25,1.6
2023,4,April,1,Uttarakhand,1060,"GANGA AT RISHIKESH U/S,",10.6,7.9,1.0
2023,4,April,2,Uttarakhand,1060,"GANGA AT RISHIKESH U/S,",10.4,7.1,1.0
2023,5,May,1,Uttarakhand,1060,"GANGA AT RISHIKESH U/S,",10.0,8.34,1.0
2023,5,May,2,Uttarakhand,1060,"GANGA AT RISHIKESH U/S,",10.2,7.79,1.0
2023,6,June,1,Uttarakhand,1060,"GANGA AT RISHIKESH U/S,",9.8,7.6,1.0
2023,6,June,2,Uttarakhand,1060,"GANGA AT RISHIKESH U/S,",9.6,7.9,1.0
2023,7,July,1,Uttarakhand,1060,"GANGA AT RISHIKESH U/S,",9.8,7.5,1.0
2023,7,July,2,Uttarakhand,1060,"GANGA AT RISHIKESH U/S,",9.6,7.9,1.0
2023,8,August,1,Uttarakhand,1060,"GANGA AT RISHIKESH U/S,",9.8,7.8,1.0
2023,8,August,2,Uttarakhand,1060,"GANGA AT RISHIKESH U/S,",10.0,7.6,1.0
2023,9,September,1,Uttarakhand,1060,"GANGA AT RISHIKESH U/S,",10.0,8.1,1.0
2023,9,September,2,Uttarakhand,1060,"GANGA AT RISHIKESH U/S,",10.2,7.15,1.0
2023,10,October,1,Uttarakhand,1060,"GANGA AT RISHIKESH U/S,",10.4,7.5,1.0
2023,10,October,2,Uttarakhand,1060,"GANGA AT RISHIKESH U/S,",10.2,7.68,1.0
2023,11,November,1,Uttarakhand,1060,"GANGA AT RISHIKESH U/S,",10.4,7.74,1.0
2023,11,November,2,Uttarakhand,1060,"GANGA AT RISHIKESH U/S,",10.4,7.74,1.0
2024,1,January,1,Uttarakhand,1060,U/S RISHIKESH ,10.8,7.8,1.0
2024,1,January,2,Uttarakhand,1060,U/S RISHIKESH ,11.0,7.61,1.0
2024,2,February,1,Uttarakhand,1060,U/S RISHIKESH ,10.6,7.5,1.0
2024,2,February,2,Uttarakhand,1060,U/S RISHIKESH ,10.8,7.61,1.0
2024,3,March,1,Uttarakhand,1060,U/S RISHIKESH ,10.4,7.6,1.0
2024,3,March,2,Uttarakhand,1060,U/S RISHIKESH ,10.6,7.43,1.0
2024,4,April,1,Uttarakhand,1060,U/S RISHIKESH ,10.2,7.97,1.0
2024,4,April,2,Uttarakhand,1060,U/S RISHIKESH ,10.0,7.8,1.0
2024,5,May,1,Uttarakhand,1060,U/S RISHIKESH ,10.0,7.8,1.0
2024,5,May,2,Uttarakhand,1060,U/S RISHIKESH ,9.8,7.63,1.0
2024,6,June,1,Uttarakhand,1060,U/S RISHIKESH ,10.4,7.82,1.0
2024,6,June,2,Uttarakhand,1060,U/S RISHIKESH ,10.0,7.8,1.0
2024,7,July,1,Uttarakhand,1060,U/S RISHIKESH ,10.3,7.89,1.0
2024,7,July,2,Uttarakhand,1060,U/S RISHIKESH ,9.0,7.88,1.0
2024,8,August,1,Uttarakhand,1060,U/S RISHIKESH ,9.8,7.85,1.0
2024,8,August,2,Uttarakhand,1060,U/S RISHIKESH ,9.4,7.65,1.0
2024,9,September,1,Uttarakhand,1060,U/S RISHIKESH ,9.8,7.91,1.0
2024,10,October,1,Uttarakhand,1060,U/S RISHIKESH ,10.2,7.92,1.0
2024,10,October,2,Uttarakhand,1060,U/S RISHIKESH ,10.1,7.94,1.0
2024,11,November,1,Uttarakhand,1060,U/S RISHIKESH ,10.4,8.31,1.0
2024,11,November,2,Uttarakhand,1060,U/S RISHIKESH ,10.2,7.98,1.0
2024,12,December,1,Uttarakhand,1060,U/S RISHIKESH ,10.5,8.14,1.0
2024,12,December,2,Uttarakhand,1060,U/S RISHIKESH ,10.4,8.01,1.0
2014,2,February,1,Uttarakhand,1061,"GANGA AT HARIDWAR D/S, Upper Ganga Cal D/S Balkumari Mandir, Ajeetpur, Haridwar",6.2,7.71,4.8
2014,3,March,1,Uttarakhand,1061,"GANGA AT HARIDWAR D/S, Upper Ganga Cal D/S Balkumari Mandir, Ajeetpur, Haridwar",6.0,7.66,5.2
2014,4,April,1,Uttarakhand,1061,"GANGA AT HARIDWAR D/S, Upper Ganga Cal D/S Balkumari Mandir, Ajeetpur, Haridwar",6.0,7.65,6.8
2014,5,May,1,Uttarakhand,1061,"GANGA AT HARIDWAR D/S, Upper Ganga Cal D/S Balkumari Mandir, Ajeetpur, Haridwar",5.8,7.63,7.2
2014,6,June,1,Uttarakhand,1061,"GANGA AT HARIDWAR D/S, Upper Ganga Cal D/S Balkumari Mandir, Ajeetpur, Haridwar",4.0,6.3,6.0
2014,7,July,1,Uttarakhand,1061,"GANGA AT HARIDWAR D/S, Upper Ganga Cal D/S Balkumari Mandir, Ajeetpur, Haridwar",6.0,7.58,4.4
2016,1,January,1,Uttarakhand,1061,"GANGA AT HARIDWAR D/S, Upper Ganga Cal D/S Balkumari Mandir, Ajeetpur, Haridwar",10.0,7.68,1.2
2016,2,February,1,Uttarakhand,1061,"GANGA AT HARIDWAR D/S, Upper Ganga Cal D/S Balkumari Mandir, Ajeetpur, Haridwar",10.2,7.64,1.0
2016,3,March,1,Uttarakhand,1061,"GANGA AT HARIDWAR D/S, Upper Ganga Cal D/S Balkumari Mandir, Ajeetpur, Haridwar",10.6,7.82,1.2
2016,4,April,1,Uttarakhand,1061,"GANGA AT HARIDWAR D/S, Upper Ganga Cal D/S Balkumari Mandir, Ajeetpur, Haridwar",4.0,6.3,6.4
2016,5,May,1,Uttarakhand,1061,"GANGA AT HARIDWAR D/S, Upper Ganga Cal D/S Balkumari Mandir, Ajeetpur, Haridwar",9.4,7.62,1.2
2016,6,June,1,Uttarakhand,1061,"GANGA AT HARIDWAR D/S, Upper Ganga Cal D/S Balkumari Mandir, Ajeetpur, Haridwar",9.4,7.46,1.0
2016,7,July,1,Uttarakhand,1061,"GANGA AT HARIDWAR D/S, Upper Ganga Cal D/S Balkumari Mandir, Ajeetpur, Haridwar",9.4,7.78,1.0
2016,8,August,1,Uttarakhand,1061,"GANGA AT HARIDWAR D/S, Upper Ganga Cal D/S Balkumari Mandir, Ajeetpur, Haridwar",9.2,7.71,1.0
2016,9,September,1,Uttarakhand,1061,"GANGA AT HARIDWAR D/S, Upper Ganga Cal D/S Balkumari Mandir, Ajeetpur, Haridwar",8.8,7.82,1.0
2016,10,October,1,Uttarakhand,1061,"GANGA AT HARIDWAR D/S, Upper Ganga Cal D/S Balkumari Mandir, Ajeetpur, Haridwar",8.6,7.52,1.0
2016,11,November,1,Uttarakhand,1061,"GANGA AT HARIDWAR D/S, Upper Ganga Cal D/S Balkumari Mandir, Ajeetpur, Haridwar",8.6,7.46,1.0
2018,1,January,1,Uttarakhand,1061,"GANGA AT HARIDWAR D/S, Upper Ganga Cal D/S Balkumari Mandir, Ajeetpur, Haridwar",9.2,7.76,1.0
2018,2,February,1,Uttarakhand,1061,"GANGA AT HARIDWAR D/S, Upper Ganga Cal D/S Balkumari Mandir, Ajeetpur, Haridwar",9.0,7.74,1.0
2018,3,March,1,Uttarakhand,1061,"GANGA AT HARIDWAR D/S, Upper Ganga Cal D/S Balkumari Mandir, Ajeetpur, Haridwar",9.2,7.69,1.2
2018,4,April,1,Uttarakhand,1061,"GANGA AT HARIDWAR D/S, Upper Ganga Cal D/S Balkumari Mandir, Ajeetpur, Haridwar",9.0,7.72,1.0
2018,5,May,1,Uttarakhand,1061,"GANGA AT HARIDWAR D/S, Upper Ganga Cal D/S Balkumari Mandir, Ajeetpur, Haridwar",8.8,7.68,1.2
2018,6,June,1,Uttarakhand,1061,"GANGA AT HARIDWAR D/S, Upper Ganga Cal D/S Balkumari Mandir, Ajeetpur, Haridwar",9.2,7.9,1.0
2018,7,July,1,Uttarakhand,1061,"GANGA AT HARIDWAR D/S, Upper Ganga Cal D/S Balkumari Mandir, Ajeetpur, Haridwar",8.6,7.67,1.0
2018,8,August,1,Uttarakhand,1061,"GANGA AT HARIDWAR D/S, Upper Ganga Cal D/S Balkumari Mandir, Ajeetpur, Haridwar",10.6,8.04,1.2
2018,9,September,1,Uttarakhand,1061,"GANGA AT HARIDWAR D/S, Upper Ganga Cal D/S Balkumari Mandir, Ajeetpur, Haridwar",9.6,8.29,1.0
2018,10,October,1,Uttarakhand,1061,"GANGA AT HARIDWAR D/S, Upper Ganga Cal D/S Balkumari Mandir, Ajeetpur, Haridwar",9.6,8.21,1.0
2019,1,January,1,Uttarakhand,1061,"GANGA AT HARIDWAR D/S, Upper Ganga Cal D/S Balkumari Mandir, Ajeetpur, Haridwar",9.4,7.9,1.0
2019,2,February,1,Uttarakhand,1061,"GANGA AT HARIDWAR D/S, Upper Ganga Cal D/S Balkumari Mandir, Ajeetpur, Haridwar",9.2,7.8,1.0
2019,3,March,1,Uttarakhand,1061,"GANGA AT HARIDWAR D/S, Upper Ganga Cal D/S Balkumari Mandir, Ajeetpur, Haridwar",9.0,7.7,1.0
2019,4,April,1,Uttarakhand,1061,"GANGA AT HARIDWAR D/S, Upper Ganga Cal D/S Balkumari Mandir, Ajeetpur, Haridwar",9.0,7.7,1.0
2019,7,July,1,Uttarakhand,1061,"GANGA AT HARIDWAR D/S, Upper Ganga Cal D/S Balkumari Mandir, Ajeetpur, Haridwar",8.6,7.3,1.0
2020,1,January,1,Uttarakhand,1061,"GANGA AT HARIDWAR D/S, Upper Ganga Cal D/S Balkumari Mandir, Ajeetpur, Haridwar",9.6,7.1,1.0
2020,2,February,1,Uttarakhand,1061,"GANGA AT HARIDWAR D/S, Upper Ganga Cal D/S Balkumari Mandir, Ajeetpur, Haridwar",9.4,7.2,1.0
2020,3,March,1,Uttarakhand,1061,"GANGA AT HARIDWAR D/S, Upper Ganga Cal D/S Balkumari Mandir, Ajeetpur, Haridwar",9.6,7.6,1.2
2020,4,April,1,Uttarakhand,1061,"GANGA AT HARIDWAR D/S, Upper Ganga Cal D/S Balkumari Mandir, Ajeetpur, Haridwar",10.0,7.7,1.0
2020,5,May,1,Uttarakhand,1061,"GANGA AT HARIDWAR D/S, Upper Ganga Cal D/S Balkumari Mandir, Ajeetpur, Haridwar",9.2,8.0,1.2
2020,6,June,1,Uttarakhand,1061,"GANGA AT HARIDWAR D/S, Upper Ganga Cal D/S Balkumari Mandir, Ajeetpur, Haridwar",9.0,7.6,1.4
2020,7,July,1,Uttarakhand,1061,"GANGA AT HARIDWAR D/S, Upper Ganga Cal D/S Balkumari Mandir, Ajeetpur, Haridwar",8.4,7.2,1.2
2020,8,August,1,Uttarakhand,1061,"GANGA AT HARIDWAR D/S, Upper Ganga Cal D/S Balkumari Mandir, Ajeetpur, Haridwar",8.4,7.7,1.4
2020,9,September,1,Uttarakhand,1061,"GANGA AT HARIDWAR D/S, Upper Ganga Cal D/S Balkumari Mandir, Ajeetpur, Haridwar",9.4,8.0,2.2
2020,9,September,2,Uttarakhand,1061,"GANGA AT HARIDWAR D/S, Upper Ganga Cal D/S Balkumari Mandir, Ajeetpur, Haridwar",8.0,8.0,1.6
2020,10,October,1,Uttarakhand,1061,"GANGA AT HARIDWAR D/S, Upper Ganga Cal D/S Balkumari Mandir, Ajeetpur, Haridwar",8.4,7.9,1.2
2020,10,October,2,Uttarakhand,1061,"GANGA AT HARIDWAR D/S, Upper Ganga Cal D/S Balkumari Mandir, Ajeetpur, Haridwar",10.6,7.9,1.0
2020,11,November,1,Uttarakhand,1061,"GANGA AT HARIDWAR D/S, Upper Ganga Cal D/S Balkumari Mandir, Ajeetpur, Haridwar",9.4,7.6,1.2
2020,11,November,2,Uttarakhand,1061,"GANGA AT HARIDWAR D/S, Upper Ganga Cal D/S Balkumari Mandir, Ajeetpur, Haridwar",9.0,8.0,1.2
2021,1,January,1,Uttarakhand,1061,"GANGA AT HARIDWAR D/S, Upper Ganga Cal D/S Balkumari Mandir, Ajeetpur, Haridwar",8.8,7.7,1.6
2021,1,January,2,Uttarakhand,1061,"GANGA AT HARIDWAR D/S, Upper Ganga Cal D/S Balkumari Mandir, Ajeetpur, Haridwar",9.6,7.9,1.4
2021,2,February,1,Uttarakhand,1061,"GANGA AT HARIDWAR D/S, Upper Ganga Cal D/S Balkumari Mandir, Ajeetpur, Haridwar",10.4,7.5,1.4
2021,2,February,2,Uttarakhand,1061,"GANGA AT HARIDWAR D/S, Upper Ganga Cal D/S Balkumari Mandir, Ajeetpur, Haridwar",8.9,7.78,1.8
2021,3,March,1,Uttarakhand,1061,"GANGA AT HARIDWAR D/S, Upper Ganga Cal D/S Balkumari Mandir, Ajeetpur, Haridwar",9.2,8.32,1.4
2021,3,March,2,Uttarakhand,1061,"GANGA AT HARIDWAR D/S, Upper Ganga Cal D/S Balkumari Mandir, Ajeetpur, Haridwar",9.2,8.37,1.6
2021,4,April,1,Uttarakhand,1061,"GANGA AT HARIDWAR D/S, Upper Ganga Cal D/S Balkumari Mandir, Ajeetpur, Haridwar",8.0,8.32,1.2
2021,4,April,2,Uttarakhand,1061,"GANGA AT HARIDWAR D/S, Upper Ganga Cal D/S Balkumari Mandir, Ajeetpur, Haridwar",8.2,7.52,1.4
2021,5,May,1,Uttarakhand,1061,"GANGA AT HARIDWAR D/S, Upper Ganga Cal D/S Balkumari Mandir, Ajeetpur, Haridwar",8.8,7.62,1.2
2021,5,May,2,Uttarakhand,1061,"GANGA AT HARIDWAR D/S, Upper Ganga Cal D/S Balkumari Mandir, Ajeetpur, Haridwar",8.2,8.1,1.6
2021,6,June,1,Uttarakhand,1061,"GANGA AT HARIDWAR D/S, Upper Ganga Cal D/S Balkumari Mandir, Ajeetpur, Haridwar",9.2,7.74,1.6
2021,6,June,2,Uttarakhand,1061,"GANGA AT HARIDWAR D/S, Upper Ganga Cal D/S Balkumari Mandir, Ajeetpur, Haridwar",9.0,7.9,1.8
2021,7,July,1,Uttarakhand,1061,"GANGA AT HARIDWAR D/S, Upper Ganga Cal D/S Balkumari Mandir, Ajeetpur, Haridwar",9.8,8.4,2.4
2021,7,July,2,Uttarakhand,1061,"GANGA AT HARIDWAR D/S, Upper Ganga Cal D/S Balkumari Mandir, Ajeetpur, Haridwar",9.6,7.84,2.6
2021,8,August,1,Uttarakhand,1061,"GANGA AT HARIDWAR D/S, Upper Ganga Cal D/S Balkumari Mandir, Ajeetpur, Haridwar",9.4,7.09,2.2
2021,8,August,2,Uttarakhand,1061,"GANGA AT HARIDWAR D/S, Upper Ganga Cal D/S Balkumari Mandir, Ajeetpur, Haridwar",9.4,7.09,2.2
2021,9,September,1,Uttarakhand,1061,"GANGA AT HARIDWAR D/S, Upper Ganga Cal D/S Balkumari Mandir, Ajeetpur, Haridwar",9.1,7.7,1.3
2021,9,September,2,Uttarakhand,1061,"GANGA AT HARIDWAR D/S, Upper Ganga Cal D/S Balkumari Mandir, Ajeetpur, Haridwar",8.6,6.5,1.0
2021,10,October,1,Uttarakhand,1061,"GANGA AT HARIDWAR D/S, Upper Ganga Cal D/S Balkumari Mandir, Ajeetpur, Haridwar",8.6,7.6,1.0
2021,10,October,2,Uttarakhand,1061,"GANGA AT HARIDWAR D/S, Upper Ganga Cal D/S Balkumari Mandir, Ajeetpur, Haridwar",9.4,7.1,1.0
2021,11,November,1,Uttarakhand,1061,"GANGA AT HARIDWAR D/S, Upper Ganga Cal D/S Balkumari Mandir, Ajeetpur, Haridwar",9.6,8.27,1.0
2021,11,November,2,Uttarakhand,1061,"GANGA AT HARIDWAR D/S, Upper Ganga Cal D/S Balkumari Mandir, Ajeetpur, Haridwar",10.2,7.94,1.0
2022,1,January,1,Uttarakhand,1061,"GANGA AT HARIDWAR D/S, Upper Ganga Cal D/S Balkumari Mandir, Ajeetpur, Haridwar",9.8,8.3,1.4
2022,1,January,2,Uttarakhand,1061,"GANGA AT HARIDWAR D/S, Upper Ganga Cal D/S Balkumari Mandir, Ajeetpur, Haridwar",8.8,8.0,2.0
2022,2,February,1,Uttarakhand,1061,"GANGA AT HARIDWAR D/S, Upper Ganga Cal D/S Balkumari Mandir, Ajeetpur, Haridwar",9.6,8.6,1.4
2022,2,February,2,Uttarakhand,1061,"GANGA AT HARIDWAR D/S, Upper Ganga Cal D/S Balkumari Mandir, Ajeetpur, Haridwar",9.2,8.0,2.0
2022,3,March,1,Uttarakhand,1061,"GANGA AT HARIDWAR D/S, Upper Ganga Cal D/S Balkumari Mandir, Ajeetpur, Haridwar",9.8,7.5,1.6
2022,3,March,2,Uttarakhand,1061,"GANGA AT HARIDWAR D/S, Upper Ganga Cal D/S Balkumari Mandir, Ajeetpur, Haridwar",9.4,8.3,1.4
2022,4,April,1,Uttarakhand,1061,"GANGA AT HARIDWAR D/S, Upper Ganga Cal D/S Balkumari Mandir, Ajeetpur, Haridwar",8.3,7.5,2.3
2022,4,April,2,Uttarakhand,1061,"GANGA AT HARIDWAR D/S, Upper Ganga Cal D/S Balkumari Mandir, Ajeetpur, Haridwar",9.2,7.6,1.9
2022,5,May,1,Uttarakhand,1061,"GANGA AT HARIDWAR D/S, Upper Ganga Cal D/S Balkumari Mandir, Ajeetpur, Haridwar",9.4,7.5,2.5
2022,5,May,2,Uttarakhand,1061,"GANGA AT HARIDWAR D/S, Upper Ganga Cal D/S Balkumari Mandir, Ajeetpur, Haridwar",8.7,7.7,1.4
2022,6,June,1,Uttarakhand,1061,"GANGA AT HARIDWAR D/S, Upper Ganga Cal D/S Balkumari Mandir, Ajeetpur, Haridwar",7.4,7.6,2.8
2022,6,June,2,Uttarakhand,1061,"GANGA AT HARIDWAR D/S, Upper Ganga Cal D/S Balkumari Mandir, Ajeetpur, Haridwar",7.8,7.7,2.4
2022,7,July,1,Uttarakhand,1061,"GANGA AT HARIDWAR D/S, Upper Ganga Cal D/S Balkumari Mandir, Ajeetpur, Haridwar",8.0,7.9,1.1
2022,7,July,2,Uttarakhand,1061,"GANGA AT HARIDWAR D/S, Upper Ganga Cal D/S Balkumari Mandir, Ajeetpur, Haridwar",8.1,7.3,1.2
2022,8,August,1,Uttarakhand,1061,"GANGA AT HARIDWAR D/S, Upper Ganga Cal D/S Balkumari Mandir, Ajeetpur, Haridwar",7.6,8.1,1.4
2022,8,August,2,Uttarakhand,1061,"GANGA AT HARIDWAR D/S, Upper Ganga Cal D/S Balkumari Mandir, Ajeetpur, Haridwar",8.8,7.9,1.5
2022,9,September,1,Uttarakhand,1061,"GANGA AT HARIDWAR D/S, Upper Ganga Cal D/S Balkumari Mandir, Ajeetpur, Haridwar",9.3,7.6,2.8
2022,9,September,2,Uttarakhand,1061,"GANGA AT HARIDWAR D/S, Upper Ganga Cal D/S Balkumari Mandir, Ajeetpur, Haridwar",8.5,7.9,2.4
2022,10,October,1,Uttarakhand,1061,"GANGA AT HARIDWAR D/S, Upper Ganga Cal D/S Balkumari Mandir, Ajeetpur, Haridwar",7.9,8.2,2.4
2023,1,January,1,Uttarakhand,1061,"GANGA AT HARIDWAR D/S, Upper Ganga Cal D/S Balkumari Mandir, Ajeetpur, Haridwar",9.3,7.76,2.4
2023,1,January,2,Uttarakhand,1061,"GANGA AT HARIDWAR D/S, Upper Ganga Cal D/S Balkumari Mandir, Ajeetpur, Haridwar",9.6,7.96,1.8
2023,2,February,1,Uttarakhand,1061,"GANGA AT HARIDWAR D/S, Upper Ganga Cal D/S Balkumari Mandir, Ajeetpur, Haridwar",9.2,7.81,1.9
2023,2,February,2,Uttarakhand,1061,"GANGA AT HARIDWAR D/S, Upper Ganga Cal D/S Balkumari Mandir, Ajeetpur, Haridwar",9.6,8.45,2.2
2023,3,March,1,Uttarakhand,1061,"GANGA AT HARIDWAR D/S, Upper Ganga Cal D/S Balkumari Mandir, Ajeetpur, Haridwar",9.0,7.9,1.5
2023,3,March,2,Uttarakhand,1061,"GANGA AT HARIDWAR D/S, Upper Ganga Cal D/S Balkumari Mandir, Ajeetpur, Haridwar",8.4,7.98,2.4
2023,4,April,1,Uttarakhand,1061,"GANGA AT HARIDWAR D/S, Upper Ganga Cal D/S Balkumari Mandir, Ajeetpur, Haridwar",8.9,8.11,2.2
2023,4,April,2,Uttarakhand,1061,"GANGA AT HARIDWAR D/S, Upper Ganga Cal D/S Balkumari Mandir, Ajeetpur, Haridwar",9.8,8.1,2.3
2023,5,May,2,Uttarakhand,1061,"GANGA AT HARIDWAR D/S, Upper Ganga Cal D/S Balkumari Mandir, Ajeetpur, Haridwar",9.0,8.23,1.8
2023,6,June,1,Uttarakhand,1061,"GANGA AT HARIDWAR D/S, Upper Ganga Cal D/S Balkumari Mandir, Ajeetpur, Haridwar",8.2,7.3,2.4
2023,6,June,2,Uttarakhand,1061,"GANGA AT HARIDWAR D/S, Upper Ganga Cal D/S Balkumari Mandir, Ajeetpur, Haridwar",7.6,7.33,2.0
2023,7,July,1,Uttarakhand,1061,"GANGA AT HARIDWAR D/S, Upper Ganga Cal D/S Balkumari Mandir, Ajeetpur, Haridwar",8.2,8.16,2.2
2023,7,July,2,Uttarakhand,1061,"GANGA AT HARIDWAR D/S, Upper Ganga Cal D/S Balkumari Mandir, Ajeetpur, Haridwar",7.1,8.24,1.6
2023,8,August,1,Uttarakhand,1061,"GANGA AT HARIDWAR D/S, Upper Ganga Cal D/S Balkumari Mandir, Ajeetpur, Haridwar",7.6,7.5,2.6
2023,8,August,2,Uttarakhand,1061,"GANGA AT HARIDWAR D/S, Upper Ganga Cal D/S Balkumari Mandir, Ajeetpur, Haridwar",7.8,7.49,2.0
2023,9,September,1,Uttarakhand,1061,"GANGA AT HARIDWAR D/S, Upper Ganga Cal D/S Balkumari Mandir, Ajeetpur, Haridwar",8.2,7.62,1.4
2023,9,September,2,Uttarakhand,1061,"GANGA AT HARIDWAR D/S, Upper Ganga Cal D/S Balkumari Mandir, Ajeetpur, Haridwar",8.4,7.49,1.6
2023,10,October,1,Uttarakhand,1061,"GANGA AT HARIDWAR D/S, Upper Ganga Cal D/S Balkumari Mandir, Ajeetpur, Haridwar",7.8,7.39,1.9
2023,10,October,2,Uttarakhand,1061,"GANGA AT HARIDWAR D/S, Upper Ganga Cal D/S Balkumari Mandir, Ajeetpur, Haridwar",7.6,7.2,1.7
2023,11,November,1,Uttarakhand,1061,"GANGA AT HARIDWAR D/S, Upper Ganga Cal D/S Balkumari Mandir, Ajeetpur, Haridwar",7.9,7.51,1.6
2023,11,November,2,Uttarakhand,1061,"GANGA AT HARIDWAR D/S, Upper Ganga Cal D/S Balkumari Mandir, Ajeetpur, Haridwar",8.9,7.73,1.8
2023,12,December,1,Uttarakhand,1061,"GANGA AT HARIDWAR D/S, Upper Ganga Cal D/S Balkumari Mandir, Ajeetpur, Haridwar",9.4,7.91,1.4
2024,1,January,1,Uttarakhand,1061,HARIDWAR D/S,9.5,7.5,1.2
2024,1,January,2,Uttarakhand,1061,HARIDWAR D/S,9.6,7.6,1.2
2024,2,February,1,Uttarakhand,1061,HARIDWAR D/S,9.6,7.6,1.4
2024,2,February,2,Uttarakhand,1061,HARIDWAR D/S,9.4,8.1,1.4
2024,3,March,1,Uttarakhand,1061,HARIDWAR D/S,8.8,7.9,1.6
2024,3,March,2,Uttarakhand,1061,HARIDWAR D/S,9.2,7.1,1.2
2024,4,April,1,Uttarakhand,1061,HARIDWAR D/S,8.8,7.8,2.2
2024,4,April,2,Uttarakhand,1061,HARIDWAR D/S,9.0,7.4,1.8
2024,5,May,1,Uttarakhand,1061,HARIDWAR D/S,8.4,7.3,2.2
2024,5,May,2,Uttarakhand,1061,HARIDWAR D/S,8.2,7.6,2.2
2024,6,June,1,Uttarakhand,1061,HARIDWAR D/S,7.2,7.04,2.4
2024,6,June,2,Uttarakhand,1061,HARIDWAR D/S,7.8,7.56,2.2
2024,7,July,2,Uttarakhand,1061,HARIDWAR D/S,7.8,7.78,2.6
2024,8,August,1,Uttarakhand,1061,HARIDWAR D/S,7.6,7.15,2.2
2024,8,August,2,Uttarakhand,1061,HARIDWAR D/S,7.4,7.76,2.2
2024,9,September,1,Uttarakhand,1061,HARIDWAR D/S,8.0,7.41,1.1
2024,9,September,2,Uttarakhand,1061,HARIDWAR D/S,7.8,8.3,1.2
2024,10,October,1,Uttarakhand,1061,HARIDWAR D/S,8.3,7.8,2.2
2024,10,October,2,Uttarakhand,1061,HARIDWAR D/S,7.9,7.7,2.0
2024,11,November,1,Uttarakhand,1061,HARIDWAR D/S,8.6,7.6,1.8
2024,11,November,2,Uttarakhand,1061,HARIDWAR D/S,7.6,7.92,2.0
2024,12,December,1,Uttarakhand,1061,HARIDWAR D/S,10.1,7.9,2.0
2024,12,December,2,Uttarakhand,1061,HARIDWAR D/S,11.3,8.1,1.4
2014,1,January,1,Uttar Pradesh,1062,"RIVER GANGA AT D/S GARHMUKTESHWAR, U.P",11.12,7.3,2.2
2014,2,February,1,Uttar Pradesh,1062,"RIVER GANGA AT D/S GARHMUKTESHWAR, U.P",9.8,7.8,2.86
2014,3,March,1,Uttar Pradesh,1062,"RIVER GANGA AT D/S GARHMUKTESHWAR, U.P",9.8,7.5,2.86
2014,4,April,1,Uttar Pradesh,1062,"RIVER GANGA AT D/S GARHMUKTESHWAR, U.P",11.04,7.5,2.3
2014,5,May,1,Uttar Pradesh,1062,"RIVER GANGA AT D/S GARHMUKTESHWAR, U.P",8.0,7.8,2.4
2014,7,July,1,Uttar Pradesh,1062,"RIVER GANGA AT D/S GARHMUKTESHWAR, U.P",7.96,7.6,3.5
2014,8,August,1,Uttar Pradesh,1062,"RIVER GANGA AT D/S GARHMUKTESHWAR, U.P",7.16,7.5,2.8
2014,9,September,1,Uttar Pradesh,1062,"RIVER GANGA AT D/S GARHMUKTESHWAR, U.P",8.4,7.6,3.2
2014,10,October,1,Uttar Pradesh,1062,"RIVER GANGA AT D/S GARHMUKTESHWAR, U.P",7.34,7.0,3.1
2015,4,April,1,Uttar Pradesh,1062,"RIVER GANGA AT D/S GARHMUKTESHWAR, U.P",9.5,7.2,2.2
2016,2,February,1,Uttar Pradesh,1062,"RIVER GANGA AT D/S GARHMUKTESHWAR, U.P",9.65,7.2,3.49
2016,3,March,1,Uttar Pradesh,1062,"RIVER GANGA AT D/S GARHMUKTESHWAR, U.P",8.02,7.6,2.7
2016,4,April,1,Uttar Pradesh,1062,"RIVER GANGA AT D/S GARHMUKTESHWAR, U.P",8.86,7.5,3.2
2016,5,May,1,Uttar Pradesh,1062,"RIVER GANGA AT D/S GARHMUKTESHWAR, U.P",8.66,7.5,2.13
2016,6,June,1,Uttar Pradesh,1062,"RIVER GANGA AT D/S GARHMUKTESHWAR, U.P",7.2,7.5,2.1
2016,7,July,1,Uttar Pradesh,1062,"RIVER GANGA AT D/S GARHMUKTESHWAR, U.P",7.46,7.5,2.46
2016,8,August,1,Uttar Pradesh,1062,"RIVER GANGA AT D/S GARHMUKTESHWAR, U.P",7.1,7.0,1.84
2016,9,September,1,Uttar Pradesh,1062,"RIVER GANGA AT D/S GARHMUKTESHWAR, U.P",7.31,7.1,2.38
2016,10,October,1,Uttar Pradesh,1062,"RIVER GANGA AT D/S GARHMUKTESHWAR, U.P",7.96,7.0,1.6
2017,1,January,1,Uttar Pradesh,1062,"RIVER GANGA AT D/S GARHMUKTESHWAR, U.P",8.2,7.5,1.2
2017,2,February,1,Uttar Pradesh,1062,"RIVER GANGA AT D/S GARHMUKTESHWAR, U.P",8.4,7.4,1.8
2017,3,March,1,Uttar Pradesh,1062,"RIVER GANGA AT D/S GARHMUKTESHWAR, U.P",7.6,7.7,2.5
2017,4,April,1,Uttar Pradesh,1062,"RIVER GANGA AT D/S GARHMUKTESHWAR, U.P",8.1,7.5,2.4
2017,5,May,1,Uttar Pradesh,1062,"RIVER GANGA AT D/S GARHMUKTESHWAR, U.P",7.6,7.4,2.4
2017,7,July,1,Uttar Pradesh,1062,"RIVER GANGA AT D/S GARHMUKTESHWAR, U.P",7.36,7.4,2.4
2017,8,August,1,Uttar Pradesh,1062,"RIVER GANGA AT D/S GARHMUKTESHWAR, U.P",7.48,7.5,2.0
2017,9,September,1,Uttar Pradesh,1062,"RIVER GANGA AT D/S GARHMUKTESHWAR, U.P",7.33,7.6,2.4
2017,10,October,1,Uttar Pradesh,1062,"RIVER GANGA AT D/S GARHMUKTESHWAR, U.P",7.33,7.6,3.0
2017,11,November,1,Uttar Pradesh,1062,"RIVER GANGA AT D/S GARHMUKTESHWAR, U.P",8.74,7.6,3.0
2018,1,January,1,Uttar Pradesh,1062,"RIVER GANGA AT D/S GARHMUKTESHWAR, U.P",9.1,7.3,2.9
2018,2,February,1,Uttar Pradesh,1062,"RIVER GANGA AT D/S GARHMUKTESHWAR, U.P",7.6,7.5,3.0
2018,3,March,1,Uttar Pradesh,1062,"RIVER GANGA AT D/S GARHMUKTESHWAR, U.P",7.8,7.8,3.2
2018,4,April,1,Uttar Pradesh,1062,"RIVER GANGA AT D/S GARHMUKTESHWAR, U.P",8.0,7.7,2.5
2018,5,May,1,Uttar Pradesh,1062,"RIVER GANGA AT D/S GARHMUKTESHWAR, U.P",7.4,7.5,2.4
2018,6,June,1,Uttar Pradesh,1062,"RIVER GANGA AT D/S GARHMUKTESHWAR, U.P",7.7,7.6,2.5
2018,7,July,1,Uttar Pradesh,1062,"RIVER GANGA AT D/S GARHMUKTESHWAR, U.P",7.4,7.6,2.4
2019,1,January,1,Uttar Pradesh,1062,"RIVER GANGA AT D/S GARHMUKTESHWAR, U.P",10.5,7.4,2.8
2019,2,February,1,Uttar Pradesh,1062,"RIVER GANGA AT D/S GARHMUKTESHWAR, U.P",7.5,7.4,1.4
2019,3,March,1,Uttar Pradesh,1062,"RIVER GANGA AT D/S GARHMUKTESHWAR, U.P",7.5,7.4,1.2
2019,4,April,1,Uttar Pradesh,1062,"RIVER GANGA AT D/S GARHMUKTESHWAR, U.P",8.1,7.7,1.5
2019,5,May,1,Uttar Pradesh,1062,"RIVER GANGA AT D/S GARHMUKTESHWAR, U.P",8.5,7.3,2.2
2019,6,June,1,Uttar Pradesh,1062,"RIVER GANGA AT D/S GARHMUKTESHWAR, U.P",8.7,6.8,2.6
2019,7,July,1,Uttar Pradesh,1062,"RIVER GANGA AT D/S GARHMUKTESHWAR, U.P",8.7,7.2,2.3
2019,8,August,1,Uttar Pradesh,1062,"RIVER GANGA AT D/S GARHMUKTESHWAR, U.P",8.8,7.2,2.4
2019,9,September,1,Uttar Pradesh,1062,"RIVER GANGA AT D/S GARHMUKTESHWAR, U.P",8.8,7.3,2.3
2019,10,October,1,Uttar Pradesh,1062,"RIVER GANGA AT D/S GARHMUKTESHWAR, U.P",8.9,7.1,1.6
2020,1,January,1,Uttar Pradesh,1062,"RIVER GANGA AT D/S GARHMUKTESHWAR, U.P",9.3,7.5,1.9
2020,8,August,1,Uttar Pradesh,1062,"RIVER GANGA AT D/S GARHMUKTESHWAR, U.P",7.1,7.9,2.7
2020,8,August,2,Uttar Pradesh,1062,"RIVER GANGA AT D/S GARHMUKTESHWAR, U.P",9.0,7.9,2.3
2020,9,September,1,Uttar Pradesh,1062,"RIVER GANGA AT D/S GARHMUKTESHWAR, U.P",7.5,7.0,1.5
2020,9,September,2,Uttar Pradesh,1062,"RIVER GANGA AT D/S GARHMUKTESHWAR, U.P",8.0,8.0,1.0
2020,10,October,1,Uttar Pradesh,1062,"RIVER GANGA AT D/S GARHMUKTESHWAR, U.P",8.5,8.0,2.5
2020,10,October,2,Uttar Pradesh,1062,"RIVER GANGA AT D/S GARHMUKTESHWAR, U.P",9.2,8.5,2.0
2020,11,November,1,Uttar Pradesh,1062,"RIVER GANGA AT D/S GARHMUKTESHWAR, U.P",8.4,8.1,2.4
2020,11,November,2,Uttar Pradesh,1062,"RIVER GANGA AT D/S GARHMUKTESHWAR, U.P",8.8,8.3,1.8
2021,1,January,1,Uttar Pradesh,1062,"RIVER GANGA AT D/S GARHMUKTESHWAR, U.P",10.2,7.4,2.4
2021,1,January,2,Uttar Pradesh,1062,"RIVER GANGA AT D/S GARHMUKTESHWAR, U.P",10.8,7.4,1.4
2021,2,February,1,Uttar Pradesh,1062,"RIVER GANGA AT D/S GARHMUKTESHWAR, U.P",10.6,7.4,1.6
2021,2,February,2,Uttar Pradesh,1062,"RIVER GANGA AT D/S GARHMUKTESHWAR, U.P",10.7,7.4,1.6
2021,3,March,1,Uttar Pradesh,1062,"RIVER GANGA AT D/S GARHMUKTESHWAR, U.P",9.4,7.4,1.8
2021,3,March,2,Uttar Pradesh,1062,"RIVER GANGA AT D/S GARHMUKTESHWAR, U.P",9.7,7.5,2.2
2021,4,April,1,Uttar Pradesh,1062,"RIVER GANGA AT D/S GARHMUKTESHWAR, U.P",9.0,7.4,2.8
2021,4,April,2,Uttar Pradesh,1062,"RIVER GANGA AT D/S GARHMUKTESHWAR, U.P",9.2,7.2,1.5
2021,5,May,1,Uttar Pradesh,1062,"RIVER GANGA AT D/S GARHMUKTESHWAR, U.P",6.8,7.3,2.4
2021,5,May,2,Uttar Pradesh,1062,"RIVER GANGA AT D/S GARHMUKTESHWAR, U.P",8.5,7.5,2.4
2021,6,June,1,Uttar Pradesh,1062,"RIVER GANGA AT D/S GARHMUKTESHWAR, U.P",7.5,7.4,2.0
2021,6,June,2,Uttar Pradesh,1062,"RIVER GANGA AT D/S GARHMUKTESHWAR, U.P",7.9,7.9,2.0
2021,7,July,1,Uttar Pradesh,1062,"RIVER GANGA AT D/S GARHMUKTESHWAR, U.P",7.8,7.42,1.8
2021,7,July,2,Uttar Pradesh,1062,"RIVER GANGA AT D/S GARHMUKTESHWAR, U.P",8.8,7.3,2.4
2021,8,August,1,Uttar Pradesh,1062,"RIVER GANGA AT D/S GARHMUKTESHWAR, U.P",8.6,7.2,2.0
2021,8,August,2,Uttar Pradesh,1062,"RIVER GANGA AT D/S GARHMUKTESHWAR, U.P",8.7,7.5,1.5
2021,9,September,1,Uttar Pradesh,1062,"RIVER GANGA AT D/S GARHMUKTESHWAR, U.P",8.1,7.4,1.3
2021,9,September,2,Uttar Pradesh,1062,"RIVER GANGA AT D/S GARHMUKTESHWAR, U.P",8.9,7.4,2.2
2021,10,October,1,Uttar Pradesh,1062,"RIVER GANGA AT D/S GARHMUKTESHWAR, U.P",10.7,7.1,1.8
2021,10,October,2,Uttar Pradesh,1062,"RIVER GANGA AT D/S GARHMUKTESHWAR, U.P",9.3,7.3,1.4
2021,11,November,1,Uttar Pradesh,1062,"RIVER GANGA AT D/S GARHMUKTESHWAR, U.P",10.5,7.5,2.7
2021,11,November,2,Uttar Pradesh,1062,"RIVER GANGA AT D/S GARHMUKTESHWAR, U.P",10.7,7.4,2.4
2021,12,December,1,Uttar Pradesh,1062,"RIVER GANGA AT D/S GARHMUKTESHWAR, U.P",10.7,7.4,1.5
2023,1,January,1,Uttar Pradesh,1062,"RIVER GANGA AT D/S GARHMUKTESHWAR, U.P",10.7,7.5,1.0
2023,1,January,2,Uttar Pradesh,1062,"RIVER GANGA AT D/S GARHMUKTESHWAR, U.P",11.7,7.5,1.8
2023,2,February,1,Uttar Pradesh,1062,"RIVER GANGA AT D/S GARHMUKTESHWAR, U.P",10.0,7.5,1.7
2023,2,February,2,Uttar Pradesh,1062,"RIVER GANGA AT D/S GARHMUKTESHWAR, U.P",10.5,7.6,1.8
2023,3,March,1,Uttar Pradesh,1062,"RIVER GANGA AT D/S GARHMUKTESHWAR, U.P",10.7,7.5,2.4
2023,3,March,2,Uttar Pradesh,1062,"RIVER GANGA AT D/S GARHMUKTESHWAR, U.P",11.0,7.5,2.5
2023,4,April,1,Uttar Pradesh,1062,"RIVER GANGA AT D/S GARHMUKTESHWAR, U.P",10.7,7.5,2.3
2023,4,April,2,Uttar Pradesh,1062,"RIVER GANGA AT D/S GARHMUKTESHWAR, U.P",10.9,7.6,2.6
2023,5,May,1,Uttar Pradesh,1062,"RIVER GANGA AT D/S GARHMUKTESHWAR, U.P",10.3,7.5,2.4
2023,5,May,2,Uttar Pradesh,1062,"RIVER GANGA AT D/S GARHMUKTESHWAR, U.P",10.4,7.5,2.9
2023,6,June,1,Uttar Pradesh,1062,"RIVER GANGA AT D/S GARHMUKTESHWAR, U.P",8.8,7.6,2.8
2023,6,June,2,Uttar Pradesh,1062,"RIVER GANGA AT D/S GARHMUKTESHWAR, U.P",8.9,7.3,2.3
2023,7,July,1,Uttar Pradesh,1062,"RIVER GANGA AT D/S GARHMUKTESHWAR, U.P",10.1,7.4,2.2
2023,8,August,1,Uttar Pradesh,1062,"RIVER GANGA AT D/S GARHMUKTESHWAR, U.P",8.2,7.6,2.5
2023,8,August,2,Uttar Pradesh,1062,"RIVER GANGA AT D/S GARHMUKTESHWAR, U.P",9.0,7.6,2.6
2023,9,September,1,Uttar Pradesh,1062,"RIVER GANGA AT D/S GARHMUKTESHWAR, U.P",8.8,7.3,2.1
2023,9,September,2,Uttar Pradesh,1062,"RIVER GANGA AT D/S GARHMUKTESHWAR, U.P",9.2,7.4,2.3
2023,10,October,1,Uttar Pradesh,1062,"RIVER GANGA AT D/S GARHMUKTESHWAR, U.P",10.8,7.4,2.1
2023,11,November,1,Uttar Pradesh,1062,"RIVER GANGA AT D/S GARHMUKTESHWAR, U.P",11.0,7.4,2.3
2023,11,November,2,Uttar Pradesh,1062,"RIVER GANGA AT D/S GARHMUKTESHWAR, U.P",11.2,7.4,2.3
2023,12,December,1,Uttar Pradesh,1062,"RIVER GANGA AT D/S GARHMUKTESHWAR, U.P",11.3,7.4,2.2
2024,1,January,1,Uttar Pradesh,1062,"BRIJGHAT D/S, GHARMUKTESHWAR ",11.8,7.3,1.7
2024,1,January,2,Uttar Pradesh,1062,"BRIJGHAT D/S, GHARMUKTESHWAR ",12.2,7.4,1.6
2024,2,February,1,Uttar Pradesh,1062,"BRIJGHAT D/S, GHARMUKTESHWAR ",12.3,7.5,1.6
2024,2,February,2,Uttar Pradesh,1062,"BRIJGHAT D/S, GHARMUKTESHWAR ",11.2,7.0,1.9
2024,3,March,1,Uttar Pradesh,1062,"BRIJGHAT D/S, GHARMUKTESHWAR ",11.2,7.4,1.9
2024,3,March,2,Uttar Pradesh,1062,"BRIJGHAT D/S, GHARMUKTESHWAR ",11.1,7.3,2.0
2024,4,April,1,Uttar Pradesh,1062,"BRIJGHAT D/S, GHARMUKTESHWAR ",11.0,7.2,2.2
2024,4,April,2,Uttar Pradesh,1062,"BRIJGHAT D/S, GHARMUKTESHWAR ",10.5,7.6,2.3
2024,5,May,1,Uttar Pradesh,1062,"BRIJGHAT D/S, GHARMUKTESHWAR ",10.0,7.5,2.4
2024,5,May,2,Uttar Pradesh,1062,"BRIJGHAT D/S, GHARMUKTESHWAR ",10.4,7.5,2.7
2024,6,June,1,Uttar Pradesh,1062,"BRIJGHAT D/S, GHARMUKTESHWAR ",10.0,7.6,2.8
2024,6,June,2,Uttar Pradesh,1062,"BRIJGHAT D/S, GHARMUKTESHWAR ",9.5,7.4,2.9
2024,7,July,1,Uttar Pradesh,1062,"BRIJGHAT D/S, GHARMUKTESHWAR ",9.2,7.28,2.8
2024,7,July,2,Uttar Pradesh,1062,"BRIJGHAT D/S, GHARMUKTESHWAR ",9.8,7.36,2.4
2024,8,August,1,Uttar Pradesh,1062,"BRIJGHAT D/S, GHARMUKTESHWAR ",10.2,7.21,2.1
2024,8,August,2,Uttar Pradesh,1062,"BRIJGHAT D/S, GHARMUKTESHWAR ",9.6,7.22,2.6
2024,9,September,1,Uttar Pradesh,1062,"BRIJGHAT D/S, GHARMUKTESHWAR ",9.8,7.5,2.4
2024,9,September,2,Uttar Pradesh,1062,"BRIJGHAT D/S, GHARMUKTESHWAR ",9.9,7.39,2.5
2024,10,October,1,Uttar Pradesh,1062,"BRIJGHAT D/S, GHARMUKTESHWAR ",10.0,7.58,2.4
2024,10,October,2,Uttar Pradesh,1062,"BRIJGHAT D/S, GHARMUKTESHWAR ",10.3,7.31,2.4
2024,11,November,1,Uttar Pradesh,1062,"BRIJGHAT D/S, GHARMUKTESHWAR ",10.6,7.42,2.2
2024,11,November,2,Uttar Pradesh,1062,"BRIJGHAT D/S, GHARMUKTESHWAR ",11.0,7.56,2.3
2024,12,December,1,Uttar Pradesh,1062,"BRIJGHAT D/S, GHARMUKTESHWAR ",10.8,7.6,2.4
2024,12,December,2,Uttar Pradesh,1062,"BRIJGHAT D/S, GHARMUKTESHWAR ",11.2,7.52,2.0
2017,1,January,1,Uttar Pradesh,1063,"RIVER GANGA AT KANNAUJ U/S (NEAR MEHNDIGHAT BRIDGE), U.P",9.5,7.84,3.7
2017,2,February,1,Uttar Pradesh,1063,"RIVER GANGA AT KANNAUJ U/S (NEAR MEHNDIGHAT BRIDGE), U.P",9.2,8.33,3.1
2017,3,March,1,Uttar Pradesh,1063,"RIVER GANGA AT KANNAUJ U/S (NEAR MEHNDIGHAT BRIDGE), U.P",8.7,8.51,3.8
2017,4,April,1,Uttar Pradesh,1063,"RIVER GANGA AT KANNAUJ U/S (NEAR MEHNDIGHAT BRIDGE), U.P",7.9,7.8,3.4
2017,5,May,1,Uttar Pradesh,1063,"RIVER GANGA AT KANNAUJ U/S (NEAR MEHNDIGHAT BRIDGE), U.P",8.4,8.21,3.6
2017,6,June,1,Uttar Pradesh,1063,"RIVER GANGA AT KANNAUJ U/S (NEAR MEHNDIGHAT BRIDGE), U.P",6.8,7.5,3.1
2017,7,July,1,Uttar Pradesh,1063,"RIVER GANGA AT KANNAUJ U/S (NEAR MEHNDIGHAT BRIDGE), U.P",6.8,7.42,4.2
2017,8,August,1,Uttar Pradesh,1063,"RIVER GANGA AT KANNAUJ U/S (NEAR MEHNDIGHAT BRIDGE), U.P",6.3,7.87,3.2
2017,9,September,1,Uttar Pradesh,1063,"RIVER GANGA AT KANNAUJ U/S (NEAR MEHNDIGHAT BRIDGE), U.P",6.8,7.5,3.0
2017,10,October,1,Uttar Pradesh,1063,"RIVER GANGA AT KANNAUJ U/S (NEAR MEHNDIGHAT BRIDGE), U.P",7.1,7.37,3.0
2017,11,November,1,Uttar Pradesh,1063,"RIVER GANGA AT KANNAUJ U/S (NEAR MEHNDIGHAT BRIDGE), U.P",8.4,7.0,2.8
2020,1,January,1,Uttar Pradesh,1063,"RIVER GANGA AT KANNAUJ U/S (NEAR MEHNDIGHAT BRIDGE), U.P",10.5,8.5,2.8
2020,8,August,1,Uttar Pradesh,1063,"RIVER GANGA AT KANNAUJ U/S (NEAR MEHNDIGHAT BRIDGE), U.P",6.7,7.7,2.1
2020,8,August,2,Uttar Pradesh,1063,"RIVER GANGA AT KANNAUJ U/S (NEAR MEHNDIGHAT BRIDGE), U.P",6.9,7.6,2.7
2020,9,September,1,Uttar Pradesh,1063,"RIVER GANGA AT KANNAUJ U/S (NEAR MEHNDIGHAT BRIDGE), U.P",7.0,7.7,2.3
2020,9,September,2,Uttar Pradesh,1063,"RIVER GANGA AT KANNAUJ U/S (NEAR MEHNDIGHAT BRIDGE), U.P",7.9,7.9,2.5
2020,10,October,1,Uttar Pradesh,1063,"RIVER GANGA AT KANNAUJ U/S (NEAR MEHNDIGHAT BRIDGE), U.P",7.7,8.2,2.8
2020,10,October,2,Uttar Pradesh,1063,"RIVER GANGA AT KANNAUJ U/S (NEAR MEHNDIGHAT BRIDGE), U.P",8.1,8.2,2.7
2020,11,November,1,Uttar Pradesh,1063,"RIVER GANGA AT KANNAUJ U/S (NEAR MEHNDIGHAT BRIDGE), U.P",8.4,8.2,2.6
2020,11,November,2,Uttar Pradesh,1063,"RIVER GANGA AT KANNAUJ U/S (NEAR MEHNDIGHAT BRIDGE), U.P",9.2,7.9,2.6
2020,12,December,1,Uttar Pradesh,1063,"RIVER GANGA AT KANNAUJ U/S (NEAR MEHNDIGHAT BRIDGE), U.P",10.1,8.4,2.7
2021,1,January,1,Uttar Pradesh,1063,"RIVER GANGA AT KANNAUJ U/S (NEAR MEHNDIGHAT BRIDGE), U.P",10.5,8.35,2.4
2021,1,January,2,Uttar Pradesh,1063,"RIVER GANGA AT KANNAUJ U/S (NEAR MEHNDIGHAT BRIDGE), U.P",10.7,8.2,3.3
2021,2,February,1,Uttar Pradesh,1063,"RIVER GANGA AT KANNAUJ U/S (NEAR MEHNDIGHAT BRIDGE), U.P",10.6,8.24,2.5
2021,4,April,1,Uttar Pradesh,1063,"RIVER GANGA AT KANNAUJ U/S (NEAR MEHNDIGHAT BRIDGE), U.P",8.5,8.25,2.4
2021,4,April,2,Uttar Pradesh,1063,"RIVER GANGA AT KANNAUJ U/S (NEAR MEHNDIGHAT BRIDGE), U.P",8.5,8.38,2.6
2021,5,May,1,Uttar Pradesh,1063,"RIVER GANGA AT KANNAUJ U/S (NEAR MEHNDIGHAT BRIDGE), U.P",7.9,8.31,2.6
2021,6,June,1,Uttar Pradesh,1063,"RIVER GANGA AT KANNAUJ U/S (NEAR MEHNDIGHAT BRIDGE), U.P",7.9,8.12,2.6
2021,6,June,2,Uttar Pradesh,1063,"RIVER GANGA AT KANNAUJ U/S (NEAR MEHNDIGHAT BRIDGE), U.P",8.1,8.24,2.8
2021,7,July,1,Uttar Pradesh,1063,"RIVER GANGA AT KANNAUJ U/S (NEAR MEHNDIGHAT BRIDGE), U.P",5.8,8.28,3.1
2021,7,July,2,Uttar Pradesh,1063,"RIVER GANGA AT KANNAUJ U/S (NEAR MEHNDIGHAT BRIDGE), U.P",6.9,8.18,3.1
2021,8,August,1,Uttar Pradesh,1063,"RIVER GANGA AT KANNAUJ U/S (NEAR MEHNDIGHAT BRIDGE), U.P",6.4,8.18,3.0
2021,11,November,2,Uttar Pradesh,1063,"RIVER GANGA AT KANNAUJ U/S (NEAR MEHNDIGHAT BRIDGE), U.P",8.3,8.16,3.0
2021,12,December,1,Uttar Pradesh,1063,"RIVER GANGA AT KANNAUJ U/S (NEAR MEHNDIGHAT BRIDGE), U.P",8.6,8.19,2.9
2023,1,January,1,Uttar Pradesh,1063,"RIVER GANGA AT KANNAUJ U/S (NEAR MEHNDIGHAT BRIDGE), U.P",10.5,8.31,3.2
2023,1,January,2,Uttar Pradesh,1063,"RIVER GANGA AT KANNAUJ U/S (NEAR MEHNDIGHAT BRIDGE), U.P",10.9,8.4,3.3
2023,3,March,1,Uttar Pradesh,1063,"RIVER GANGA AT KANNAUJ U/S (NEAR MEHNDIGHAT BRIDGE), U.P",10.2,8.28,3.6
2023,3,March,2,Uttar Pradesh,1063,"RIVER GANGA AT KANNAUJ U/S (NEAR MEHNDIGHAT BRIDGE), U.P",10.4,8.21,3.2
2023,4,April,1,Uttar Pradesh,1063,"RIVER GANGA AT KANNAUJ U/S (NEAR MEHNDIGHAT BRIDGE), U.P",8.4,8.37,3.9
2023,4,April,2,Uttar Pradesh,1063,"RIVER GANGA AT KANNAUJ U/S (NEAR MEHNDIGHAT BRIDGE), U.P",8.7,8.37,3.9
2023,5,May,1,Uttar Pradesh,1063,"RIVER GANGA AT KANNAUJ U/S (NEAR MEHNDIGHAT BRIDGE), U.P",8.2,8.59,3.3
2023,6,June,1,Uttar Pradesh,1063,"RIVER GANGA AT KANNAUJ U/S (NEAR MEHNDIGHAT BRIDGE), U.P",7.7,8.36,3.6
2023,6,June,2,Uttar Pradesh,1063,"RIVER GANGA AT KANNAUJ U/S (NEAR MEHNDIGHAT BRIDGE), U.P",8.0,8.17,3.6
2023,7,July,1,Uttar Pradesh,1063,"RIVER GANGA AT KANNAUJ U/S (NEAR MEHNDIGHAT BRIDGE), U.P",6.5,8.26,3.6
2023,7,July,2,Uttar Pradesh,1063,"RIVER GANGA AT KANNAUJ U/S (NEAR MEHNDIGHAT BRIDGE), U.P",7.3,8.08,3.5
2023,8,August,1,Uttar Pradesh,1063,"RIVER GANGA AT KANNAUJ U/S (NEAR MEHNDIGHAT BRIDGE), U.P",6.1,8.16,3.2
2023,8,August,2,Uttar Pradesh,1063,"RIVER GANGA AT KANNAUJ U/S (NEAR MEHNDIGHAT BRIDGE), U.P",6.3,8.22,3.4
2023,9,September,2,Uttar Pradesh,1063,"RIVER GANGA AT KANNAUJ U/S (NEAR MEHNDIGHAT BRIDGE), U.P",6.8,8.44,3.1
2023,10,October,1,Uttar Pradesh,1063,"RIVER GANGA AT KANNAUJ U/S (NEAR MEHNDIGHAT BRIDGE), U.P",7.4,8.4,3.2
2023,10,October,2,Uttar Pradesh,1063,"RIVER GANGA AT KANNAUJ U/S (NEAR MEHNDIGHAT BRIDGE), U.P",8.2,8.34,3.3
2023,11,November,1,Uttar Pradesh,1063,"RIVER GANGA AT KANNAUJ U/S (NEAR MEHNDIGHAT BRIDGE), U.P",8.4,8.45,3.1
2024,1,January,1,Uttar Pradesh,1063,U/S KANNAUJ (RAJGHAT),9.4,8.4,3.1
2024,1,January,2,Uttar Pradesh,1063,U/S KANNAUJ (RAJGHAT),11.0,8.35,3.1
2024,2,February,1,Uttar Pradesh,1063,U/S KANNAUJ (RAJGHAT),11.0,8.42,3.4
2024,2,February,2,Uttar Pradesh,1063,U/S KANNAUJ (RAJGHAT),10.6,8.31,3.4
2024,3,March,1,Uttar Pradesh,1063,U/S KANNAUJ (RAJGHAT),10.6,8.26,3.2
2024,3,March,2,Uttar Pradesh,1063,U/S KANNAUJ (RAJGHAT),8.5,8.32,3.2
2024,4,April,1,Uttar Pradesh,1063,U/S KANNAUJ (RAJGHAT),8.1,8.32,3.3
2024,5,May,1,Uttar Pradesh,1063,U/S KANNAUJ (RAJGHAT),7.7,8.39,3.6
2024,5,May,2,Uttar Pradesh,1063,U/S KANNAUJ (RAJGHAT),7.7,8.39,3.6
2024,6,June,1,Uttar Pradesh,1063,U/S KANNAUJ (RAJGHAT),7.5,8.39,4.2
2024,6,June,2,Uttar Pradesh,1063,U/S KANNAUJ (RAJGHAT),6.7,8.31,4.7
2024,7,July,1,Uttar Pradesh,1063,U/S KANNAUJ (RAJGHAT),6.9,8.35,4.0
2024,7,July,2,Uttar Pradesh,1063,U/S KANNAUJ (RAJGHAT),6.9,8.35,4.0
2024,8,August,1,Uttar Pradesh,1063,U/S KANNAUJ (RAJGHAT),6.8,7.84,3.8
2024,8,August,2,Uttar Pradesh,1063,U/S KANNAUJ (RAJGHAT),6.8,8.02,3.7
2024,9,September,1,Uttar Pradesh,1063,U/S KANNAUJ (RAJGHAT),6.9,7.93,3.6
2024,9,September,2,Uttar Pradesh,1063,U/S KANNAUJ (RAJGHAT),6.7,8.18,3.7
2024,10,October,1,Uttar Pradesh,1063,U/S KANNAUJ (RAJGHAT),7.2,8.22,2.8
2024,10,October,2,Uttar Pradesh,1063,U/S KANNAUJ (RAJGHAT),7.3,8.28,2.7
2024,11,November,1,Uttar Pradesh,1063,U/S KANNAUJ (RAJGHAT),8.2,8.36,2.5
2024,11,November,2,Uttar Pradesh,1063,U/S KANNAUJ (RAJGHAT),8.4,8.36,2.4
2024,12,December,1,Uttar Pradesh,1063,U/S KANNAUJ (RAJGHAT),9.5,8.42,2.4
2024,12,December,2,Uttar Pradesh,1063,U/S KANNAUJ (RAJGHAT),9.9,8.41,2.4
2014,1,January,1,Uttar Pradesh,1067,"RIVER GANGA AT KANPUR U/S (SHUKLAGANJ U/S), U.P",9.6,8.6,3.4
2014,5,May,1,Uttar Pradesh,1067,"RIVER GANGA AT KANPUR U/S (SHUKLAGANJ U/S), U.P",7.2,8.9,3.8
2014,6,June,1,Uttar Pradesh,1067,"RIVER GANGA AT KANPUR U/S (SHUKLAGANJ U/S), U.P",6.6,7.78,3.7
2014,7,July,1,Uttar Pradesh,1067,"RIVER GANGA AT KANPUR U/S (SHUKLAGANJ U/S), U.P",9.1,8.26,4.2
2014,8,August,1,Uttar Pradesh,1067,"RIVER GANGA AT KANPUR U/S (SHUKLAGANJ U/S), U.P",6.0,7.59,3.4
2014,11,November,1,Uttar Pradesh,1067,"RIVER GANGA AT KANPUR U/S (SHUKLAGANJ U/S), U.P",8.2,8.26,3.6
2015,5,May,1,Uttar Pradesh,1067,"RIVER GANGA AT KANPUR U/S (SHUKLAGANJ U/S), U.P",8.4,8.31,3.1
2015,6,June,1,Uttar Pradesh,1067,"RIVER GANGA AT KANPUR U/S (SHUKLAGANJ U/S), U.P",8.2,8.16,4.0
2015,7,July,1,Uttar Pradesh,1067,"RIVER GANGA AT KANPUR U/S (SHUKLAGANJ U/S), U.P",6.6,7.28,2.2
2015,8,August,1,Uttar Pradesh,1067,"RIVER GANGA AT KANPUR U/S (SHUKLAGANJ U/S), U.P",6.4,8.92,2.7
2015,9,September,1,Uttar Pradesh,1067,"RIVER GANGA AT KANPUR U/S (SHUKLAGANJ U/S), U.P",7.0,8.14,3.1
2015,10,October,1,Uttar Pradesh,1067,"RIVER GANGA AT KANPUR U/S (SHUKLAGANJ U/S), U.P",7.8,8.04,3.0
2015,11,November,1,Uttar Pradesh,1067,"RIVER GANGA AT KANPUR U/S (SHUKLAGANJ U/S), U.P",9.5,8.5,2.5
2015,12,December,1,Uttar Pradesh,1067,"RIVER GANGA AT KANPUR U/S (SHUKLAGANJ U/S), U.P",9.1,7.72,3.2
2016,1,January,1,Uttar Pradesh,1067,"RIVER GANGA AT KANPUR U/S (SHUKLAGANJ U/S), U.P",8.6,7.86,4.8
2016,2,February,1,Uttar Pradesh,1067,"RIVER GANGA AT KANPUR U/S (SHUKLAGANJ U/S), U.P",9.2,7.84,3.7
2016,3,March,1,Uttar Pradesh,1067,"RIVER GANGA AT KANPUR U/S (SHUKLAGANJ U/S), U.P",9.4,7.91,3.4
2016,4,April,1,Uttar Pradesh,1067,"RIVER GANGA AT KANPUR U/S (SHUKLAGANJ U/S), U.P",8.1,8.36,3.8
2016,5,May,1,Uttar Pradesh,1067,"RIVER GANGA AT KANPUR U/S (SHUKLAGANJ U/S), U.P",8.1,7.84,3.6
2016,6,June,1,Uttar Pradesh,1067,"RIVER GANGA AT KANPUR U/S (SHUKLAGANJ U/S), U.P",7.4,7.96,3.6
2016,7,July,1,Uttar Pradesh,1067,"RIVER GANGA AT KANPUR U/S (SHUKLAGANJ U/S), U.P",6.6,7.12,3.2
2016,8,August,1,Uttar Pradesh,1067,"RIVER GANGA AT KANPUR U/S (SHUKLAGANJ U/S), U.P",7.6,6.99,3.6
2016,9,September,1,Uttar Pradesh,1067,"RIVER GANGA AT KANPUR U/S (SHUKLAGANJ U/S), U.P",7.3,7.17,2.9
2016,10,October,1,Uttar Pradesh,1067,"RIVER GANGA AT KANPUR U/S (SHUKLAGANJ U/S), U.P",8.0,7.43,3.0
2016,11,November,1,Uttar Pradesh,1067,"RIVER GANGA AT KANPUR U/S (SHUKLAGANJ U/S), U.P",8.2,8.06,2.6
2016,12,December,1,Uttar Pradesh,1067,"RIVER GANGA AT KANPUR U/S (SHUKLAGANJ U/S), U.P",8.6,7.78,3.2
2017,1,January,1,Uttar Pradesh,1067,"RIVER GANGA AT KANPUR U/S (SHUKLAGANJ U/S), U.P",9.8,8.43,3.3
2017,2,February,1,Uttar Pradesh,1067,"RIVER GANGA AT KANPUR U/S (SHUKLAGANJ U/S), U.P",8.8,8.5,3.5
2017,3,March,1,Uttar Pradesh,1067,"RIVER GANGA AT KANPUR U/S (SHUKLAGANJ U/S), U.P",8.7,8.09,3.4
2017,4,April,1,Uttar Pradesh,1067,"RIVER GANGA AT KANPUR U/S (SHUKLAGANJ U/S), U.P",7.6,7.35,3.9
2017,5,May,1,Uttar Pradesh,1067,"RIVER GANGA AT KANPUR U/S (SHUKLAGANJ U/S), U.P",7.4,7.96,3.8
2017,6,June,1,Uttar Pradesh,1067,"RIVER GANGA AT KANPUR U/S (SHUKLAGANJ U/S), U.P",7.6,8.34,3.7
2017,7,July,1,Uttar Pradesh,1067,"RIVER GANGA AT KANPUR U/S (SHUKLAGANJ U/S), U.P",5.9,7.46,3.7
2017,8,August,1,Uttar Pradesh,1067,"RIVER GANGA AT KANPUR U/S (SHUKLAGANJ U/S), U.P",6.1,7.41,3.3
2017,9,September,1,Uttar Pradesh,1067,"RIVER GANGA AT KANPUR U/S (SHUKLAGANJ U/S), U.P",6.3,7.52,3.6
2017,10,October,1,Uttar Pradesh,1067,"RIVER GANGA AT KANPUR U/S (SHUKLAGANJ U/S), U.P",7.7,7.79,2.9
2017,11,November,1,Uttar Pradesh,1067,"RIVER GANGA AT KANPUR U/S (SHUKLAGANJ U/S), U.P",8.3,7.69,2.9
2017,12,December,1,Uttar Pradesh,1067,"RIVER GANGA AT KANPUR U/S (SHUKLAGANJ U/S), U.P",11.2,7.98,3.5
2018,1,January,1,Uttar Pradesh,1067,"RIVER GANGA AT KANPUR U/S (SHUKLAGANJ U/S), U.P",6.9,8.46,4.2
2018,2,February,1,Uttar Pradesh,1067,"RIVER GANGA AT KANPUR U/S (SHUKLAGANJ U/S), U.P",6.5,8.56,4.2
2018,3,March,1,Uttar Pradesh,1067,"RIVER GANGA AT KANPUR U/S (SHUKLAGANJ U/S), U.P",9.7,8.48,3.6
2018,4,April,1,Uttar Pradesh,1067,"RIVER GANGA AT KANPUR U/S (SHUKLAGANJ U/S), U.P",9.5,7.88,3.8
2018,5,May,1,Uttar Pradesh,1067,"RIVER GANGA AT KANPUR U/S (SHUKLAGANJ U/S), U.P",11.6,7.92,4.2
2018,6,June,1,Uttar Pradesh,1067,"RIVER GANGA AT KANPUR U/S (SHUKLAGANJ U/S), U.P",6.0,8.26,3.8
2018,7,July,1,Uttar Pradesh,1067,"RIVER GANGA AT KANPUR U/S (SHUKLAGANJ U/S), U.P",6.5,8.01,4.0
2018,8,August,1,Uttar Pradesh,1067,"RIVER GANGA AT KANPUR U/S (SHUKLAGANJ U/S), U.P",8.4,7.69,4.1
2018,9,September,1,Uttar Pradesh,1067,"RIVER GANGA AT KANPUR U/S (SHUKLAGANJ U/S), U.P",7.0,7.78,3.4
2018,10,October,1,Uttar Pradesh,1067,"RIVER GANGA AT KANPUR U/S (SHUKLAGANJ U/S), U.P",8.4,8.1,3.3
2018,11,November,1,Uttar Pradesh,1067,"RIVER GANGA AT KANPUR U/S (SHUKLAGANJ U/S), U.P",7.2,8.29,3.2
2019,1,January,1,Uttar Pradesh,1067,"RIVER GANGA AT KANPUR U/S (SHUKLAGANJ U/S), U.P",10.0,8.4,2.7
2019,2,February,1,Uttar Pradesh,1067,"RIVER GANGA AT KANPUR U/S (SHUKLAGANJ U/S), U.P",10.3,8.3,2.5
2019,3,March,1,Uttar Pradesh,1067,"RIVER GANGA AT KANPUR U/S (SHUKLAGANJ U/S), U.P",5.8,8.5,2.9
2019,4,April,1,Uttar Pradesh,1067,"RIVER GANGA AT KANPUR U/S (SHUKLAGANJ U/S), U.P",6.5,8.6,3.8
2020,9,September,1,Uttar Pradesh,1067,"RIVER GANGA AT KANPUR U/S (SHUKLAGANJ U/S), U.P",7.4,8.1,3.4
2020,10,October,1,Uttar Pradesh,1067,"RIVER GANGA AT KANPUR U/S (SHUKLAGANJ U/S), U.P",8.6,8.3,3.6
2020,11,November,1,Uttar Pradesh,1067,"RIVER GANGA AT KANPUR U/S (SHUKLAGANJ U/S), U.P",8.2,7.9,3.4
2020,11,November,2,Uttar Pradesh,1067,"RIVER GANGA AT KANPUR U/S (SHUKLAGANJ U/S), U.P",8.6,8.5,3.3
2020,12,December,1,Uttar Pradesh,1067,"RIVER GANGA AT KANPUR U/S (SHUKLAGANJ U/S), U.P",11.5,8.52,3.4
2021,1,January,1,Uttar Pradesh,1067,"RIVER GANGA AT KANPUR U/S (SHUKLAGANJ U/S), U.P",10.9,8.42,3.2
2021,1,January,2,Uttar Pradesh,1067,"RIVER GANGA AT KANPUR U/S (SHUKLAGANJ U/S), U.P",11.1,8.2,3.1
2021,2,February,1,Uttar Pradesh,1067,"RIVER GANGA AT KANPUR U/S (SHUKLAGANJ U/S), U.P",10.8,8.4,3.3
2021,4,April,1,Uttar Pradesh,1067,"RIVER GANGA AT KANPUR U/S (SHUKLAGANJ U/S), U.P",8.3,8.36,3.2
2021,4,April,2,Uttar Pradesh,1067,"RIVER GANGA AT KANPUR U/S (SHUKLAGANJ U/S), U.P",8.3,8.26,3.1
2021,5,May,1,Uttar Pradesh,1067,"RIVER GANGA AT KANPUR U/S (SHUKLAGANJ U/S), U.P",8.1,8.32,3.2
2021,6,June,1,Uttar Pradesh,1067,"RIVER GANGA AT KANPUR U/S (SHUKLAGANJ U/S), U.P",7.9,8.25,3.6
2021,7,July,1,Uttar Pradesh,1067,"RIVER GANGA AT KANPUR U/S (SHUKLAGANJ U/S), U.P",5.8,8.16,3.3
2021,7,July,2,Uttar Pradesh,1067,"RIVER GANGA AT KANPUR U/S (SHUKLAGANJ U/S), U.P",7.1,8.14,3.9
2021,8,August,1,Uttar Pradesh,1067,"RIVER GANGA AT KANPUR U/S (SHUKLAGANJ U/S), U.P",6.6,8.26,3.3
2021,11,November,1,Uttar Pradesh,1067,"RIVER GANGA AT KANPUR U/S (SHUKLAGANJ U/S), U.P",6.2,8.38,3.7
2023,1,January,1,Uttar Pradesh,1067,"RIVER GANGA AT KANPUR U/S (SHUKLAGANJ U/S), U.P",10.9,8.41,3.0
2023,1,January,2,Uttar Pradesh,1067,"RIVER GANGA AT KANPUR U/S (SHUKLAGANJ U/S), U.P",11.1,8.4,3.6
2023,3,March,1,Uttar Pradesh,1067,"RIVER GANGA AT KANPUR U/S (SHUKLAGANJ U/S), U.P",8.7,8.29,3.8
2023,3,March,2,Uttar Pradesh,1067,"RIVER GANGA AT KANPUR U/S (SHUKLAGANJ U/S), U.P",9.1,8.66,3.5
2023,4,April,1,Uttar Pradesh,1067,"RIVER GANGA AT KANPUR U/S (SHUKLAGANJ U/S), U.P",8.7,8.69,4.0
2023,4,April,2,Uttar Pradesh,1067,"RIVER GANGA AT KANPUR U/S (SHUKLAGANJ U/S), U.P",8.7,7.52,3.3
2023,5,May,1,Uttar Pradesh,1067,"RIVER GANGA AT KANPUR U/S (SHUKLAGANJ U/S), U.P",8.1,8.38,3.9
2023,5,May,2,Uttar Pradesh,1067,"RIVER GANGA AT KANPUR U/S (SHUKLAGANJ U/S), U.P",8.8,8.32,4.1
2023,6,June,1,Uttar Pradesh,1067,"RIVER GANGA AT KANPUR U/S (SHUKLAGANJ U/S), U.P",7.4,8.41,4.2
2023,6,June,2,Uttar Pradesh,1067,"RIVER GANGA AT KANPUR U/S (SHUKLAGANJ U/S), U.P",7.5,8.24,4.2
2023,7,July,1,Uttar Pradesh,1067,"RIVER GANGA AT KANPUR U/S (SHUKLAGANJ U/S), U.P",6.4,8.19,4.2
2023,7,July,2,Uttar Pradesh,1067,"RIVER GANGA AT KANPUR U/S (SHUKLAGANJ U/S), U.P",6.7,7.88,4.4
2023,8,August,1,Uttar Pradesh,1067,"RIVER GANGA AT KANPUR U/S (SHUKLAGANJ U/S), U.P",6.1,7.87,3.3
2023,8,August,2,Uttar Pradesh,1067,"RIVER GANGA AT KANPUR U/S (SHUKLAGANJ U/S), U.P",6.3,7.87,3.4
2023,9,September,1,Uttar Pradesh,1067,"RIVER GANGA AT KANPUR U/S (SHUKLAGANJ U/S), U.P",6.4,7.85,3.2
2023,10,October,1,Uttar Pradesh,1067,"RIVER GANGA AT KANPUR U/S (SHUKLAGANJ U/S), U.P",7.5,8.13,3.2
2023,10,October,2,Uttar Pradesh,1067,"RIVER GANGA AT KANPUR U/S (SHUKLAGANJ U/S), U.P",8.3,8.12,3.4
2023,11,November,1,Uttar Pradesh,1067,"RIVER GANGA AT KANPUR U/S (SHUKLAGANJ U/S), U.P",8.7,8.45,3.0
2024,1,January,1,Uttar Pradesh,1067,U/S KANPUR  (RANIGHAT),10.8,8.38,2.9
2024,1,January,2,Uttar Pradesh,1067,U/S KANPUR  (RANIGHAT),11.1,8.39,3.0
2024,2,February,1,Uttar Pradesh,1067,U/S KANPUR  (RANIGHAT),11.0,8.44,3.0
2024,2,February,2,Uttar Pradesh,1067,U/S KANPUR  (RANIGHAT),10.4,8.46,3.4
2024,3,March,1,Uttar Pradesh,1067,U/S KANPUR  (RANIGHAT),10.2,8.37,3.4
2024,3,March,2,Uttar Pradesh,1067,U/S KANPUR  (RANIGHAT),8.8,8.23,3.3
2024,4,April,1,Uttar Pradesh,1067,U/S KANPUR  (RANIGHAT),8.3,8.22,3.4
2024,4,April,2,Uttar Pradesh,1067,U/S KANPUR  (RANIGHAT),8.2,8.45,3.4
2024,5,May,1,Uttar Pradesh,1067,U/S KANPUR  (RANIGHAT),8.0,8.41,4.1
2024,5,May,2,Uttar Pradesh,1067,U/S KANPUR  (RANIGHAT),8.0,8.48,4.0
2024,6,June,1,Uttar Pradesh,1067,U/S KANPUR  (RANIGHAT),8.1,8.46,4.0
2024,6,June,2,Uttar Pradesh,1067,U/S KANPUR  (RANIGHAT),7.2,8.44,4.4
2024,7,July,1,Uttar Pradesh,1067,U/S KANPUR  (RANIGHAT),6.4,8.37,4.2
2024,7,July,2,Uttar Pradesh,1067,U/S KANPUR  (RANIGHAT),6.4,8.37,4.2
2024,8,August,1,Uttar Pradesh,1067,U/S KANPUR  (RANIGHAT),6.6,7.93,3.7
2024,8,August,2,Uttar Pradesh,1067,U/S KANPUR  (RANIGHAT),6.8,8.12,3.6
2024,9,September,1,Uttar Pradesh,1067,U/S KANPUR  (RANIGHAT),6.7,8.01,3.6
2024,9,September,2,Uttar Pradesh,1067,U/S KANPUR  (RANIGHAT),6.7,8.01,3.7
2024,10,October,1,Uttar Pradesh,1067,U/S KANPUR  (RANIGHAT),7.1,8.19,3.1
2024,10,October,2,Uttar Pradesh,1067,U/S KANPUR  (RANIGHAT),7.0,8.29,3.0
2024,11,November,1,Uttar Pradesh,1067,U/S KANPUR  (RANIGHAT),8.0,8.26,2.9
2024,11,November,2,Uttar Pradesh,1067,U/S KANPUR  (RANIGHAT),8.5,8.38,2.8
2024,12,December,1,Uttar Pradesh,1067,U/S KANPUR  (RANIGHAT),9.7,8.48,2.7
2024,12,December,2,Uttar Pradesh,1067,U/S KANPUR  (RANIGHAT),10.3,8.44,2.9
2017,1,January,1,Uttar Pradesh,1068,"RIVER GANGA AT KANPUR D/S (JANA VILLAGE), U.P",6.8,7.87,6.3
2017,2,February,1,Uttar Pradesh,1068,"RIVER GANGA AT KANPUR D/S (JANA VILLAGE), U.P",7.8,8.25,6.4
2017,3,March,1,Uttar Pradesh,1068,"RIVER GANGA AT KANPUR D/S (JANA VILLAGE), U.P",6.4,8.58,6.2
2017,4,April,1,Uttar Pradesh,1068,"RIVER GANGA AT KANPUR D/S (JANA VILLAGE), U.P",5.8,7.4,6.0
2017,5,May,1,Uttar Pradesh,1068,"RIVER GANGA AT KANPUR D/S (JANA VILLAGE), U.P",5.2,7.42,5.6
2017,6,June,1,Uttar Pradesh,1068,"RIVER GANGA AT KANPUR D/S (JANA VILLAGE), U.P",5.0,7.23,5.8
2017,7,July,1,Uttar Pradesh,1068,"RIVER GANGA AT KANPUR D/S (JANA VILLAGE), U.P",5.4,7.29,6.2
2017,8,August,1,Uttar Pradesh,1068,"RIVER GANGA AT KANPUR D/S (JANA VILLAGE), U.P",5.5,7.31,6.0
2017,9,September,1,Uttar Pradesh,1068,"RIVER GANGA AT KANPUR D/S (JANA VILLAGE), U.P",5.4,7.54,6.2
2017,10,October,1,Uttar Pradesh,1068,"RIVER GANGA AT KANPUR D/S (JANA VILLAGE), U.P",6.1,7.46,5.8
2017,11,November,1,Uttar Pradesh,1068,"RIVER GANGA AT KANPUR D/S (JANA VILLAGE), U.P",7.2,7.48,4.8
2017,12,December,1,Uttar Pradesh,1068,"RIVER GANGA AT KANPUR D/S (JANA VILLAGE), U.P",9.2,7.79,6.1
2020,9,September,1,Uttar Pradesh,1068,"RIVER GANGA AT KANPUR D/S (JANA VILLAGE), U.P",6.9,8.0,4.2
2020,10,October,1,Uttar Pradesh,1068,"RIVER GANGA AT KANPUR D/S (JANA VILLAGE), U.P",7.4,7.9,4.2
2020,10,October,2,Uttar Pradesh,1068,"RIVER GANGA AT KANPUR D/S (JANA VILLAGE), U.P",7.8,7.8,4.3
2020,11,November,2,Uttar Pradesh,1068,"RIVER GANGA AT KANPUR D/S (JANA VILLAGE), U.P",8.0,8.0,4.3
2020,12,December,1,Uttar Pradesh,1068,"RIVER GANGA AT KANPUR D/S (JANA VILLAGE), U.P",10.9,8.2,4.4
2021,1,January,1,Uttar Pradesh,1068,"RIVER GANGA AT KANPUR D/S (JANA VILLAGE), U.P",10.2,8.3,4.1
2021,2,February,1,Uttar Pradesh,1068,"RIVER GANGA AT KANPUR D/S (JANA VILLAGE), U.P",10.1,7.8,4.2
2021,4,April,2,Uttar Pradesh,1068,"RIVER GANGA AT KANPUR D/S (JANA VILLAGE), U.P",7.5,8.16,4.2
2021,5,May,1,Uttar Pradesh,1068,"RIVER GANGA AT KANPUR D/S (JANA VILLAGE), U.P",7.2,8.16,3.9
2021,5,May,2,Uttar Pradesh,1068,"RIVER GANGA AT KANPUR D/S (JANA VILLAGE), U.P",7.5,8.1,4.1
2021,6,June,1,Uttar Pradesh,1068,"RIVER GANGA AT KANPUR D/S (JANA VILLAGE), U.P",7.5,8.2,4.2
2021,7,July,1,Uttar Pradesh,1068,"RIVER GANGA AT KANPUR D/S (JANA VILLAGE), U.P",5.0,8.15,4.2
2021,7,July,2,Uttar Pradesh,1068,"RIVER GANGA AT KANPUR D/S (JANA VILLAGE), U.P",6.0,8.12,4.6
2021,8,August,1,Uttar Pradesh,1068,"RIVER GANGA AT KANPUR D/S (JANA VILLAGE), U.P",6.0,7.92,4.2
2021,11,November,1,Uttar Pradesh,1068,"RIVER GANGA AT KANPUR D/S (JANA VILLAGE), U.P",5.3,8.29,4.3
2021,12,December,1,Uttar Pradesh,1068,"RIVER GANGA AT KANPUR D/S (JANA VILLAGE), U.P",8.0,8.29,4.6
2021,12,December,2,Uttar Pradesh,1068,"RIVER GANGA AT KANPUR D/S (JANA VILLAGE), U.P",8.1,8.3,4.4
2023,1,January,1,Uttar Pradesh,1068,"RIVER GANGA AT KANPUR D/S (JANA VILLAGE), U.P",10.1,8.09,4.4
2023,1,January,2,Uttar Pradesh,1068,"RIVER GANGA AT KANPUR D/S (JANA VILLAGE), U.P",9.8,8.18,4.1
2023,3,March,1,Uttar Pradesh,1068,"RIVER GANGA AT KANPUR D/S (JANA VILLAGE), U.P",8.0,8.36,4.5
2023,3,March,2,Uttar Pradesh,1068,"RIVER GANGA AT KANPUR D/S (JANA VILLAGE), U.P",9.1,8.44,4.2
2023,4,April,1,Uttar Pradesh,1068,"RIVER GANGA AT KANPUR D/S (JANA VILLAGE), U.P",8.0,8.41,4.6
2023,4,April,2,Uttar Pradesh,1068,"RIVER GANGA AT KANPUR D/S (JANA VILLAGE), U.P",8.8,8.26,3.9
2023,5,May,1,Uttar Pradesh,1068,"RIVER GANGA AT KANPUR D/S (JANA VILLAGE), U.P",7.3,8.2,4.5
2023,5,May,2,Uttar Pradesh,1068,"RIVER GANGA AT KANPUR D/S (JANA VILLAGE), U.P",8.1,8.2,4.8
2023,6,June,1,Uttar Pradesh,1068,"RIVER GANGA AT KANPUR D/S (JANA VILLAGE), U.P",7.0,8.48,4.6
2023,6,June,2,Uttar Pradesh,1068,"RIVER GANGA AT KANPUR D/S (JANA VILLAGE), U.P",7.0,7.4,4.8
2023,7,July,1,Uttar Pradesh,1068,"RIVER GANGA AT KANPUR D/S (JANA VILLAGE), U.P",5.6,7.76,5.1
2023,7,July,2,Uttar Pradesh,1068,"RIVER GANGA AT KANPUR D/S (JANA VILLAGE), U.P",6.3,7.82,5.1
2023,8,August,1,Uttar Pradesh,1068,"RIVER GANGA AT KANPUR D/S (JANA VILLAGE), U.P",5.6,7.62,14.8
2023,8,August,2,Uttar Pradesh,1068,"RIVER GANGA AT KANPUR D/S (JANA VILLAGE), U.P",5.8,8.31,3.8
2023,9,September,1,Uttar Pradesh,1068,"RIVER GANGA AT KANPUR D/S (JANA VILLAGE), U.P",6.0,8.01,3.8
2023,10,October,1,Uttar Pradesh,1068,"RIVER GANGA AT KANPUR D/S (JANA VILLAGE), U.P",6.9,8.3,3.7
2023,10,October,2,Uttar Pradesh,1068,"RIVER GANGA AT KANPUR D/S (JANA VILLAGE), U.P",7.6,8.38,4.4
2023,11,November,1,Uttar Pradesh,1068,"RIVER GANGA AT KANPUR D/S (JANA VILLAGE), U.P",7.9,8.41,4.0
2024,1,January,1,Uttar Pradesh,1068,KANPUR D/S (JAJMAU PUMPING STATION),11.2,8.41,4.2
2024,1,January,2,Uttar Pradesh,1068,KANPUR D/S (JAJMAU PUMPING STATION),10.5,8.29,3.5
2024,2,February,1,Uttar Pradesh,1068,KANPUR D/S (JAJMAU PUMPING STATION),10.4,8.34,4.0
2024,2,February,2,Uttar Pradesh,1068,KANPUR D/S (JAJMAU PUMPING STATION),10.2,8.39,4.6
2024,3,March,1,Uttar Pradesh,1068,KANPUR D/S (JAJMAU PUMPING STATION),9.4,8.31,4.4
2024,3,March,2,Uttar Pradesh,1068,KANPUR D/S (JAJMAU PUMPING STATION),8.2,7.96,4.8
2024,4,April,1,Uttar Pradesh,1068,KANPUR D/S (JAJMAU PUMPING STATION),7.8,7.98,4.0
2024,4,April,2,Uttar Pradesh,1068,KANPUR D/S (JAJMAU PUMPING STATION),7.2,8.35,4.4
2024,5,May,1,Uttar Pradesh,1068,KANPUR D/S (JAJMAU PUMPING STATION),6.8,8.31,5.4
2024,5,May,2,Uttar Pradesh,1068,KANPUR D/S (JAJMAU PUMPING STATION),7.3,8.31,4.8
2024,6,June,1,Uttar Pradesh,1068,KANPUR D/S (JAJMAU PUMPING STATION),7.2,8.29,4.5
2024,6,June,2,Uttar Pradesh,1068,KANPUR D/S (JAJMAU PUMPING STATION),6.3,8.34,4.8
2024,7,July,1,Uttar Pradesh,1068,KANPUR D/S (JAJMAU PUMPING STATION),6.0,8.25,4.5
2024,7,July,2,Uttar Pradesh,1068,KANPUR D/S (JAJMAU PUMPING STATION),5.6,8.01,4.7
2024,8,August,1,Uttar Pradesh,1068,KANPUR D/S (JAJMAU PUMPING STATION),6.2,7.81,4.6
2024,8,August,2,Uttar Pradesh,1068,KANPUR D/S (JAJMAU PUMPING STATION),6.4,7.86,4.5
2024,9,September,1,Uttar Pradesh,1068,KANPUR D/S (JAJMAU PUMPING STATION),6.3,7.8,4.4
2024,9,September,2,Uttar Pradesh,1068,KANPUR D/S (JAJMAU PUMPING STATION),6.4,7.96,4.6
2024,10,October,1,Uttar Pradesh,1068,KANPUR D/S (JAJMAU PUMPING STATION),6.6,7.98,3.6
2024,10,October,2,Uttar Pradesh,1068,KANPUR D/S (JAJMAU PUMPING STATION),6.7,8.18,3.6
2024,11,November,1,Uttar Pradesh,1068,KANPUR D/S (JAJMAU PUMPING STATION),7.8,7.8,3.4
2024,11,November,2,Uttar Pradesh,1068,KANPUR D/S (JAJMAU PUMPING STATION),8.0,8.3,3.3
2024,12,December,1,Uttar Pradesh,1068,KANPUR D/S (JAJMAU PUMPING STATION),9.1,8.4,3.1
2024,12,December,2,Uttar Pradesh,1068,KANPUR D/S (JAJMAU PUMPING STATION),9.6,8.3,3.2
2014,1,January,1,Uttar Pradesh,1073,"RIVER GANGA AT TARIGHAT (GHAZIPUR), U.P",7.8,8.65,3.3
2014,2,February,1,Uttar Pradesh,1073,"RIVER GANGA AT TARIGHAT (GHAZIPUR), U.P",8.6,8.6,4.0
2014,3,March,1,Uttar Pradesh,1073,"RIVER GANGA AT TARIGHAT (GHAZIPUR), U.P",8.2,8.58,4.2
2014,4,April,1,Uttar Pradesh,1073,"RIVER GANGA AT TARIGHAT (GHAZIPUR), U.P",8.0,8.6,4.4
2014,5,May,1,Uttar Pradesh,1073,"RIVER GANGA AT TARIGHAT (GHAZIPUR), U.P",7.8,8.62,4.2
2014,6,June,1,Uttar Pradesh,1073,"RIVER GANGA AT TARIGHAT (GHAZIPUR), U.P",7.3,8.62,4.3
2014,7,July,1,Uttar Pradesh,1073,"RIVER GANGA AT TARIGHAT (GHAZIPUR), U.P",7.8,8.68,4.0
2014,8,August,1,Uttar Pradesh,1073,"RIVER GANGA AT TARIGHAT (GHAZIPUR), U.P",6.9,8.55,3.4
2014,9,September,1,Uttar Pradesh,1073,"RIVER GANGA AT TARIGHAT (GHAZIPUR), U.P",6.8,8.2,3.6
2014,10,October,1,Uttar Pradesh,1073,"RIVER GANGA AT TARIGHAT (GHAZIPUR), U.P",7.4,8.3,3.8
2014,11,November,1,Uttar Pradesh,1073,"RIVER GANGA AT TARIGHAT (GHAZIPUR), U.P",7.8,8.55,3.9
2017,1,January,1,Uttar Pradesh,1073,"RIVER GANGA AT TARIGHAT (GHAZIPUR), U.P",7.7,8.5,4.8
2017,2,February,1,Uttar Pradesh,1073,"RIVER GANGA AT TARIGHAT (GHAZIPUR), U.P",7.7,8.54,4.6
2017,3,March,1,Uttar Pradesh,1073,"RIVER GANGA AT TARIGHAT (GHAZIPUR), U.P",7.5,8.55,4.8
2017,4,April,1,Uttar Pradesh,1073,"RIVER GANGA AT TARIGHAT (GHAZIPUR), U.P",7.3,8.59,5.2
2017,5,May,1,Uttar Pradesh,1073,"RIVER GANGA AT TARIGHAT (GHAZIPUR), U.P",7.1,8.74,5.4
2017,6,June,1,Uttar Pradesh,1073,"RIVER GANGA AT TARIGHAT (GHAZIPUR), U.P",6.9,8.75,5.6
2017,7,July,1,Uttar Pradesh,1073,"RIVER GANGA AT TARIGHAT (GHAZIPUR), U.P",6.7,8.54,5.3
2017,8,August,1,Uttar Pradesh,1073,"RIVER GANGA AT TARIGHAT (GHAZIPUR), U.P",6.4,8.42,5.2
2017,9,September,1,Uttar Pradesh,1073,"RIVER GANGA AT TARIGHAT (GHAZIPUR), U.P",7.0,8.2,5.0
2017,10,October,1,Uttar Pradesh,1073,"RIVER GANGA AT TARIGHAT (GHAZIPUR), U.P",7.8,8.52,5.2
2017,11,November,1,Uttar Pradesh,1073,"RIVER GANGA AT TARIGHAT (GHAZIPUR), U.P",7.6,8.5,5.4
2017,12,December,1,Uttar Pradesh,1073,"RIVER GANGA AT TARIGHAT (GHAZIPUR), U.P",7.4,8.14,4.2
2018,1,January,1,Uttar Pradesh,1073,"RIVER GANGA AT TARIGHAT (GHAZIPUR), U.P",7.5,8.2,4.7
2018,2,February,1,Uttar Pradesh,1073,"RIVER GANGA AT TARIGHAT (GHAZIPUR), U.P",8.2,8.22,4.0
2018,3,March,1,Uttar Pradesh,1073,"RIVER GANGA AT TARIGHAT (GHAZIPUR), U.P",7.9,8.2,4.4
2018,4,April,1,Uttar Pradesh,1073,"RIVER GANGA AT TARIGHAT (GHAZIPUR), U.P",8.2,8.22,4.2
2018,5,May,1,Uttar Pradesh,1073,"RIVER GANGA AT TARIGHAT (GHAZIPUR), U.P",7.1,8.25,4.8
2018,6,June,1,Uttar Pradesh,1073,"RIVER GANGA AT TARIGHAT (GHAZIPUR), U.P",6.8,8.22,5.0
2018,7,July,1,Uttar Pradesh,1073,"RIVER GANGA AT TARIGHAT (GHAZIPUR), U.P",7.0,8.27,4.8
2018,8,August,1,Uttar Pradesh,1073,"RIVER GANGA AT TARIGHAT (GHAZIPUR), U.P",6.7,8.22,4.4
2018,9,September,1,Uttar Pradesh,1073,"RIVER GANGA AT TARIGHAT (GHAZIPUR), U.P",6.5,8.16,4.4
2018,10,October,1,Uttar Pradesh,1073,"RIVER GANGA AT TARIGHAT (GHAZIPUR), U.P",6.6,8.25,4.2
2019,1,January,1,Uttar Pradesh,1073,"RIVER GANGA AT TARIGHAT (GHAZIPUR), U.P",7.3,8.2,3.9
2019,2,February,1,Uttar Pradesh,1073,"RIVER GANGA AT TARIGHAT (GHAZIPUR), U.P",7.4,8.2,3.3
2019,3,March,1,Uttar Pradesh,1073,"RIVER GANGA AT TARIGHAT (GHAZIPUR), U.P",7.4,8.2,3.6
2019,4,April,1,Uttar Pradesh,1073,"RIVER GANGA AT TARIGHAT (GHAZIPUR), U.P",7.5,8.2,3.6
2019,5,May,1,Uttar Pradesh,1073,"RIVER GANGA AT TARIGHAT (GHAZIPUR), U.P",7.5,8.2,3.5
2019,6,June,1,Uttar Pradesh,1073,"RIVER GANGA AT TARIGHAT (GHAZIPUR), U.P",7.6,8.3,3.6
2021,1,January,1,Uttar Pradesh,1073,"RIVER GANGA AT TARIGHAT (GHAZIPUR), U.P",7.4,8.4,3.7
2021,1,January,2,Uttar Pradesh,1073,"RIVER GANGA AT TARIGHAT (GHAZIPUR), U.P",7.8,8.5,3.8
2021,2,February,1,Uttar Pradesh,1073,"RIVER GANGA AT TARIGHAT (GHAZIPUR), U.P",8.4,8.2,3.5
2021,2,February,2,Uttar Pradesh,1073,"RIVER GANGA AT TARIGHAT (GHAZIPUR), U.P",8.8,8.26,3.7
2021,3,March,1,Uttar Pradesh,1073,"RIVER GANGA AT TARIGHAT (GHAZIPUR), U.P",7.7,8.18,4.2
2021,3,March,2,Uttar Pradesh,1073,"RIVER GANGA AT TARIGHAT (GHAZIPUR), U.P",8.0,8.25,3.8
2021,4,April,1,Uttar Pradesh,1073,"RIVER GANGA AT TARIGHAT (GHAZIPUR), U.P",7.5,8.3,4.3
2021,4,April,2,Uttar Pradesh,1073,"RIVER GANGA AT TARIGHAT (GHAZIPUR), U.P",7.7,8.27,4.0
2021,5,May,1,Uttar Pradesh,1073,"RIVER GANGA AT TARIGHAT (GHAZIPUR), U.P",7.5,8.31,4.2
2021,5,May,2,Uttar Pradesh,1073,"RIVER GANGA AT TARIGHAT (GHAZIPUR), U.P",7.6,8.34,4.4
2021,6,June,1,Uttar Pradesh,1073,"RIVER GANGA AT TARIGHAT (GHAZIPUR), U.P",7.2,8.29,4.0
2021,6,June,2,Uttar Pradesh,1073,"RIVER GANGA AT TARIGHAT (GHAZIPUR), U.P",7.4,8.32,4.3
2021,7,July,1,Uttar Pradesh,1073,"RIVER GANGA AT TARIGHAT (GHAZIPUR), U.P",6.8,8.29,4.2
2021,7,July,2,Uttar Pradesh,1073,"RIVER GANGA AT TARIGHAT (GHAZIPUR), U.P",7.2,8.34,4.0
2021,8,August,1,Uttar Pradesh,1073,"RIVER GANGA AT TARIGHAT (GHAZIPUR), U.P",6.3,7.79,4.3
2021,8,August,2,Uttar Pradesh,1073,"RIVER GANGA AT TARIGHAT (GHAZIPUR), U.P",6.6,7.68,3.8
2021,9,September,1,Uttar Pradesh,1073,"RIVER GANGA AT TARIGHAT (GHAZIPUR), U.P",6.0,7.68,3.8
2021,9,September,2,Uttar Pradesh,1073,"RIVER GANGA AT TARIGHAT (GHAZIPUR), U.P",6.3,7.65,4.0
2021,10,October,1,Uttar Pradesh,1073,"RIVER GANGA AT TARIGHAT (GHAZIPUR), U.P",6.4,7.38,3.8
2021,10,October,2,Uttar Pradesh,1073,"RIVER GANGA AT TARIGHAT (GHAZIPUR), U.P",6.6,7.42,3.6
2021,11,November,1,Uttar Pradesh,1073,"RIVER GANGA AT TARIGHAT (GHAZIPUR), U.P",6.4,7.56,4.0
2021,11,November,2,Uttar Pradesh,1073,"RIVER GANGA AT TARIGHAT (GHAZIPUR), U.P",7.0,7.81,3.7
2021,12,December,1,Uttar Pradesh,1073,"RIVER GANGA AT TARIGHAT (GHAZIPUR), U.P",7.5,7.92,3.7
2021,12,December,2,Uttar Pradesh,1073,"RIVER GANGA AT TARIGHAT (GHAZIPUR), U.P",8.6,7.98,3.4
2023,1,January,1,Uttar Pradesh,1073,"RIVER GANGA AT TARIGHAT (GHAZIPUR), U.P",7.8,7.98,3.8
2023,1,January,2,Uttar Pradesh,1073,"RIVER GANGA AT TARIGHAT (GHAZIPUR), U.P",8.0,7.92,4.0
2023,2,February,1,Uttar Pradesh,1073,"RIVER GANGA AT TARIGHAT (GHAZIPUR), U.P",7.5,7.96,4.2
2023,2,February,2,Uttar Pradesh,1073,"RIVER GANGA AT TARIGHAT (GHAZIPUR), U.P",8.2,7.94,4.5
2023,3,March,1,Uttar Pradesh,1073,"RIVER GANGA AT TARIGHAT (GHAZIPUR), U.P",7.2,7.82,4.4
2023,3,March,2,Uttar Pradesh,1073,"RIVER GANGA AT TARIGHAT (GHAZIPUR), U.P",7.3,7.88,4.5
2023,4,April,1,Uttar Pradesh,1073,"RIVER GANGA AT TARIGHAT (GHAZIPUR), U.P",7.0,7.78,4.3
2023,4,April,2,Uttar Pradesh,1073,"RIVER GANGA AT TARIGHAT (GHAZIPUR), U.P",7.2,7.75,4.4
2023,5,May,1,Uttar Pradesh,1073,"RIVER GANGA AT TARIGHAT (GHAZIPUR), U.P",6.8,7.73,4.4
2023,5,May,2,Uttar Pradesh,1073,"RIVER GANGA AT TARIGHAT (GHAZIPUR), U.P",7.0,7.7,4.6
2023,6,June,1,Uttar Pradesh,1073,"RIVER GANGA AT TARIGHAT (GHAZIPUR), U.P",6.5,7.65,4.6
2023,6,June,2,Uttar Pradesh,1073,"RIVER GANGA AT TARIGHAT (GHAZIPUR), U.P",6.7,7.88,4.7
2023,7,July,1,Uttar Pradesh,1073,"RIVER GANGA AT TARIGHAT (GHAZIPUR), U.P",6.8,7.72,4.4
2023,7,July,2,Uttar Pradesh,1073,"RIVER GANGA AT TARIGHAT (GHAZIPUR), U.P",7.0,7.66,4.5
2023,8,August,1,Uttar Pradesh,1073,"RIVER GANGA AT TARIGHAT (GHAZIPUR), U.P",6.7,7.65,4.6
2023,8,August,2,Uttar Pradesh,1073,"RIVER GANGA AT TARIGHAT (GHAZIPUR), U.P",6.9,7.68,4.4
2023,9,September,1,Uttar Pradesh,1073,"RIVER GANGA AT TARIGHAT (GHAZIPUR), U.P",6.5,7.68,4.6
2023,9,September,2,Uttar Pradesh,1073,"RIVER GANGA AT TARIGHAT (GHAZIPUR), U.P",6.5,7.72,4.5
2023,10,October,1,Uttar Pradesh,1073,"RIVER GANGA AT TARIGHAT (GHAZIPUR), U.P",6.7,7.73,4.0
2023,10,October,2,Uttar Pradesh,1073,"RIVER GANGA AT TARIGHAT (GHAZIPUR), U.P",6.9,7.82,3.8
2023,11,November,1,Uttar Pradesh,1073,"RIVER GANGA AT TARIGHAT (GHAZIPUR), U.P",7.2,7.84,3.6
2023,11,November,2,Uttar Pradesh,1073,"RIVER GANGA AT TARIGHAT (GHAZIPUR), U.P",7.3,7.75,3.7
2023,12,December,1,Uttar Pradesh,1073,"RIVER GANGA AT TARIGHAT (GHAZIPUR), U.P",7.4,7.82,3.6
2023,12,December,2,Uttar Pradesh,1073,"RIVER GANGA AT TARIGHAT (GHAZIPUR), U.P",7.6,7.85,3.5
2024,1,January,1,Uttar Pradesh,1073,TARIGHAT (GHAZIPUR),7.4,7.9,3.7
2024,1,January,2,Uttar Pradesh,1073,TARIGHAT (GHAZIPUR),7.6,7.92,3.5
2024,2,February,1,Uttar Pradesh,1073,TARIGHAT (GHAZIPUR),7.5,7.94,3.6
2024,2,February,2,Uttar Pradesh,1073,TARIGHAT (GHAZIPUR),7.4,7.89,3.8
2024,3,March,1,Uttar Pradesh,1073,TARIGHAT (GHAZIPUR),7.5,7.86,3.6
2024,3,March,2,Uttar Pradesh,1073,TARIGHAT (GHAZIPUR),7.6,7.88,3.5
2024,4,April,1,Uttar Pradesh,1073,TARIGHAT (GHAZIPUR),7.3,7.78,3.5
2024,4,April,2,Uttar Pradesh,1073,TARIGHAT (GHAZIPUR),7.1,7.74,3.7
2024,5,May,1,Uttar Pradesh,1073,TARIGHAT (GHAZIPUR),6.7,7.75,3.8
2024,5,May,2,Uttar Pradesh,1073,TARIGHAT (GHAZIPUR),6.8,7.78,3.7
2024,6,June,1,Uttar Pradesh,1073,TARIGHAT (GHAZIPUR),6.8,7.82,3.7
2024,6,June,2,Uttar Pradesh,1073,TARIGHAT (GHAZIPUR),6.7,7.75,3.8
2024,7,July,1,Uttar Pradesh,1073,TARIGHAT (GHAZIPUR),7.0,7.85,3.5
2024,7,July,2,Uttar Pradesh,1073,TARIGHAT (GHAZIPUR),6.7,7.76,3.7
2024,8,August,1,Uttar Pradesh,1073,TARIGHAT (GHAZIPUR),6.6,7.66,3.7
2024,8,August,2,Uttar Pradesh,1073,TARIGHAT (GHAZIPUR),6.4,7.64,3.8
2024,9,September,1,Uttar Pradesh,1073,TARIGHAT (GHAZIPUR),6.6,7.66,3.7
2024,9,September,2,Uttar Pradesh,1073,TARIGHAT (GHAZIPUR),6.4,7.65,3.8
2024,10,October,1,Uttar Pradesh,1073,TARIGHAT (GHAZIPUR),6.7,7.65,3.5
2024,10,October,2,Uttar Pradesh,1073,TARIGHAT (GHAZIPUR),6.8,7.68,3.5
2024,11,November,1,Uttar Pradesh,1073,TARIGHAT (GHAZIPUR),7.0,7.78,3.4
2024,11,November,2,Uttar Pradesh,1073,TARIGHAT (GHAZIPUR),7.5,7.86,3.6
2024,12,December,1,Uttar Pradesh,1073,TARIGHAT (GHAZIPUR),7.4,7.82,3.7
2024,12,December,2,Uttar Pradesh,1073,TARIGHAT (GHAZIPUR),7.7,7.88,3.5
2014,1,January,1,Bihar,1077," DIGHA, NEAR J P SETU, PATNA U/S",8.7,8.01,2.4
2014,2,February,1,Bihar,1077," DIGHA, NEAR J P SETU, PATNA U/S",9.7,8.24,2.5
2014,3,March,1,Bihar,1077," DIGHA, NEAR J P SETU, PATNA U/S",8.7,8.28,2.5
2014,5,May,1,Bihar,1077," DIGHA, NEAR J P SETU, PATNA U/S",7.9,8.36,2.4
2015,1,January,1,Bihar,1077," DIGHA, NEAR J P SETU, PATNA U/S",9.3,8.32,2.4
2015,2,February,1,Bihar,1077," DIGHA, NEAR J P SETU, PATNA U/S",9.1,8.55,2.3
2015,3,March,1,Bihar,1077," DIGHA, NEAR J P SETU, PATNA U/S",9.0,8.76,2.0
2015,4,April,1,Bihar,1077," DIGHA, NEAR J P SETU, PATNA U/S",7.4,8.18,2.4
2015,5,May,1,Bihar,1077," DIGHA, NEAR J P SETU, PATNA U/S",8.2,8.36,2.7
2015,6,June,1,Bihar,1077," DIGHA, NEAR J P SETU, PATNA U/S",7.8,8.59,2.9
2015,7,July,1,Bihar,1077," DIGHA, NEAR J P SETU, PATNA U/S",8.2,8.76,2.8
2015,8,August,1,Bihar,1077," DIGHA, NEAR J P SETU, PATNA U/S",7.7,9.15,2.6
2015,9,September,1,Bihar,1077," DIGHA, NEAR J P SETU, PATNA U/S",8.2,9.08,2.5
2015,10,October,1,Bihar,1077," DIGHA, NEAR J P SETU, PATNA U/S",8.0,8.9,2.4
2015,12,December,1,Bihar,1077," DIGHA, NEAR J P SETU, PATNA U/S",7.4,7.86,2.1
2016,1,January,1,Bihar,1077," DIGHA, NEAR J P SETU, PATNA U/S",8.6,8.25,2.0
2017,1,January,1,Bihar,1077," DIGHA, NEAR J P SETU, PATNA U/S",7.9,7.5,2.1
2017,2,February,1,Bihar,1077," DIGHA, NEAR J P SETU, PATNA U/S",9.0,8.46,2.6
2017,3,March,1,Bihar,1077," DIGHA, NEAR J P SETU, PATNA U/S",9.0,8.01,1.8
2017,4,April,1,Bihar,1077," DIGHA, NEAR J P SETU, PATNA U/S",8.9,8.43,2.0
2017,5,May,1,Bihar,1077," DIGHA, NEAR J P SETU, PATNA U/S",8.3,8.2,2.0
2017,6,June,1,Bihar,1077," DIGHA, NEAR J P SETU, PATNA U/S",7.4,8.3,2.5
2017,7,July,1,Bihar,1077," DIGHA, NEAR J P SETU, PATNA U/S",7.2,7.98,2.6
2017,8,August,1,Bihar,1077," DIGHA, NEAR J P SETU, PATNA U/S",7.7,7.82,2.4
2017,9,September,1,Bihar,1077," DIGHA, NEAR J P SETU, PATNA U/S",7.5,7.76,2.2
2017,10,October,1,Bihar,1077," DIGHA, NEAR J P SETU, PATNA U/S",7.2,8.0,2.6
2017,12,December,1,Bihar,1077," DIGHA, NEAR J P SETU, PATNA U/S",8.2,7.52,1.9
2020,8,August,2,Bihar,1077," DIGHA, NEAR J P SETU, PATNA U/S",5.8,7.5,2.2
2020,9,September,1,Bihar,1077," DIGHA, NEAR J P SETU, PATNA U/S",5.6,7.5,2.0
2020,9,September,2,Bihar,1077," DIGHA, NEAR J P SETU, PATNA U/S",8.0,7.8,1.6
2021,1,January,1,Bihar,1077," DIGHA, NEAR J P SETU, PATNA U/S",9.6,8.0,1.4
2021,1,January,2,Bihar,1077," DIGHA, NEAR J P SETU, PATNA U/S",9.9,7.8,2.0
2021,2,February,1,Bihar,1077," DIGHA, NEAR J P SETU, PATNA U/S",9.9,7.8,1.2
2021,2,February,2,Bihar,1077," DIGHA, NEAR J P SETU, PATNA U/S",8.7,7.98,1.4
2021,3,March,1,Bihar,1077," DIGHA, NEAR J P SETU, PATNA U/S",8.4,7.82,1.2
2021,3,March,2,Bihar,1077," DIGHA, NEAR J P SETU, PATNA U/S",10.0,7.82,2.3
2021,4,April,1,Bihar,1077," DIGHA, NEAR J P SETU, PATNA U/S",9.3,8.21,1.6
2021,4,April,2,Bihar,1077," DIGHA, NEAR J P SETU, PATNA U/S",9.2,8.17,1.2
2021,5,May,1,Bihar,1077," DIGHA, NEAR J P SETU, PATNA U/S",7.9,8.1,1.6
2021,5,May,2,Bihar,1077," DIGHA, NEAR J P SETU, PATNA U/S",8.3,7.13,1.2
2021,6,June,1,Bihar,1077," DIGHA, NEAR J P SETU, PATNA U/S",7.6,7.84,1.3
2021,6,June,2,Bihar,1077," DIGHA, NEAR J P SETU, PATNA U/S",7.2,8.18,1.5
2021,7,July,1,Bihar,1077," DIGHA, NEAR J P SETU, PATNA U/S",7.0,7.75,1.8
2021,7,July,2,Bihar,1077," DIGHA, NEAR J P SETU, PATNA U/S",6.0,7.05,4.0
2021,8,August,1,Bihar,1077," DIGHA, NEAR J P SETU, PATNA U/S",5.5,8.06,2.3
2021,8,August,2,Bihar,1077," DIGHA, NEAR J P SETU, PATNA U/S",6.1,7.94,2.2
2021,9,September,1,Bihar,1077," DIGHA, NEAR J P SETU, PATNA U/S",6.8,7.94,1.7
2021,9,September,2,Bihar,1077," DIGHA, NEAR J P SETU, PATNA U/S",7.3,8.02,1.5
2021,10,October,1,Bihar,1077," DIGHA, NEAR J P SETU, PATNA U/S",5.0,7.91,2.9
2021,10,October,2,Bihar,1077," DIGHA, NEAR J P SETU, PATNA U/S",6.0,7.57,2.7
2021,11,November,1,Bihar,1077," DIGHA, NEAR J P SETU, PATNA U/S",6.1,7.91,2.5
2021,11,November,2,Bihar,1077," DIGHA, NEAR J P SETU, PATNA U/S",7.9,8.1,1.6
2021,12,December,1,Bihar,1077," DIGHA, NEAR J P SETU, PATNA U/S",7.8,7.74,1.9
2021,12,December,2,Bihar,1077," DIGHA, NEAR J P SETU, PATNA U/S",9.8,8.42,1.3
2022,1,January,1,Bihar,1077," DIGHA, NEAR J P SETU, PATNA U/S",9.4,8.47,1.7
2022,2,February,1,Bihar,1077," DIGHA, NEAR J P SETU, PATNA U/S",10.4,8.2,1.0
2022,2,February,2,Bihar,1077," DIGHA, NEAR J P SETU, PATNA U/S",10.0,7.86,1.0
2022,3,March,1,Bihar,1077," DIGHA, NEAR J P SETU, PATNA U/S",9.0,7.77,1.3
2022,3,March,2,Bihar,1077," DIGHA, NEAR J P SETU, PATNA U/S",8.5,7.77,1.0
2022,4,April,1,Bihar,1077," DIGHA, NEAR J P SETU, PATNA U/S",9.6,8.13,1.0
2022,4,April,2,Bihar,1077," DIGHA, NEAR J P SETU, PATNA U/S",8.1,7.95,1.9
2022,5,May,1,Bihar,1077," DIGHA, NEAR J P SETU, PATNA U/S",8.2,8.13,1.6
2022,6,June,2,Bihar,1077," DIGHA, NEAR J P SETU, PATNA U/S",7.1,7.94,2.0
2022,7,July,1,Bihar,1077," DIGHA, NEAR J P SETU, PATNA U/S",7.0,7.56,2.1
2022,7,July,2,Bihar,1077," DIGHA, NEAR J P SETU, PATNA U/S",8.0,8.29,1.3
2022,8,August,1,Bihar,1077," DIGHA, NEAR J P SETU, PATNA U/S",6.3,7.14,2.9
2022,8,August,2,Bihar,1077," DIGHA, NEAR J P SETU, PATNA U/S",5.7,7.58,2.9
2022,9,September,1,Bihar,1077," DIGHA, NEAR J P SETU, PATNA U/S",6.9,7.21,1.7
2022,9,September,2,Bihar,1077," DIGHA, NEAR J P SETU, PATNA U/S",6.0,7.41,2.1
2022,10,October,1,Bihar,1077," DIGHA, NEAR J P SETU, PATNA U/S",7.0,7.83,1.6
2022,10,October,2,Bihar,1077," DIGHA, NEAR J P SETU, PATNA U/S",7.6,7.54,1.9
2022,11,November,1,Bihar,1077," DIGHA, NEAR J P SETU, PATNA U/S",7.1,7.41,1.9
2022,11,November,2,Bihar,1077," DIGHA, NEAR J P SETU, PATNA U/S",7.1,7.84,1.7
2022,12,December,1,Bihar,1077," DIGHA, NEAR J P SETU, PATNA U/S",8.3,7.98,1.0
2024,1,January,1,Bihar,1077,"KURJI AT DIGHA GHAT, U/S PATNA",7.2,7.5,2.0
2024,1,January,2,Bihar,1077,"KURJI AT DIGHA GHAT, U/S PATNA",7.7,7.64,1.5
2024,2,February,2,Bihar,1077,"KURJI AT DIGHA GHAT, U/S PATNA",7.5,7.43,1.4
2024,3,March,1,Bihar,1077,"KURJI AT DIGHA GHAT, U/S PATNA",7.8,7.63,1.0
2024,3,March,2,Bihar,1077,"KURJI AT DIGHA GHAT, U/S PATNA",7.8,7.54,1.0
2024,4,April,1,Bihar,1077,"KURJI AT DIGHA GHAT, U/S PATNA",7.8,7.64,1.5
2024,4,April,2,Bihar,1077,"KURJI AT DIGHA GHAT, U/S PATNA",7.9,7.73,1.5
2024,5,May,1,Bihar,1077,"KURJI AT DIGHA GHAT, U/S PATNA",8.5,7.55,1.8
2024,5,May,2,Bihar,1077,"KURJI AT DIGHA GHAT, U/S PATNA",8.7,7.55,1.8
2024,6,June,1,Bihar,1077,"KURJI AT DIGHA GHAT, U/S PATNA",7.7,7.59,1.3
2024,6,June,2,Bihar,1077,"KURJI AT DIGHA GHAT, U/S PATNA",7.7,7.59,1.3
2024,7,July,1,Bihar,1077,"KURJI AT DIGHA GHAT, U/S PATNA",7.4,7.56,1.2
2024,7,July,2,Bihar,1077,"KURJI AT DIGHA GHAT, U/S PATNA",7.3,7.58,1.2
2024,8,August,1,Bihar,1077,"KURJI AT DIGHA GHAT, U/S PATNA",6.0,7.75,1.9
2024,8,August,2,Bihar,1077,"KURJI AT DIGHA GHAT, U/S PATNA",7.2,7.5,1.8
2024,9,September,1,Bihar,1077,"KURJI AT DIGHA GHAT, U/S PATNA",6.3,7.4,1.9
2024,9,September,2,Bihar,1077,"KURJI AT DIGHA GHAT, U/S PATNA",6.4,7.55,1.0
2024,10,October,1,Bihar,1077,"KURJI AT DIGHA GHAT, U/S PATNA",6.9,7.62,2.0
2024,10,October,2,Bihar,1077,"KURJI AT DIGHA GHAT, U/S PATNA",7.1,7.8,1.0
2024,11,November,1,Bihar,1077,"KURJI AT DIGHA GHAT, U/S PATNA",7.5,7.68,1.2
2024,11,November,2,Bihar,1077,"KURJI AT DIGHA GHAT, U/S PATNA",8.1,7.41,1.2
2024,12,December,1,Bihar,1077,"KURJI AT DIGHA GHAT, U/S PATNA",8.0,7.75,1.5
2024,12,December,2,Bihar,1077,"KURJI AT DIGHA GHAT, U/S PATNA",8.5,7.7,2.5
2014,1,January,1,Bihar,1079," PATNA D/S (GANGA BRIDGE), GAIGHAT, PATNA",8.4,8.14,2.7
2014,2,February,1,Bihar,1079," PATNA D/S (GANGA BRIDGE), GAIGHAT, PATNA",9.3,8.15,2.7
2014,3,March,1,Bihar,1079," PATNA D/S (GANGA BRIDGE), GAIGHAT, PATNA",8.1,8.22,2.7
2014,5,May,1,Bihar,1079," PATNA D/S (GANGA BRIDGE), GAIGHAT, PATNA",7.6,8.28,2.6
2014,6,June,1,Bihar,1079," PATNA D/S (GANGA BRIDGE), GAIGHAT, PATNA",7.7,7.64,2.7
2014,7,July,1,Bihar,1079," PATNA D/S (GANGA BRIDGE), GAIGHAT, PATNA",7.8,7.82,2.7
2014,8,August,1,Bihar,1079," PATNA D/S (GANGA BRIDGE), GAIGHAT, PATNA",7.6,7.79,2.8
2014,9,September,1,Bihar,1079," PATNA D/S (GANGA BRIDGE), GAIGHAT, PATNA",7.4,8.12,2.7
2014,10,October,1,Bihar,1079," PATNA D/S (GANGA BRIDGE), GAIGHAT, PATNA",7.8,7.89,2.7
2014,11,November,1,Bihar,1079," PATNA D/S (GANGA BRIDGE), GAIGHAT, PATNA",7.7,7.88,2.7
2015,1,January,1,Bihar,1079," PATNA D/S (GANGA BRIDGE), GAIGHAT, PATNA",9.0,8.31,2.6
2015,2,February,1,Bihar,1079," PATNA D/S (GANGA BRIDGE), GAIGHAT, PATNA",8.8,9.16,2.5
2015,3,March,1,Bihar,1079," PATNA D/S (GANGA BRIDGE), GAIGHAT, PATNA",8.4,8.77,2.5
2015,4,April,1,Bihar,1079," PATNA D/S (GANGA BRIDGE), GAIGHAT, PATNA",7.2,8.33,2.6
2015,5,May,1,Bihar,1079," PATNA D/S (GANGA BRIDGE), GAIGHAT, PATNA",8.4,8.0,2.0
2015,6,June,1,Bihar,1079," PATNA D/S (GANGA BRIDGE), GAIGHAT, PATNA",8.2,8.62,2.2
2015,7,July,1,Bihar,1079," PATNA D/S (GANGA BRIDGE), GAIGHAT, PATNA",7.4,8.75,2.3
2015,8,August,1,Bihar,1079," PATNA D/S (GANGA BRIDGE), GAIGHAT, PATNA",7.6,9.16,2.7
2015,9,September,1,Bihar,1079," PATNA D/S (GANGA BRIDGE), GAIGHAT, PATNA",8.2,8.96,2.6
2015,10,October,1,Bihar,1079," PATNA D/S (GANGA BRIDGE), GAIGHAT, PATNA",8.0,8.69,2.7
2015,12,December,1,Bihar,1079," PATNA D/S (GANGA BRIDGE), GAIGHAT, PATNA",6.9,7.89,2.7
2016,1,January,1,Bihar,1079," PATNA D/S (GANGA BRIDGE), GAIGHAT, PATNA",8.6,8.21,2.8
2016,4,April,1,Bihar,1079," PATNA D/S (GANGA BRIDGE), GAIGHAT, PATNA",7.8,7.88,2.7
2016,6,June,1,Bihar,1079," PATNA D/S (GANGA BRIDGE), GAIGHAT, PATNA",7.8,7.44,2.6
2016,7,July,1,Bihar,1079," PATNA D/S (GANGA BRIDGE), GAIGHAT, PATNA",6.2,7.72,2.8
2016,8,August,1,Bihar,1079," PATNA D/S (GANGA BRIDGE), GAIGHAT, PATNA",7.5,7.54,2.8
2017,1,January,1,Bihar,1079," PATNA D/S (GANGA BRIDGE), GAIGHAT, PATNA",8.6,7.61,2.6
2017,2,February,1,Bihar,1079," PATNA D/S (GANGA BRIDGE), GAIGHAT, PATNA",8.6,8.6,2.8
2017,3,March,1,Bihar,1079," PATNA D/S (GANGA BRIDGE), GAIGHAT, PATNA",8.7,7.84,2.6
2017,4,April,1,Bihar,1079," PATNA D/S (GANGA BRIDGE), GAIGHAT, PATNA",8.8,8.74,2.7
2017,5,May,1,Bihar,1079," PATNA D/S (GANGA BRIDGE), GAIGHAT, PATNA",7.8,7.92,2.8
2017,6,June,1,Bihar,1079," PATNA D/S (GANGA BRIDGE), GAIGHAT, PATNA",7.5,8.14,1.9
2017,7,July,1,Bihar,1079," PATNA D/S (GANGA BRIDGE), GAIGHAT, PATNA",7.0,8.0,2.7
2017,8,August,1,Bihar,1079," PATNA D/S (GANGA BRIDGE), GAIGHAT, PATNA",7.6,7.24,2.9
2017,9,September,1,Bihar,1079," PATNA D/S (GANGA BRIDGE), GAIGHAT, PATNA",7.3,7.5,2.8
2017,10,October,1,Bihar,1079," PATNA D/S (GANGA BRIDGE), GAIGHAT, PATNA",7.4,7.98,2.6
2017,12,December,1,Bihar,1079," PATNA D/S (GANGA BRIDGE), GAIGHAT, PATNA",7.6,7.86,2.7
2018,1,January,1,Bihar,1079," PATNA D/S (GANGA BRIDGE), GAIGHAT, PATNA",11.7,7.48,2.1
2020,6,June,2,Bihar,1079," PATNA D/S (GANGA BRIDGE), GAIGHAT, PATNA",6.5,8.3,1.6
2020,7,July,2,Bihar,1079," PATNA D/S (GANGA BRIDGE), GAIGHAT, PATNA",6.0,7.9,1.8
2020,8,August,2,Bihar,1079," PATNA D/S (GANGA BRIDGE), GAIGHAT, PATNA",6.4,7.8,2.2
2020,9,September,1,Bihar,1079," PATNA D/S (GANGA BRIDGE), GAIGHAT, PATNA",5.8,7.8,2.0
2020,9,September,2,Bihar,1079," PATNA D/S (GANGA BRIDGE), GAIGHAT, PATNA",7.7,7.7,1.6
2021,1,January,1,Bihar,1079," PATNA D/S (GANGA BRIDGE), GAIGHAT, PATNA",9.5,7.7,1.4
2021,1,January,2,Bihar,1079," PATNA D/S (GANGA BRIDGE), GAIGHAT, PATNA",8.7,7.8,2.0
2021,2,February,1,Bihar,1079," PATNA D/S (GANGA BRIDGE), GAIGHAT, PATNA",8.2,7.49,1.2
2021,2,February,2,Bihar,1079," PATNA D/S (GANGA BRIDGE), GAIGHAT, PATNA",9.8,7.8,1.4
2021,3,March,1,Bihar,1079," PATNA D/S (GANGA BRIDGE), GAIGHAT, PATNA",7.7,7.24,1.2
2021,3,March,2,Bihar,1079," PATNA D/S (GANGA BRIDGE), GAIGHAT, PATNA",9.9,7.93,2.3
2021,4,April,1,Bihar,1079," PATNA D/S (GANGA BRIDGE), GAIGHAT, PATNA",7.9,8.07,1.6
2021,4,April,2,Bihar,1079," PATNA D/S (GANGA BRIDGE), GAIGHAT, PATNA",8.4,7.87,1.2
2021,5,May,1,Bihar,1079," PATNA D/S (GANGA BRIDGE), GAIGHAT, PATNA",8.2,7.95,1.6
2021,5,May,2,Bihar,1079," PATNA D/S (GANGA BRIDGE), GAIGHAT, PATNA",7.0,7.97,1.2
2021,6,June,1,Bihar,1079," PATNA D/S (GANGA BRIDGE), GAIGHAT, PATNA",7.1,7.76,1.3
2021,6,June,2,Bihar,1079," PATNA D/S (GANGA BRIDGE), GAIGHAT, PATNA",6.8,7.99,1.5
2021,7,July,1,Bihar,1079," PATNA D/S (GANGA BRIDGE), GAIGHAT, PATNA",6.0,7.55,1.8
2021,7,July,2,Bihar,1079," PATNA D/S (GANGA BRIDGE), GAIGHAT, PATNA",5.8,7.17,4.0
2021,8,August,1,Bihar,1079," PATNA D/S (GANGA BRIDGE), GAIGHAT, PATNA",4.3,7.77,2.3
2021,8,August,2,Bihar,1079," PATNA D/S (GANGA BRIDGE), GAIGHAT, PATNA",5.8,7.77,2.2
2021,9,September,1,Bihar,1079," PATNA D/S (GANGA BRIDGE), GAIGHAT, PATNA",5.0,7.58,1.7
2021,9,September,2,Bihar,1079," PATNA D/S (GANGA BRIDGE), GAIGHAT, PATNA",5.9,7.88,1.5
2021,10,October,1,Bihar,1079," PATNA D/S (GANGA BRIDGE), GAIGHAT, PATNA",5.9,7.89,2.9
2021,10,October,2,Bihar,1079," PATNA D/S (GANGA BRIDGE), GAIGHAT, PATNA",5.6,7.67,2.7
2021,11,November,1,Bihar,1079," PATNA D/S (GANGA BRIDGE), GAIGHAT, PATNA",6.5,7.87,2.5
2021,11,November,2,Bihar,1079," PATNA D/S (GANGA BRIDGE), GAIGHAT, PATNA",7.7,7.99,1.6
2021,12,December,1,Bihar,1079," PATNA D/S (GANGA BRIDGE), GAIGHAT, PATNA",7.4,8.35,1.9
2021,12,December,2,Bihar,1079," PATNA D/S (GANGA BRIDGE), GAIGHAT, PATNA",8.9,8.3,1.3
2022,1,January,2,Bihar,1079," PATNA D/S (GANGA BRIDGE), GAIGHAT, PATNA",8.1,8.17,1.7
2022,2,February,1,Bihar,1079," PATNA D/S (GANGA BRIDGE), GAIGHAT, PATNA",9.1,8.2,1.0
2022,2,February,2,Bihar,1079," PATNA D/S (GANGA BRIDGE), GAIGHAT, PATNA",8.9,8.06,1.0
2022,3,March,1,Bihar,1079," PATNA D/S (GANGA BRIDGE), GAIGHAT, PATNA",8.8,7.65,1.3
2022,3,March,2,Bihar,1079," PATNA D/S (GANGA BRIDGE), GAIGHAT, PATNA",7.1,7.9,1.0
2022,4,April,1,Bihar,1079," PATNA D/S (GANGA BRIDGE), GAIGHAT, PATNA",9.0,8.4,1.0
2022,4,April,2,Bihar,1079," PATNA D/S (GANGA BRIDGE), GAIGHAT, PATNA",7.8,7.58,1.9
2022,5,May,1,Bihar,1079," PATNA D/S (GANGA BRIDGE), GAIGHAT, PATNA",7.9,8.05,1.6
2022,5,May,2,Bihar,1079," PATNA D/S (GANGA BRIDGE), GAIGHAT, PATNA",7.2,8.03,1.5
2022,6,June,2,Bihar,1079," PATNA D/S (GANGA BRIDGE), GAIGHAT, PATNA",7.9,8.14,2.0
2022,7,July,1,Bihar,1079," PATNA D/S (GANGA BRIDGE), GAIGHAT, PATNA",6.4,7.37,2.1
2022,7,July,2,Bihar,1079," PATNA D/S (GANGA BRIDGE), GAIGHAT, PATNA",7.8,7.18,1.3
2022,8,August,1,Bihar,1079," PATNA D/S (GANGA BRIDGE), GAIGHAT, PATNA",6.2,7.57,2.9
2022,8,August,2,Bihar,1079," PATNA D/S (GANGA BRIDGE), GAIGHAT, PATNA",5.2,7.24,2.9
2022,9,September,1,Bihar,1079," PATNA D/S (GANGA BRIDGE), GAIGHAT, PATNA",6.9,7.35,1.7
2022,9,September,2,Bihar,1079," PATNA D/S (GANGA BRIDGE), GAIGHAT, PATNA",5.8,7.12,2.1
2022,10,October,1,Bihar,1079," PATNA D/S (GANGA BRIDGE), GAIGHAT, PATNA",6.0,7.23,1.6
2022,10,October,2,Bihar,1079," PATNA D/S (GANGA BRIDGE), GAIGHAT, PATNA",7.4,7.58,1.9
2022,11,November,1,Bihar,1079," PATNA D/S (GANGA BRIDGE), GAIGHAT, PATNA",7.3,7.74,1.9
2022,11,November,2,Bihar,1079," PATNA D/S (GANGA BRIDGE), GAIGHAT, PATNA",7.4,7.63,1.7
2022,12,December,1,Bihar,1079," PATNA D/S (GANGA BRIDGE), GAIGHAT, PATNA",8.0,7.76,1.0
2022,12,December,2,Bihar,1079," PATNA D/S (GANGA BRIDGE), GAIGHAT, PATNA",8.7,8.17,1.3
2024,1,January,1,Bihar,1079,PATNA D/S (GANGA BRIDGE),7.4,7.42,2.1
2024,1,January,2,Bihar,1079,PATNA D/S (GANGA BRIDGE),7.5,7.74,2.1
2024,2,February,1,Bihar,1079,PATNA D/S (GANGA BRIDGE),6.9,7.44,1.3
2024,2,February,2,Bihar,1079,PATNA D/S (GANGA BRIDGE),6.9,7.44,1.3
2024,3,March,1,Bihar,1079,PATNA D/S (GANGA BRIDGE),7.4,7.71,1.1
2024,3,March,2,Bihar,1079,PATNA D/S (GANGA BRIDGE),7.5,7.48,1.3
2024,4,April,1,Bihar,1079,PATNA D/S (GANGA BRIDGE),7.4,7.56,2.2
2024,4,April,2,Bihar,1079,PATNA D/S (GANGA BRIDGE),7.8,7.63,2.2
2024,5,May,1,Bihar,1079,PATNA D/S (GANGA BRIDGE),7.8,7.35,2.4
2024,5,May,2,Bihar,1079,PATNA D/S (GANGA BRIDGE),8.5,7.35,2.4
2024,6,June,1,Bihar,1079,PATNA D/S (GANGA BRIDGE),7.7,7.89,1.7
2024,6,June,2,Bihar,1079,PATNA D/S (GANGA BRIDGE),7.2,8.08,1.6
2024,7,July,1,Bihar,1079,PATNA D/S (GANGA BRIDGE),7.5,7.42,2.0
2024,7,July,2,Bihar,1079,PATNA D/S (GANGA BRIDGE),7.4,7.42,2.0
2024,8,August,1,Bihar,1079,PATNA D/S (GANGA BRIDGE),6.0,7.63,2.3
2024,8,August,2,Bihar,1079,PATNA D/S (GANGA BRIDGE),7.0,7.5,2.6
2024,9,September,1,Bihar,1079,PATNA D/S (GANGA BRIDGE),5.7,7.6,2.7
2024,9,September,2,Bihar,1079,PATNA D/S (GANGA BRIDGE),7.0,7.59,2.5
2024,11,November,1,Bihar,1079,PATNA D/S (GANGA BRIDGE),7.4,7.74,1.5
2024,11,November,2,Bihar,1079,PATNA D/S (GANGA BRIDGE),7.8,7.67,1.4
2024,12,December,1,Bihar,1079,PATNA D/S (GANGA BRIDGE),7.9,7.65,1.2
2024,12,December,2,Bihar,1079,PATNA D/S (GANGA BRIDGE),8.2,7.7,1.0
2017,2,February,1,Uttar Pradesh,1145,"RIVER GANGA AT NARORA (BULANDSAHAR), U.P.",8.1,7.4,3.7
2017,3,March,1,Uttar Pradesh,1145,"RIVER GANGA AT NARORA (BULANDSAHAR), U.P.",7.8,7.3,4.2
2017,4,April,1,Uttar Pradesh,1145,"RIVER GANGA AT NARORA (BULANDSAHAR), U.P.",7.9,7.2,4.1
2017,5,May,1,Uttar Pradesh,1145,"RIVER GANGA AT NARORA (BULANDSAHAR), U.P.",6.9,7.2,3.8
2017,6,June,1,Uttar Pradesh,1145,"RIVER GANGA AT NARORA (BULANDSAHAR), U.P.",7.2,7.3,2.8
2017,7,July,1,Uttar Pradesh,1145,"RIVER GANGA AT NARORA (BULANDSAHAR), U.P.",7.6,7.4,2.8
2017,8,August,1,Uttar Pradesh,1145,"RIVER GANGA AT NARORA (BULANDSAHAR), U.P.",7.5,7.0,2.0
2017,9,September,1,Uttar Pradesh,1145,"RIVER GANGA AT NARORA (BULANDSAHAR), U.P.",7.4,7.3,1.6
2017,10,October,1,Uttar Pradesh,1145,"RIVER GANGA AT NARORA (BULANDSAHAR), U.P.",7.7,7.6,1.4
2020,1,January,1,Uttar Pradesh,1145,"RIVER GANGA AT NARORA (BULANDSAHAR), U.P.",9.2,7.2,1.0
2020,8,August,1,Uttar Pradesh,1145,"RIVER GANGA AT NARORA (BULANDSAHAR), U.P.",7.8,7.1,2.4
2020,8,August,2,Uttar Pradesh,1145,"RIVER GANGA AT NARORA (BULANDSAHAR), U.P.",8.0,7.1,2.6
2020,9,September,1,Uttar Pradesh,1145,"RIVER GANGA AT NARORA (BULANDSAHAR), U.P.",8.1,7.1,1.2
2020,9,September,2,Uttar Pradesh,1145,"RIVER GANGA AT NARORA (BULANDSAHAR), U.P.",8.1,7.3,1.0
2020,10,October,1,Uttar Pradesh,1145,"RIVER GANGA AT NARORA (BULANDSAHAR), U.P.",7.9,7.1,1.6
2020,10,October,2,Uttar Pradesh,1145,"RIVER GANGA AT NARORA (BULANDSAHAR), U.P.",8.1,7.0,1.3
2020,11,November,1,Uttar Pradesh,1145,"RIVER GANGA AT NARORA (BULANDSAHAR), U.P.",8.6,7.1,1.1
2020,11,November,2,Uttar Pradesh,1145,"RIVER GANGA AT NARORA (BULANDSAHAR), U.P.",8.6,7.2,1.5
2020,12,December,1,Uttar Pradesh,1145,"RIVER GANGA AT NARORA (BULANDSAHAR), U.P.",8.8,7.2,1.0
2021,1,January,1,Uttar Pradesh,1145,"RIVER GANGA AT NARORA (BULANDSAHAR), U.P.",8.3,7.2,1.3
2021,1,January,2,Uttar Pradesh,1145,"RIVER GANGA AT NARORA (BULANDSAHAR), U.P.",8.9,7.1,1.1
2021,2,February,1,Uttar Pradesh,1145,"RIVER GANGA AT NARORA (BULANDSAHAR), U.P.",7.8,7.3,1.6
2021,2,February,2,Uttar Pradesh,1145,"RIVER GANGA AT NARORA (BULANDSAHAR), U.P.",9.1,7.3,1.4
2021,3,March,1,Uttar Pradesh,1145,"RIVER GANGA AT NARORA (BULANDSAHAR), U.P.",8.9,7.3,1.3
2021,3,March,2,Uttar Pradesh,1145,"RIVER GANGA AT NARORA (BULANDSAHAR), U.P.",9.1,7.1,1.5
2021,4,April,1,Uttar Pradesh,1145,"RIVER GANGA AT NARORA (BULANDSAHAR), U.P.",7.1,7.2,1.4
2021,4,April,2,Uttar Pradesh,1145,"RIVER GANGA AT NARORA (BULANDSAHAR), U.P.",8.1,7.2,2.3
2021,5,May,1,Uttar Pradesh,1145,"RIVER GANGA AT NARORA (BULANDSAHAR), U.P.",7.1,7.0,2.1
2021,5,May,2,Uttar Pradesh,1145,"RIVER GANGA AT NARORA (BULANDSAHAR), U.P.",8.7,7.2,1.8
2021,6,June,1,Uttar Pradesh,1145,"RIVER GANGA AT NARORA (BULANDSAHAR), U.P.",6.7,7.2,2.5
2021,6,June,2,Uttar Pradesh,1145,"RIVER GANGA AT NARORA (BULANDSAHAR), U.P.",7.2,7.2,2.3
2021,7,July,1,Uttar Pradesh,1145,"RIVER GANGA AT NARORA (BULANDSAHAR), U.P.",6.8,7.18,2.9
2021,7,July,2,Uttar Pradesh,1145,"RIVER GANGA AT NARORA (BULANDSAHAR), U.P.",7.0,7.33,1.6
2021,8,August,1,Uttar Pradesh,1145,"RIVER GANGA AT NARORA (BULANDSAHAR), U.P.",6.3,7.13,2.0
2021,9,September,1,Uttar Pradesh,1145,"RIVER GANGA AT NARORA (BULANDSAHAR), U.P.",7.8,7.13,2.0
2021,9,September,2,Uttar Pradesh,1145,"RIVER GANGA AT NARORA (BULANDSAHAR), U.P.",7.9,7.14,1.9
2021,10,October,1,Uttar Pradesh,1145,"RIVER GANGA AT NARORA (BULANDSAHAR), U.P.",8.0,7.19,1.7
2021,10,October,2,Uttar Pradesh,1145,"RIVER GANGA AT NARORA (BULANDSAHAR), U.P.",8.4,7.55,1.4
2021,11,November,1,Uttar Pradesh,1145,"RIVER GANGA AT NARORA (BULANDSAHAR), U.P.",7.7,7.11,1.2
2021,11,November,2,Uttar Pradesh,1145,"RIVER GANGA AT NARORA (BULANDSAHAR), U.P.",8.9,7.16,2.2
2021,12,December,1,Uttar Pradesh,1145,"RIVER GANGA AT NARORA (BULANDSAHAR), U.P.",8.7,7.15,1.7
2021,12,December,2,Uttar Pradesh,1145,"RIVER GANGA AT NARORA (BULANDSAHAR), U.P.",9.1,7.31,1.1
2023,1,January,1,Uttar Pradesh,1145,"RIVER GANGA AT NARORA (BULANDSAHAR), U.P.",9.2,7.34,2.6
2023,1,January,2,Uttar Pradesh,1145,"RIVER GANGA AT NARORA (BULANDSAHAR), U.P.",9.7,7.32,1.4
2023,2,February,1,Uttar Pradesh,1145,"RIVER GANGA AT NARORA (BULANDSAHAR), U.P.",10.4,7.32,1.2
2023,2,February,2,Uttar Pradesh,1145,"RIVER GANGA AT NARORA (BULANDSAHAR), U.P.",9.3,7.19,2.0
2023,3,March,1,Uttar Pradesh,1145,"RIVER GANGA AT NARORA (BULANDSAHAR), U.P.",9.5,7.34,2.0
2023,3,March,2,Uttar Pradesh,1145,"RIVER GANGA AT NARORA (BULANDSAHAR), U.P.",9.7,7.15,1.4
2023,4,April,1,Uttar Pradesh,1145,"RIVER GANGA AT NARORA (BULANDSAHAR), U.P.",8.4,7.33,1.8
2023,4,April,2,Uttar Pradesh,1145,"RIVER GANGA AT NARORA (BULANDSAHAR), U.P.",8.7,7.36,2.4
2023,5,May,1,Uttar Pradesh,1145,"RIVER GANGA AT NARORA (BULANDSAHAR), U.P.",8.2,7.34,2.8
2023,5,May,2,Uttar Pradesh,1145,"RIVER GANGA AT NARORA (BULANDSAHAR), U.P.",9.6,7.33,2.3
2023,6,June,1,Uttar Pradesh,1145,"RIVER GANGA AT NARORA (BULANDSAHAR), U.P.",7.3,7.19,1.9
2023,6,June,2,Uttar Pradesh,1145,"RIVER GANGA AT NARORA (BULANDSAHAR), U.P.",7.8,7.19,2.3
2023,7,July,1,Uttar Pradesh,1145,"RIVER GANGA AT NARORA (BULANDSAHAR), U.P.",8.8,7.24,1.5
2023,7,July,2,Uttar Pradesh,1145,"RIVER GANGA AT NARORA (BULANDSAHAR), U.P.",9.8,7.04,1.4
2023,8,August,1,Uttar Pradesh,1145,"RIVER GANGA AT NARORA (BULANDSAHAR), U.P.",8.6,7.23,1.2
2023,8,August,2,Uttar Pradesh,1145,"RIVER GANGA AT NARORA (BULANDSAHAR), U.P.",9.1,7.15,1.5
2023,9,September,1,Uttar Pradesh,1145,"RIVER GANGA AT NARORA (BULANDSAHAR), U.P.",8.8,7.34,1.2
2023,9,September,2,Uttar Pradesh,1145,"RIVER GANGA AT NARORA (BULANDSAHAR), U.P.",8.8,7.19,1.0
2023,10,October,1,Uttar Pradesh,1145,"RIVER GANGA AT NARORA (BULANDSAHAR), U.P.",8.2,7.23,2.6
2023,10,October,2,Uttar Pradesh,1145,"RIVER GANGA AT NARORA (BULANDSAHAR), U.P.",8.5,7.27,2.1
2023,11,November,1,Uttar Pradesh,1145,"RIVER GANGA AT NARORA (BULANDSAHAR), U.P.",9.0,7.18,2.2
2023,11,November,2,Uttar Pradesh,1145,"RIVER GANGA AT NARORA (BULANDSAHAR), U.P.",9.8,7.23,1.9
2023,12,December,1,Uttar Pradesh,1145,"RIVER GANGA AT NARORA (BULANDSAHAR), U.P.",10.2,7.13,1.1
2023,12,December,2,Uttar Pradesh,1145,"RIVER GANGA AT NARORA (BULANDSAHAR), U.P.",9.7,7.17,1.6
2024,1,January,1,Uttar Pradesh,1145,NARORA (BULANDSAHAR),9.8,7.18,1.2
2024,1,January,2,Uttar Pradesh,1145,NARORA (BULANDSAHAR),10.2,7.22,1.0
2024,2,February,1,Uttar Pradesh,1145,NARORA (BULANDSAHAR),9.6,7.25,1.6
2024,2,February,2,Uttar Pradesh,1145,NARORA (BULANDSAHAR),8.9,7.26,1.8
2024,3,March,1,Uttar Pradesh,1145,NARORA (BULANDSAHAR),9.0,7.23,2.1
2024,3,March,2,Uttar Pradesh,1145,NARORA (BULANDSAHAR),9.1,7.37,1.6
2024,4,April,1,Uttar Pradesh,1145,NARORA (BULANDSAHAR),8.3,7.17,2.2
2024,4,April,2,Uttar Pradesh,1145,NARORA (BULANDSAHAR),8.6,7.27,2.0
2024,5,May,1,Uttar Pradesh,1145,NARORA (BULANDSAHAR),8.2,7.16,2.3
2024,5,May,2,Uttar Pradesh,1145,NARORA (BULANDSAHAR),8.2,7.16,2.0
2024,6,June,1,Uttar Pradesh,1145,NARORA (BULANDSAHAR),7.2,7.14,2.0
2024,6,June,2,Uttar Pradesh,1145,NARORA (BULANDSAHAR),7.2,7.28,2.4
2024,7,July,1,Uttar Pradesh,1145,NARORA (BULANDSAHAR),8.2,7.27,2.5
2024,7,July,2,Uttar Pradesh,1145,NARORA (BULANDSAHAR),8.3,7.23,2.2
2024,8,August,1,Uttar Pradesh,1145,NARORA (BULANDSAHAR),8.3,7.26,2.0
2024,8,August,2,Uttar Pradesh,1145,NARORA (BULANDSAHAR),8.8,7.22,2.6
2024,9,September,1,Uttar Pradesh,1145,NARORA (BULANDSAHAR),8.5,7.16,2.2
2024,9,September,2,Uttar Pradesh,1145,NARORA (BULANDSAHAR),9.9,7.29,1.0
2024,10,October,1,Uttar Pradesh,1145,NARORA (BULANDSAHAR),8.8,7.21,1.2
2024,10,October,2,Uttar Pradesh,1145,NARORA (BULANDSAHAR),9.0,7.23,1.2
2024,11,November,1,Uttar Pradesh,1145,NARORA (BULANDSAHAR),9.2,7.19,1.1
2024,11,November,2,Uttar Pradesh,1145,NARORA (BULANDSAHAR),8.1,7.22,1.2
2024,12,December,1,Uttar Pradesh,1145,NARORA (BULANDSAHAR),10.3,7.23,1.4
2024,12,December,2,Uttar Pradesh,1145,NARORA (BULANDSAHAR),10.3,7.15,1.3
2014,1,January,1,Uttar Pradesh,1146,"RIVER GANGA AT BITHOOR (KANPUR), U.P.",9.8,8.27,3.3
2014,5,May,1,Uttar Pradesh,1146,"RIVER GANGA AT BITHOOR (KANPUR), U.P.",7.4,8.18,3.2
2014,6,June,1,Uttar Pradesh,1146,"RIVER GANGA AT BITHOOR (KANPUR), U.P.",6.8,7.8,3.3
2014,7,July,1,Uttar Pradesh,1146,"RIVER GANGA AT BITHOOR (KANPUR), U.P.",8.9,8.29,4.4
2014,8,August,1,Uttar Pradesh,1146,"RIVER GANGA AT BITHOOR (KANPUR), U.P.",6.4,7.99,2.2
2014,11,November,1,Uttar Pradesh,1146,"RIVER GANGA AT BITHOOR (KANPUR), U.P.",8.7,8.29,2.4
2015,5,May,1,Uttar Pradesh,1146,"RIVER GANGA AT BITHOOR (KANPUR), U.P.",8.8,8.26,3.2
2015,6,June,1,Uttar Pradesh,1146,"RIVER GANGA AT BITHOOR (KANPUR), U.P.",6.9,8.2,3.2
2015,7,July,1,Uttar Pradesh,1146,"RIVER GANGA AT BITHOOR (KANPUR), U.P.",6.6,7.44,2.1
2015,8,August,1,Uttar Pradesh,1146,"RIVER GANGA AT BITHOOR (KANPUR), U.P.",7.2,8.78,2.6
2015,9,September,1,Uttar Pradesh,1146,"RIVER GANGA AT BITHOOR (KANPUR), U.P.",8.0,8.32,3.0
2015,10,October,1,Uttar Pradesh,1146,"RIVER GANGA AT BITHOOR (KANPUR), U.P.",9.4,8.14,2.7
2015,11,November,1,Uttar Pradesh,1146,"RIVER GANGA AT BITHOOR (KANPUR), U.P.",9.0,8.46,2.6
2016,1,January,1,Uttar Pradesh,1146,"RIVER GANGA AT BITHOOR (KANPUR), U.P.",9.6,7.64,3.4
2016,2,February,1,Uttar Pradesh,1146,"RIVER GANGA AT BITHOOR (KANPUR), U.P.",9.9,7.78,2.8
2016,3,March,1,Uttar Pradesh,1146,"RIVER GANGA AT BITHOOR (KANPUR), U.P.",9.8,8.37,3.0
2016,4,April,1,Uttar Pradesh,1146,"RIVER GANGA AT BITHOOR (KANPUR), U.P.",8.3,7.78,3.6
2016,5,May,1,Uttar Pradesh,1146,"RIVER GANGA AT BITHOOR (KANPUR), U.P.",8.8,8.34,3.2
2016,6,June,1,Uttar Pradesh,1146,"RIVER GANGA AT BITHOOR (KANPUR), U.P.",8.5,8.14,3.2
2016,7,July,1,Uttar Pradesh,1146,"RIVER GANGA AT BITHOOR (KANPUR), U.P.",7.0,6.9,2.9
2016,8,August,1,Uttar Pradesh,1146,"RIVER GANGA AT BITHOOR (KANPUR), U.P.",7.7,6.94,2.8
2016,9,September,1,Uttar Pradesh,1146,"RIVER GANGA AT BITHOOR (KANPUR), U.P.",7.7,7.08,2.6
2016,10,October,1,Uttar Pradesh,1146,"RIVER GANGA AT BITHOOR (KANPUR), U.P.",7.8,8.14,2.8
2016,11,November,1,Uttar Pradesh,1146,"RIVER GANGA AT BITHOOR (KANPUR), U.P.",8.4,7.82,2.4
2016,12,December,1,Uttar Pradesh,1146,"RIVER GANGA AT BITHOOR (KANPUR), U.P.",9.2,7.58,2.6
2017,2,February,1,Uttar Pradesh,1146,"RIVER GANGA AT BITHOOR (KANPUR), U.P.",9.0,8.77,3.1
2017,3,March,1,Uttar Pradesh,1146,"RIVER GANGA AT BITHOOR (KANPUR), U.P.",8.6,8.15,3.0
2017,4,April,1,Uttar Pradesh,1146,"RIVER GANGA AT BITHOOR (KANPUR), U.P.",7.5,8.14,3.5
2017,5,May,1,Uttar Pradesh,1146,"RIVER GANGA AT BITHOOR (KANPUR), U.P.",8.7,8.24,3.4
2017,6,June,1,Uttar Pradesh,1146,"RIVER GANGA AT BITHOOR (KANPUR), U.P.",7.0,8.45,3.3
2017,7,July,1,Uttar Pradesh,1146,"RIVER GANGA AT BITHOOR (KANPUR), U.P.",6.6,7.64,3.2
2017,8,August,1,Uttar Pradesh,1146,"RIVER GANGA AT BITHOOR (KANPUR), U.P.",6.2,7.34,3.3
2017,9,September,1,Uttar Pradesh,1146,"RIVER GANGA AT BITHOOR (KANPUR), U.P.",6.2,7.63,3.0
2017,10,October,1,Uttar Pradesh,1146,"RIVER GANGA AT BITHOOR (KANPUR), U.P.",6.8,7.72,2.6
2017,11,November,1,Uttar Pradesh,1146,"RIVER GANGA AT BITHOOR (KANPUR), U.P.",8.1,7.75,3.4
2018,1,January,1,Uttar Pradesh,1146,"RIVER GANGA AT BITHOOR (KANPUR), U.P.",11.6,8.51,3.7
2018,2,February,1,Uttar Pradesh,1146,"RIVER GANGA AT BITHOOR (KANPUR), U.P.",9.8,8.61,3.5
2018,3,March,1,Uttar Pradesh,1146,"RIVER GANGA AT BITHOOR (KANPUR), U.P.",8.8,8.7,3.3
2018,4,April,1,Uttar Pradesh,1146,"RIVER GANGA AT BITHOOR (KANPUR), U.P.",8.3,8.73,3.5
2018,5,May,1,Uttar Pradesh,1146,"RIVER GANGA AT BITHOOR (KANPUR), U.P.",8.1,8.46,3.8
2018,6,June,1,Uttar Pradesh,1146,"RIVER GANGA AT BITHOOR (KANPUR), U.P.",7.7,8.38,3.5
2018,7,July,1,Uttar Pradesh,1146,"RIVER GANGA AT BITHOOR (KANPUR), U.P.",6.7,8.19,3.4
2018,8,August,1,Uttar Pradesh,1146,"RIVER GANGA AT BITHOOR (KANPUR), U.P.",6.8,7.77,3.6
2018,9,September,1,Uttar Pradesh,1146,"RIVER GANGA AT BITHOOR (KANPUR), U.P.",7.0,7.85,3.1
2018,10,October,1,Uttar Pradesh,1146,"RIVER GANGA AT BITHOOR (KANPUR), U.P.",7.5,8.16,3.0
2019,1,January,1,Uttar Pradesh,1146,"RIVER GANGA AT BITHOOR (KANPUR), U.P.",10.0,8.5,2.5
2019,2,February,1,Uttar Pradesh,1146,"RIVER GANGA AT BITHOOR (KANPUR), U.P.",10.4,8.4,2.3
2019,3,March,1,Uttar Pradesh,1146,"RIVER GANGA AT BITHOOR (KANPUR), U.P.",10.6,8.6,2.5
2019,4,April,1,Uttar Pradesh,1146,"RIVER GANGA AT BITHOOR (KANPUR), U.P.",6.1,8.4,4.0
2020,1,January,1,Uttar Pradesh,1146,"RIVER GANGA AT BITHOOR (KANPUR), U.P.",10.4,8.5,2.6
2020,8,August,2,Uttar Pradesh,1146,"RIVER GANGA AT BITHOOR (KANPUR), U.P.",6.2,7.6,3.2
2020,9,September,1,Uttar Pradesh,1146,"RIVER GANGA AT BITHOOR (KANPUR), U.P.",6.4,8.1,2.8
2020,9,September,2,Uttar Pradesh,1146,"RIVER GANGA AT BITHOOR (KANPUR), U.P.",6.2,7.8,2.7
2020,10,October,1,Uttar Pradesh,1146,"RIVER GANGA AT BITHOOR (KANPUR), U.P.",7.8,8.4,3.0
2020,10,October,2,Uttar Pradesh,1146,"RIVER GANGA AT BITHOOR (KANPUR), U.P.",8.6,8.4,3.0
2020,11,November,1,Uttar Pradesh,1146,"RIVER GANGA AT BITHOOR (KANPUR), U.P.",8.5,8.5,3.1
2020,11,November,2,Uttar Pradesh,1146,"RIVER GANGA AT BITHOOR (KANPUR), U.P.",8.8,7.8,3.2
2020,12,December,1,Uttar Pradesh,1146,"RIVER GANGA AT BITHOOR (KANPUR), U.P.",11.2,8.6,3.2
2020,12,December,2,Uttar Pradesh,1146,"RIVER GANGA AT BITHOOR (KANPUR), U.P.",12.0,8.4,3.1
2021,1,January,1,Uttar Pradesh,1146,"RIVER GANGA AT BITHOOR (KANPUR), U.P.",11.2,8.49,3.1
2021,1,January,2,Uttar Pradesh,1146,"RIVER GANGA AT BITHOOR (KANPUR), U.P.",11.5,8.4,3.0
2021,2,February,1,Uttar Pradesh,1146,"RIVER GANGA AT BITHOOR (KANPUR), U.P.",11.5,8.46,3.0
2021,4,April,1,Uttar Pradesh,1146,"RIVER GANGA AT BITHOOR (KANPUR), U.P.",8.6,8.42,3.0
2021,4,April,2,Uttar Pradesh,1146,"RIVER GANGA AT BITHOOR (KANPUR), U.P.",8.6,8.34,3.1
2021,5,May,1,Uttar Pradesh,1146,"RIVER GANGA AT BITHOOR (KANPUR), U.P.",8.1,8.48,3.1
2021,7,July,1,Uttar Pradesh,1146,"RIVER GANGA AT BITHOOR (KANPUR), U.P.",6.2,8.29,3.3
2021,7,July,2,Uttar Pradesh,1146,"RIVER GANGA AT BITHOOR (KANPUR), U.P.",7.2,8.26,3.1
2021,8,August,1,Uttar Pradesh,1146,"RIVER GANGA AT BITHOOR (KANPUR), U.P.",6.8,8.16,3.2
2021,11,November,1,Uttar Pradesh,1146,"RIVER GANGA AT BITHOOR (KANPUR), U.P.",6.3,8.4,3.3
2021,12,December,1,Uttar Pradesh,1146,"RIVER GANGA AT BITHOOR (KANPUR), U.P.",8.4,8.39,3.0
2023,1,January,1,Uttar Pradesh,1146,"RIVER GANGA AT BITHOOR (KANPUR), U.P.",10.8,8.42,3.0
2023,1,January,2,Uttar Pradesh,1146,"RIVER GANGA AT BITHOOR (KANPUR), U.P.",11.2,8.29,3.2
2023,3,March,1,Uttar Pradesh,1146,"RIVER GANGA AT BITHOOR (KANPUR), U.P.",9.2,8.47,3.7
2023,3,March,2,Uttar Pradesh,1146,"RIVER GANGA AT BITHOOR (KANPUR), U.P.",9.6,8.33,3.4
2023,4,April,1,Uttar Pradesh,1146,"RIVER GANGA AT BITHOOR (KANPUR), U.P.",8.1,8.48,3.5
2023,4,April,2,Uttar Pradesh,1146,"RIVER GANGA AT BITHOOR (KANPUR), U.P.",8.4,8.38,3.8
2023,5,May,1,Uttar Pradesh,1146,"RIVER GANGA AT BITHOOR (KANPUR), U.P.",7.9,8.51,3.9
2023,6,June,1,Uttar Pradesh,1146,"RIVER GANGA AT BITHOOR (KANPUR), U.P.",7.5,8.42,3.5
2023,7,July,1,Uttar Pradesh,1146,"RIVER GANGA AT BITHOOR (KANPUR), U.P.",6.3,8.23,4.1
2023,7,July,2,Uttar Pradesh,1146,"RIVER GANGA AT BITHOOR (KANPUR), U.P.",7.2,8.12,3.3
2023,8,August,1,Uttar Pradesh,1146,"RIVER GANGA AT BITHOOR (KANPUR), U.P.",6.2,7.88,3.1
2023,8,August,2,Uttar Pradesh,1146,"RIVER GANGA AT BITHOOR (KANPUR), U.P.",6.4,7.89,3.2
2023,9,September,1,Uttar Pradesh,1146,"RIVER GANGA AT BITHOOR (KANPUR), U.P.",6.5,7.83,3.1
2023,10,October,1,Uttar Pradesh,1146,"RIVER GANGA AT BITHOOR (KANPUR), U.P.",8.0,8.21,3.8
2024,1,January,1,Uttar Pradesh,1146,BITHOOR (KANPUR),10.5,8.48,3.1
2024,1,January,2,Uttar Pradesh,1146,BITHOOR (KANPUR),11.1,8.43,3.0
2024,2,February,1,Uttar Pradesh,1146,BITHOOR (KANPUR),10.9,8.42,3.0
2024,2,February,2,Uttar Pradesh,1146,BITHOOR (KANPUR),11.6,8.4,3.2
2024,3,March,1,Uttar Pradesh,1146,BITHOOR (KANPUR),10.1,8.35,3.0
2024,3,March,2,Uttar Pradesh,1146,BITHOOR (KANPUR),8.9,8.34,3.2
2024,4,April,1,Uttar Pradesh,1146,BITHOOR (KANPUR),8.4,8.4,3.3
2024,4,April,2,Uttar Pradesh,1146,BITHOOR (KANPUR),8.0,8.41,3.5
2024,5,May,1,Uttar Pradesh,1146,BITHOOR (KANPUR),7.8,8.45,4.2
2024,5,May,2,Uttar Pradesh,1146,BITHOOR (KANPUR),7.9,8.46,4.0
2024,6,June,1,Uttar Pradesh,1146,BITHOOR (KANPUR),7.2,8.45,4.4
2024,6,June,2,Uttar Pradesh,1146,BITHOOR (KANPUR),7.1,8.42,4.5
2024,7,July,1,Uttar Pradesh,1146,BITHOOR (KANPUR),6.5,8.44,4.3
2024,7,July,2,Uttar Pradesh,1146,BITHOOR (KANPUR),6.2,8.23,4.3
2024,8,August,1,Uttar Pradesh,1146,BITHOOR (KANPUR),6.7,7.94,3.6
2024,8,August,2,Uttar Pradesh,1146,BITHOOR (KANPUR),6.9,8.1,3.5
2024,9,September,1,Uttar Pradesh,1146,BITHOOR (KANPUR),6.8,8.02,3.5
2024,9,September,2,Uttar Pradesh,1146,BITHOOR (KANPUR),6.9,8.16,3.7
2024,10,October,1,Uttar Pradesh,1146,BITHOOR (KANPUR),7.1,8.19,2.8
2024,10,October,2,Uttar Pradesh,1146,BITHOOR (KANPUR),7.2,8.27,2.9
2024,11,November,1,Uttar Pradesh,1146,BITHOOR (KANPUR),8.2,8.2,2.7
2024,11,November,2,Uttar Pradesh,1146,BITHOOR (KANPUR),8.4,8.37,2.5
2024,12,December,1,Uttar Pradesh,1146,BITHOOR (KANPUR),9.6,8.49,2.2
2024,12,December,2,Uttar Pradesh,1146,BITHOOR (KANPUR),10.5,8.48,2.5
2014,1,January,1,Uttar Pradesh,1147,"RIVER GANGA AT DALMAU (RAI BAREILLY), U.P.",8.7,7.78,3.6
2014,5,May,1,Uttar Pradesh,1147,"RIVER GANGA AT DALMAU (RAI BAREILLY), U.P.",8.7,7.81,3.6
2014,6,June,1,Uttar Pradesh,1147,"RIVER GANGA AT DALMAU (RAI BAREILLY), U.P.",9.5,7.93,3.6
2014,7,July,1,Uttar Pradesh,1147,"RIVER GANGA AT DALMAU (RAI BAREILLY), U.P.",9.0,7.92,3.9
2014,8,August,1,Uttar Pradesh,1147,"RIVER GANGA AT DALMAU (RAI BAREILLY), U.P.",8.6,7.73,4.0
2014,9,September,1,Uttar Pradesh,1147,"RIVER GANGA AT DALMAU (RAI BAREILLY), U.P.",8.0,7.82,4.1
2014,10,October,1,Uttar Pradesh,1147,"RIVER GANGA AT DALMAU (RAI BAREILLY), U.P.",7.7,7.8,3.5
2014,11,November,1,Uttar Pradesh,1147,"RIVER GANGA AT DALMAU (RAI BAREILLY), U.P.",7.3,7.92,3.4
2015,5,May,1,Uttar Pradesh,1147,"RIVER GANGA AT DALMAU (RAI BAREILLY), U.P.",7.9,8.1,4.3
2015,6,June,1,Uttar Pradesh,1147,"RIVER GANGA AT DALMAU (RAI BAREILLY), U.P.",7.8,8.08,4.2
2015,7,July,1,Uttar Pradesh,1147,"RIVER GANGA AT DALMAU (RAI BAREILLY), U.P.",7.2,8.01,4.5
2015,8,August,1,Uttar Pradesh,1147,"RIVER GANGA AT DALMAU (RAI BAREILLY), U.P.",7.4,8.08,4.2
2015,9,September,1,Uttar Pradesh,1147,"RIVER GANGA AT DALMAU (RAI BAREILLY), U.P.",7.5,8.11,4.2
2015,10,October,1,Uttar Pradesh,1147,"RIVER GANGA AT DALMAU (RAI BAREILLY), U.P.",8.0,8.11,4.2
2015,11,November,1,Uttar Pradesh,1147,"RIVER GANGA AT DALMAU (RAI BAREILLY), U.P.",8.5,7.85,4.0
2015,12,December,1,Uttar Pradesh,1147,"RIVER GANGA AT DALMAU (RAI BAREILLY), U.P.",8.6,7.89,3.7
2016,1,January,1,Uttar Pradesh,1147,"RIVER GANGA AT DALMAU (RAI BAREILLY), U.P.",8.5,7.88,4.2
2016,2,February,1,Uttar Pradesh,1147,"RIVER GANGA AT DALMAU (RAI BAREILLY), U.P.",8.2,7.87,4.4
2016,3,March,1,Uttar Pradesh,1147,"RIVER GANGA AT DALMAU (RAI BAREILLY), U.P.",8.0,7.89,4.5
2016,4,April,1,Uttar Pradesh,1147,"RIVER GANGA AT DALMAU (RAI BAREILLY), U.P.",7.9,7.96,4.4
2016,5,May,1,Uttar Pradesh,1147,"RIVER GANGA AT DALMAU (RAI BAREILLY), U.P.",7.7,8.01,4.5
2016,6,June,1,Uttar Pradesh,1147,"RIVER GANGA AT DALMAU (RAI BAREILLY), U.P.",7.4,7.98,4.7
2016,7,July,1,Uttar Pradesh,1147,"RIVER GANGA AT DALMAU (RAI BAREILLY), U.P.",6.2,8.02,4.9
2016,8,August,1,Uttar Pradesh,1147,"RIVER GANGA AT DALMAU (RAI BAREILLY), U.P.",6.1,7.87,4.9
2016,10,October,1,Uttar Pradesh,1147,"RIVER GANGA AT DALMAU (RAI BAREILLY), U.P.",7.3,7.81,4.3
2016,11,November,1,Uttar Pradesh,1147,"RIVER GANGA AT DALMAU (RAI BAREILLY), U.P.",7.9,7.82,4.0
2017,1,January,1,Uttar Pradesh,1147,"RIVER GANGA AT DALMAU (RAI BAREILLY), U.P.",8.5,7.81,3.8
2017,2,February,1,Uttar Pradesh,1147,"RIVER GANGA AT DALMAU (RAI BAREILLY), U.P.",8.4,7.78,3.8
2017,3,March,1,Uttar Pradesh,1147,"RIVER GANGA AT DALMAU (RAI BAREILLY), U.P.",8.0,7.81,4.0
2017,4,April,1,Uttar Pradesh,1147,"RIVER GANGA AT DALMAU (RAI BAREILLY), U.P.",7.5,7.86,4.3
2017,5,May,1,Uttar Pradesh,1147,"RIVER GANGA AT DALMAU (RAI BAREILLY), U.P.",7.1,7.92,4.5
2017,6,June,1,Uttar Pradesh,1147,"RIVER GANGA AT DALMAU (RAI BAREILLY), U.P.",6.8,8.01,4.6
2017,7,July,1,Uttar Pradesh,1147,"RIVER GANGA AT DALMAU (RAI BAREILLY), U.P.",7.0,7.78,4.4
2017,8,August,1,Uttar Pradesh,1147,"RIVER GANGA AT DALMAU (RAI BAREILLY), U.P.",6.8,7.79,4.4
2017,9,September,1,Uttar Pradesh,1147,"RIVER GANGA AT DALMAU (RAI BAREILLY), U.P.",7.1,7.78,4.3
2017,10,October,1,Uttar Pradesh,1147,"RIVER GANGA AT DALMAU (RAI BAREILLY), U.P.",7.0,8.01,4.1
2017,11,November,1,Uttar Pradesh,1147,"RIVER GANGA AT DALMAU (RAI BAREILLY), U.P.",7.8,7.78,4.0
2017,12,December,1,Uttar Pradesh,1147,"RIVER GANGA AT DALMAU (RAI BAREILLY), U.P.",8.0,7.87,3.8
2018,1,January,1,Uttar Pradesh,1147,"RIVER GANGA AT DALMAU (RAI BAREILLY), U.P.",8.8,7.89,3.7
2018,2,February,1,Uttar Pradesh,1147,"RIVER GANGA AT DALMAU (RAI BAREILLY), U.P.",9.6,7.99,3.5
2018,3,March,1,Uttar Pradesh,1147,"RIVER GANGA AT DALMAU (RAI BAREILLY), U.P.",9.5,7.98,3.8
2018,4,April,1,Uttar Pradesh,1147,"RIVER GANGA AT DALMAU (RAI BAREILLY), U.P.",9.5,8.04,3.8
2018,5,May,1,Uttar Pradesh,1147,"RIVER GANGA AT DALMAU (RAI BAREILLY), U.P.",9.8,8.05,3.9
2018,6,June,1,Uttar Pradesh,1147,"RIVER GANGA AT DALMAU (RAI BAREILLY), U.P.",9.7,7.86,4.5
2018,7,July,1,Uttar Pradesh,1147,"RIVER GANGA AT DALMAU (RAI BAREILLY), U.P.",9.9,7.79,4.1
2018,8,August,1,Uttar Pradesh,1147,"RIVER GANGA AT DALMAU (RAI BAREILLY), U.P.",8.9,7.74,3.8
2018,9,September,1,Uttar Pradesh,1147,"RIVER GANGA AT DALMAU (RAI BAREILLY), U.P.",8.0,7.79,3.9
2018,10,October,1,Uttar Pradesh,1147,"RIVER GANGA AT DALMAU (RAI BAREILLY), U.P.",7.9,7.82,4.0
2018,11,November,1,Uttar Pradesh,1147,"RIVER GANGA AT DALMAU (RAI BAREILLY), U.P.",8.5,7.87,3.9
2019,1,January,1,Uttar Pradesh,1147,"RIVER GANGA AT DALMAU (RAI BAREILLY), U.P.",10.2,8.7,3.1
2019,2,February,1,Uttar Pradesh,1147,"RIVER GANGA AT DALMAU (RAI BAREILLY), U.P.",10.4,8.4,2.8
2019,3,March,1,Uttar Pradesh,1147,"RIVER GANGA AT DALMAU (RAI BAREILLY), U.P.",10.6,8.1,3.3
2019,4,April,1,Uttar Pradesh,1147,"RIVER GANGA AT DALMAU (RAI BAREILLY), U.P.",7.0,8.6,3.7
2019,5,May,1,Uttar Pradesh,1147,"RIVER GANGA AT DALMAU (RAI BAREILLY), U.P.",7.2,8.4,4.1
2019,6,June,1,Uttar Pradesh,1147,"RIVER GANGA AT DALMAU (RAI BAREILLY), U.P.",7.5,8.3,4.0
2019,7,July,1,Uttar Pradesh,1147,"RIVER GANGA AT DALMAU (RAI BAREILLY), U.P.",7.7,8.4,4.0
2019,8,August,1,Uttar Pradesh,1147,"RIVER GANGA AT DALMAU (RAI BAREILLY), U.P.",7.8,8.1,3.6
2020,1,January,1,Uttar Pradesh,1147,"RIVER GANGA AT DALMAU (RAI BAREILLY), U.P.",10.5,7.8,3.4
2020,6,June,1,Uttar Pradesh,1147,"RIVER GANGA AT DALMAU (RAI BAREILLY), U.P.",8.5,7.8,4.0
2020,7,July,1,Uttar Pradesh,1147,"RIVER GANGA AT DALMAU (RAI BAREILLY), U.P.",7.6,7.9,4.2
2020,8,August,2,Uttar Pradesh,1147,"RIVER GANGA AT DALMAU (RAI BAREILLY), U.P.",8.2,7.7,4.0
2020,9,September,1,Uttar Pradesh,1147,"RIVER GANGA AT DALMAU (RAI BAREILLY), U.P.",8.2,7.8,3.8
2020,10,October,1,Uttar Pradesh,1147,"RIVER GANGA AT DALMAU (RAI BAREILLY), U.P.",8.8,7.9,3.9
2020,10,October,2,Uttar Pradesh,1147,"RIVER GANGA AT DALMAU (RAI BAREILLY), U.P.",9.3,7.9,3.8
2020,11,November,1,Uttar Pradesh,1147,"RIVER GANGA AT DALMAU (RAI BAREILLY), U.P.",9.2,7.9,3.9
2020,11,November,2,Uttar Pradesh,1147,"RIVER GANGA AT DALMAU (RAI BAREILLY), U.P.",9.4,7.8,3.8
2020,12,December,1,Uttar Pradesh,1147,"RIVER GANGA AT DALMAU (RAI BAREILLY), U.P.",10.1,8.1,3.5
2020,12,December,2,Uttar Pradesh,1147,"RIVER GANGA AT DALMAU (RAI BAREILLY), U.P.",10.3,8.2,3.7
2021,1,January,1,Uttar Pradesh,1147,"RIVER GANGA AT DALMAU (RAI BAREILLY), U.P.",10.4,8.0,3.6
2021,1,January,2,Uttar Pradesh,1147,"RIVER GANGA AT DALMAU (RAI BAREILLY), U.P.",10.5,8.11,3.5
2021,2,February,1,Uttar Pradesh,1147,"RIVER GANGA AT DALMAU (RAI BAREILLY), U.P.",10.3,8.21,3.5
2021,2,February,2,Uttar Pradesh,1147,"RIVER GANGA AT DALMAU (RAI BAREILLY), U.P.",10.5,8.29,3.8
2021,3,March,1,Uttar Pradesh,1147,"RIVER GANGA AT DALMAU (RAI BAREILLY), U.P.",8.9,8.38,4.4
2021,4,April,2,Uttar Pradesh,1147,"RIVER GANGA AT DALMAU (RAI BAREILLY), U.P.",7.9,8.28,4.3
2021,5,May,1,Uttar Pradesh,1147,"RIVER GANGA AT DALMAU (RAI BAREILLY), U.P.",8.2,8.28,4.3
2021,5,May,2,Uttar Pradesh,1147,"RIVER GANGA AT DALMAU (RAI BAREILLY), U.P.",7.8,8.31,4.2
2021,6,June,1,Uttar Pradesh,1147,"RIVER GANGA AT DALMAU (RAI BAREILLY), U.P.",7.9,8.41,3.9
2021,6,June,2,Uttar Pradesh,1147,"RIVER GANGA AT DALMAU (RAI BAREILLY), U.P.",8.0,8.28,4.0
2021,7,July,1,Uttar Pradesh,1147,"RIVER GANGA AT DALMAU (RAI BAREILLY), U.P.",8.0,8.11,4.2
2021,7,July,2,Uttar Pradesh,1147,"RIVER GANGA AT DALMAU (RAI BAREILLY), U.P.",6.9,8.09,4.2
2021,8,August,1,Uttar Pradesh,1147,"RIVER GANGA AT DALMAU (RAI BAREILLY), U.P.",7.4,7.91,4.4
2021,9,September,1,Uttar Pradesh,1147,"RIVER GANGA AT DALMAU (RAI BAREILLY), U.P.",6.9,7.69,4.5
2021,9,September,2,Uttar Pradesh,1147,"RIVER GANGA AT DALMAU (RAI BAREILLY), U.P.",7.1,7.55,4.4
2021,10,October,1,Uttar Pradesh,1147,"RIVER GANGA AT DALMAU (RAI BAREILLY), U.P.",6.9,7.59,4.2
2021,10,October,2,Uttar Pradesh,1147,"RIVER GANGA AT DALMAU (RAI BAREILLY), U.P.",7.3,7.66,3.9
2021,11,November,1,Uttar Pradesh,1147,"RIVER GANGA AT DALMAU (RAI BAREILLY), U.P.",7.3,7.61,4.1
2021,11,November,2,Uttar Pradesh,1147,"RIVER GANGA AT DALMAU (RAI BAREILLY), U.P.",8.0,7.83,3.9
2021,12,December,1,Uttar Pradesh,1147,"RIVER GANGA AT DALMAU (RAI BAREILLY), U.P.",10.2,8.33,3.7
2021,12,December,2,Uttar Pradesh,1147,"RIVER GANGA AT DALMAU (RAI BAREILLY), U.P.",8.8,8.25,3.9
2023,1,January,1,Uttar Pradesh,1147,"RIVER GANGA AT DALMAU (RAI BAREILLY), U.P.",10.1,7.82,3.9
2023,1,January,2,Uttar Pradesh,1147,"RIVER GANGA AT DALMAU (RAI BAREILLY), U.P.",9.8,7.9,2.5
2023,3,March,1,Uttar Pradesh,1147,"RIVER GANGA AT DALMAU (RAI BAREILLY), U.P.",8.0,7.82,2.9
2023,3,March,2,Uttar Pradesh,1147,"RIVER GANGA AT DALMAU (RAI BAREILLY), U.P.",9.1,7.91,3.1
2023,4,April,1,Uttar Pradesh,1147,"RIVER GANGA AT DALMAU (RAI BAREILLY), U.P.",8.0,7.81,3.2
2023,4,April,2,Uttar Pradesh,1147,"RIVER GANGA AT DALMAU (RAI BAREILLY), U.P.",8.8,7.82,3.3
2023,5,May,1,Uttar Pradesh,1147,"RIVER GANGA AT DALMAU (RAI BAREILLY), U.P.",7.3,7.86,3.1
2023,5,May,2,Uttar Pradesh,1147,"RIVER GANGA AT DALMAU (RAI BAREILLY), U.P.",8.1,7.73,3.3
2023,6,June,1,Uttar Pradesh,1147,"RIVER GANGA AT DALMAU (RAI BAREILLY), U.P.",7.0,7.79,3.6
2023,6,June,2,Uttar Pradesh,1147,"RIVER GANGA AT DALMAU (RAI BAREILLY), U.P.",7.0,7.75,3.4
2023,7,July,1,Uttar Pradesh,1147,"RIVER GANGA AT DALMAU (RAI BAREILLY), U.P.",5.6,7.78,3.1
2023,7,July,2,Uttar Pradesh,1147,"RIVER GANGA AT DALMAU (RAI BAREILLY), U.P.",6.3,7.75,3.0
2023,8,August,1,Uttar Pradesh,1147,"RIVER GANGA AT DALMAU (RAI BAREILLY), U.P.",5.6,7.7,3.0
2023,8,August,2,Uttar Pradesh,1147,"RIVER GANGA AT DALMAU (RAI BAREILLY), U.P.",5.8,7.74,3.2
2023,9,September,1,Uttar Pradesh,1147,"RIVER GANGA AT DALMAU (RAI BAREILLY), U.P.",6.0,7.85,3.2
2023,10,October,1,Uttar Pradesh,1147,"RIVER GANGA AT DALMAU (RAI BAREILLY), U.P.",6.9,7.66,3.1
2023,10,October,2,Uttar Pradesh,1147,"RIVER GANGA AT DALMAU (RAI BAREILLY), U.P.",7.6,7.81,3.1
2023,11,November,1,Uttar Pradesh,1147,"RIVER GANGA AT DALMAU (RAI BAREILLY), U.P.",7.9,7.85,3.2
2023,11,November,2,Uttar Pradesh,1147,"RIVER GANGA AT DALMAU (RAI BAREILLY), U.P.",8.2,7.8,3.3
2023,12,December,1,Uttar Pradesh,1147,"RIVER GANGA AT DALMAU (RAI BAREILLY), U.P.",10.2,7.73,3.2
2023,12,December,2,Uttar Pradesh,1147,"RIVER GANGA AT DALMAU (RAI BAREILLY), U.P.",7.9,7.88,3.1
2024,1,January,1,Uttar Pradesh,1147,DALMAU (RAI BAREILLY),10.3,7.91,2.5
2024,1,January,2,Uttar Pradesh,1147,DALMAU (RAI BAREILLY),11.4,8.03,2.1
2024,2,February,1,Uttar Pradesh,1147,DALMAU (RAI BAREILLY),12.1,8.0,2.2
2024,2,February,2,Uttar Pradesh,1147,DALMAU (RAI BAREILLY),12.0,7.92,2.1
2024,3,March,1,Uttar Pradesh,1147,DALMAU (RAI BAREILLY),11.1,7.93,2.3
2024,3,March,2,Uttar Pradesh,1147,DALMAU (RAI BAREILLY),10.2,7.94,2.5
2024,4,April,1,Uttar Pradesh,1147,DALMAU (RAI BAREILLY),8.7,7.78,2.6
2024,4,April,2,Uttar Pradesh,1147,DALMAU (RAI BAREILLY),7.5,7.86,2.9
2024,5,May,1,Uttar Pradesh,1147,DALMAU (RAI BAREILLY),7.7,7.89,2.9
2024,5,May,2,Uttar Pradesh,1147,DALMAU (RAI BAREILLY),7.6,8.03,3.1
2024,6,June,1,Uttar Pradesh,1147,DALMAU (RAI BAREILLY),7.6,8.15,3.1
2024,6,June,2,Uttar Pradesh,1147,DALMAU (RAI BAREILLY),7.3,8.14,3.3
2024,7,July,1,Uttar Pradesh,1147,DALMAU (RAI BAREILLY),7.6,8.1,3.0
2024,7,July,2,Uttar Pradesh,1147,DALMAU (RAI BAREILLY),7.5,8.08,3.1
2024,8,August,1,Uttar Pradesh,1147,DALMAU (RAI BAREILLY),7.7,8.05,3.3
2024,8,August,2,Uttar Pradesh,1147,DALMAU (RAI BAREILLY),8.2,8.16,3.0
2024,9,September,1,Uttar Pradesh,1147,DALMAU (RAI BAREILLY),8.4,8.1,3.0
2024,9,September,2,Uttar Pradesh,1147,DALMAU (RAI BAREILLY),8.3,8.16,3.1
2024,10,October,1,Uttar Pradesh,1147,DALMAU (RAI BAREILLY),8.5,8.14,3.1
2024,10,October,2,Uttar Pradesh,1147,DALMAU (RAI BAREILLY),8.5,8.1,3.1
2024,12,December,1,Uttar Pradesh,1147,DALMAU (RAI BAREILLY),8.7,8.14,3.0
2024,12,December,2,Uttar Pradesh,1147,DALMAU (RAI BAREILLY),9.1,8.07,2.9
2014,7,July,1,Uttarakhand,1484,ALAKNDA B/C MANDAKINI AT RUDRA PRAYAG,9.0,7.96,0.6
2014,10,October,1,Uttarakhand,1484,ALAKNDA B/C MANDAKINI AT RUDRA PRAYAG,8.8,8.2,0.8
2016,1,January,1,Uttarakhand,1484,ALAKNDA B/C MANDAKINI AT RUDRA PRAYAG,9.4,7.48,1.0
2016,4,April,1,Uttarakhand,1484,ALAKNDA B/C MANDAKINI AT RUDRA PRAYAG,8.8,7.8,1.0
2016,7,July,1,Uttarakhand,1484,ALAKNDA B/C MANDAKINI AT RUDRA PRAYAG,8.4,7.61,1.0
2016,10,October,1,Uttarakhand,1484,ALAKNDA B/C MANDAKINI AT RUDRA PRAYAG,9.4,7.86,1.0
2017,1,January,1,Uttarakhand,1484,ALAKNDA B/C MANDAKINI AT RUDRA PRAYAG,9.4,7.52,1.0
2017,4,April,1,Uttarakhand,1484,ALAKNDA B/C MANDAKINI AT RUDRA PRAYAG,9.2,7.74,1.0
2017,7,July,1,Uttarakhand,1484,ALAKNDA B/C MANDAKINI AT RUDRA PRAYAG,8.6,7.71,1.0
2017,10,October,1,Uttarakhand,1484,ALAKNDA B/C MANDAKINI AT RUDRA PRAYAG,9.4,7.72,1.0
2018,1,January,1,Uttarakhand,1484,ALAKNDA B/C MANDAKINI AT RUDRA PRAYAG,9.4,7.46,1.0
2020,9,September,1,Uttarakhand,1484,ALAKNDA B/C MANDAKINI AT RUDRA PRAYAG,9.6,7.6,1.0
2020,10,October,1,Uttarakhand,1484,ALAKNDA B/C MANDAKINI AT RUDRA PRAYAG,9.2,7.6,1.0
2020,12,December,1,Uttarakhand,1484,ALAKNDA B/C MANDAKINI AT RUDRA PRAYAG,9.2,8.0,1.0
2021,1,January,1,Uttarakhand,1484,ALAKNDA B/C MANDAKINI AT RUDRA PRAYAG,10.8,7.0,1.0
2021,2,February,1,Uttarakhand,1484,ALAKNDA B/C MANDAKINI AT RUDRA PRAYAG,10.0,7.3,1.0
2021,3,March,1,Uttarakhand,1484,ALAKNDA B/C MANDAKINI AT RUDRA PRAYAG,10.2,8.16,1.0
2021,6,June,1,Uttarakhand,1484,ALAKNDA B/C MANDAKINI AT RUDRA PRAYAG,9.6,7.85,1.0
2022,1,January,1,Uttarakhand,1484,ALAKNDA B/C MANDAKINI AT RUDRA PRAYAG,10.0,7.27,1.0
2022,2,February,1,Uttarakhand,1484,ALAKNDA B/C MANDAKINI AT RUDRA PRAYAG,10.2,7.48,1.0
2022,4,April,1,Uttarakhand,1484,ALAKNDA B/C MANDAKINI AT RUDRA PRAYAG,10.2,7.13,1.0
2022,7,July,1,Uttarakhand,1484,ALAKNDA B/C MANDAKINI AT RUDRA PRAYAG,9.4,7.43,1.0
2023,1,January,1,Uttarakhand,1484,ALAKNDA B/C MANDAKINI AT RUDRA PRAYAG,10.6,8.02,1.0
2023,7,July,1,Uttarakhand,1484,ALAKNDA B/C MANDAKINI AT RUDRA PRAYAG,10.0,8.2,1.0
2023,10,October,1,Uttarakhand,1484,ALAKNDA B/C MANDAKINI AT RUDRA PRAYAG,10.4,8.28,1.0
2024,1,January,1,Uttarakhand,1484,"ALAKNANDA B/C MANDAKINI, RUDRA PRAYAG",10.8,8.04,1.0
2024,4,April,1,Uttarakhand,1484,"ALAKNANDA B/C MANDAKINI, RUDRA PRAYAG",10.4,7.59,1.0
2024,7,July,1,Uttarakhand,1484,"ALAKNANDA B/C MANDAKINI, RUDRA PRAYAG",9.9,7.62,1.0
2024,10,October,1,Uttarakhand,1484,"ALAKNANDA B/C MANDAKINI, RUDRA PRAYAG",10.7,8.27,1.0
2014,7,July,1,Uttarakhand,1485,MANDAKINI B/C ALAKNDA AT RUDRAPRAYAG,7.8,8.01,0.8
2016,1,January,1,Uttarakhand,1485,MANDAKINI B/C ALAKNDA AT RUDRAPRAYAG,9.6,7.54,1.0
2016,4,April,1,Uttarakhand,1485,MANDAKINI B/C ALAKNDA AT RUDRAPRAYAG,8.6,7.62,1.0
2016,7,July,1,Uttarakhand,1485,MANDAKINI B/C ALAKNDA AT RUDRAPRAYAG,9.4,7.42,1.0
2016,10,October,1,Uttarakhand,1485,MANDAKINI B/C ALAKNDA AT RUDRAPRAYAG,9.2,7.86,1.0
2017,1,January,1,Uttarakhand,1485,MANDAKINI B/C ALAKNDA AT RUDRAPRAYAG,9.6,7.54,1.0
2017,4,April,1,Uttarakhand,1485,MANDAKINI B/C ALAKNDA AT RUDRAPRAYAG,9.0,7.64,1.0
2017,7,July,1,Uttarakhand,1485,MANDAKINI B/C ALAKNDA AT RUDRAPRAYAG,9.2,7.74,1.0
2017,10,October,1,Uttarakhand,1485,MANDAKINI B/C ALAKNDA AT RUDRAPRAYAG,9.2,7.68,1.0
2018,1,January,1,Uttarakhand,1485,MANDAKINI B/C ALAKNDA AT RUDRAPRAYAG,9.6,7.52,1.0
2020,9,September,1,Uttarakhand,1485,MANDAKINI B/C ALAKNDA AT RUDRAPRAYAG,10.0,7.4,1.0
2020,10,October,1,Uttarakhand,1485,MANDAKINI B/C ALAKNDA AT RUDRAPRAYAG,9.4,7.5,1.0
2020,12,December,1,Uttarakhand,1485,MANDAKINI B/C ALAKNDA AT RUDRAPRAYAG,9.6,7.8,1.0
2021,1,January,1,Uttarakhand,1485,MANDAKINI B/C ALAKNDA AT RUDRAPRAYAG,10.2,7.2,1.0
2021,2,February,1,Uttarakhand,1485,MANDAKINI B/C ALAKNDA AT RUDRAPRAYAG,10.4,7.6,1.0
2022,1,January,1,Uttarakhand,1485,MANDAKINI B/C ALAKNDA AT RUDRAPRAYAG,9.2,7.41,1.0
2022,2,February,1,Uttarakhand,1485,MANDAKINI B/C ALAKNDA AT RUDRAPRAYAG,9.6,7.35,1.0
2022,4,April,1,Uttarakhand,1485,MANDAKINI B/C ALAKNDA AT RUDRAPRAYAG,10.8,7.05,1.0
2022,7,July,1,Uttarakhand,1485,MANDAKINI B/C ALAKNDA AT RUDRAPRAYAG,9.8,7.68,1.0
2023,1,January,1,Uttarakhand,1485,MANDAKINI B/C ALAKNDA AT RUDRAPRAYAG,10.6,7.63,1.0
2023,4,April,1,Uttarakhand,1485,MANDAKINI B/C ALAKNDA AT RUDRAPRAYAG,10.6,7.6,1.0
2023,7,July,1,Uttarakhand,1485,MANDAKINI B/C ALAKNDA AT RUDRAPRAYAG,9.8,7.8,1.0
2023,10,October,1,Uttarakhand,1485,MANDAKINI B/C ALAKNDA AT RUDRAPRAYAG,10.6,7.81,1.0
2024,1,January,1,Uttarakhand,1485,"MANDAKINI B/C ALAKNANDA, RUDRAPRAYAG",11.2,7.68,1.0
2024,4,April,1,Uttarakhand,1485,"MANDAKINI B/C ALAKNANDA, RUDRAPRAYAG",10.6,7.52,1.0
2024,7,July,1,Uttarakhand,1485,"MANDAKINI B/C ALAKNANDA, RUDRAPRAYAG",10.1,7.56,1.0
2024,10,October,1,Uttarakhand,1485,"MANDAKINI B/C ALAKNANDA, RUDRAPRAYAG",10.8,8.18,1.0
2014,7,July,1,Uttarakhand,1486,ALKANDA A/C MANDAKINI AT RUDRAPRAYAG,7.8,7.99,1.0
2014,10,October,1,Uttarakhand,1486,ALKANDA A/C MANDAKINI AT RUDRAPRAYAG,9.2,8.21,0.8
2016,1,January,1,Uttarakhand,1486,ALKANDA A/C MANDAKINI AT RUDRAPRAYAG,9.0,7.67,1.0
2016,4,April,1,Uttarakhand,1486,ALKANDA A/C MANDAKINI AT RUDRAPRAYAG,8.8,7.82,1.0
2016,7,July,1,Uttarakhand,1486,ALKANDA A/C MANDAKINI AT RUDRAPRAYAG,8.2,7.54,1.0
2016,10,October,1,Uttarakhand,1486,ALKANDA A/C MANDAKINI AT RUDRAPRAYAG,8.6,8.12,1.0
2017,1,January,1,Uttarakhand,1486,ALKANDA A/C MANDAKINI AT RUDRAPRAYAG,9.2,7.67,1.0
2017,7,July,1,Uttarakhand,1486,ALKANDA A/C MANDAKINI AT RUDRAPRAYAG,8.8,7.82,1.0
2017,10,October,1,Uttarakhand,1486,ALKANDA A/C MANDAKINI AT RUDRAPRAYAG,9.4,7.72,1.0
2018,1,January,1,Uttarakhand,1486,ALKANDA A/C MANDAKINI AT RUDRAPRAYAG,9.2,7.61,1.0
2020,9,September,1,Uttarakhand,1486,ALKANDA A/C MANDAKINI AT RUDRAPRAYAG,10.0,7.6,1.0
2020,10,October,1,Uttarakhand,1486,ALKANDA A/C MANDAKINI AT RUDRAPRAYAG,10.2,7.7,1.0
2020,12,December,1,Uttarakhand,1486,ALKANDA A/C MANDAKINI AT RUDRAPRAYAG,10.0,8.0,1.0
2021,1,January,1,Uttarakhand,1486,ALKANDA A/C MANDAKINI AT RUDRAPRAYAG,10.4,7.4,1.0
2021,2,February,1,Uttarakhand,1486,ALKANDA A/C MANDAKINI AT RUDRAPRAYAG,10.2,7.5,1.0
2021,3,March,1,Uttarakhand,1486,ALKANDA A/C MANDAKINI AT RUDRAPRAYAG,10.4,8.18,1.0
2021,8,August,1,Uttarakhand,1486,ALKANDA A/C MANDAKINI AT RUDRAPRAYAG,9.8,7.83,1.0
2021,9,September,1,Uttarakhand,1486,ALKANDA A/C MANDAKINI AT RUDRAPRAYAG,10.0,7.9,1.0
2021,10,October,1,Uttarakhand,1486,ALKANDA A/C MANDAKINI AT RUDRAPRAYAG,10.0,7.76,1.0
2022,1,January,1,Uttarakhand,1486,ALKANDA A/C MANDAKINI AT RUDRAPRAYAG,10.2,7.39,1.0
2022,2,February,1,Uttarakhand,1486,ALKANDA A/C MANDAKINI AT RUDRAPRAYAG,10.0,7.45,1.0
2022,4,April,1,Uttarakhand,1486,ALKANDA A/C MANDAKINI AT RUDRAPRAYAG,10.4,7.32,1.0
2022,7,July,1,Uttarakhand,1486,ALKANDA A/C MANDAKINI AT RUDRAPRAYAG,9.8,7.58,1.0
2023,1,January,1,Uttarakhand,1486,ALKANDA A/C MANDAKINI AT RUDRAPRAYAG,10.8,7.44,1.0
2023,4,April,1,Uttarakhand,1486,ALKANDA A/C MANDAKINI AT RUDRAPRAYAG,10.6,7.65,1.0
2023,7,July,1,Uttarakhand,1486,ALKANDA A/C MANDAKINI AT RUDRAPRAYAG,10.2,8.1,1.0
2023,10,October,1,Uttarakhand,1486,ALKANDA A/C MANDAKINI AT RUDRAPRAYAG,10.6,8.15,1.0
2024,1,January,1,Uttarakhand,1486,"ALKANANDA A/C MANDAKINI, RUDRAPRAYAG",11.0,7.93,1.0
2024,4,April,1,Uttarakhand,1486,"ALKANANDA A/C MANDAKINI, RUDRAPRAYAG",10.6,7.56,1.0
2024,7,July,1,Uttarakhand,1486,"ALKANANDA A/C MANDAKINI, RUDRAPRAYAG",10.0,7.59,1.0
2014,4,April,1,Uttarakhand,1487,ALAKNDA B/C TO BHAGIRATHI AT DEVPRAYAG,7.4,8.12,1.0
2014,7,July,1,Uttarakhand,1487,ALAKNDA B/C TO BHAGIRATHI AT DEVPRAYAG,8.8,7.84,1.0
2014,10,October,1,Uttarakhand,1487,ALAKNDA B/C TO BHAGIRATHI AT DEVPRAYAG,9.0,8.22,1.0
2016,1,January,1,Uttarakhand,1487,ALAKNDA B/C TO BHAGIRATHI AT DEVPRAYAG,9.2,7.52,1.0
2016,4,April,1,Uttarakhand,1487,ALAKNDA B/C TO BHAGIRATHI AT DEVPRAYAG,9.2,7.68,1.0
2016,7,July,1,Uttarakhand,1487,ALAKNDA B/C TO BHAGIRATHI AT DEVPRAYAG,8.8,7.46,1.0
2016,10,October,1,Uttarakhand,1487,ALAKNDA B/C TO BHAGIRATHI AT DEVPRAYAG,8.6,7.82,1.0
2017,1,January,1,Uttarakhand,1487,ALAKNDA B/C TO BHAGIRATHI AT DEVPRAYAG,9.4,7.52,1.0
2017,4,April,1,Uttarakhand,1487,ALAKNDA B/C TO BHAGIRATHI AT DEVPRAYAG,9.4,7.82,1.0
2017,10,October,1,Uttarakhand,1487,ALAKNDA B/C TO BHAGIRATHI AT DEVPRAYAG,8.8,7.75,1.0
2018,1,January,1,Uttarakhand,1487,ALAKNDA B/C TO BHAGIRATHI AT DEVPRAYAG,9.4,7.53,1.0
2020,7,July,1,Uttarakhand,1487,ALAKNDA B/C TO BHAGIRATHI AT DEVPRAYAG,11.4,7.7,1.0
2020,8,August,1,Uttarakhand,1487,ALAKNDA B/C TO BHAGIRATHI AT DEVPRAYAG,10.4,7.8,1.0
2020,9,September,1,Uttarakhand,1487,ALAKNDA B/C TO BHAGIRATHI AT DEVPRAYAG,9.0,7.3,1.0
2020,10,October,1,Uttarakhand,1487,ALAKNDA B/C TO BHAGIRATHI AT DEVPRAYAG,12.8,7.8,1.0
2020,12,December,1,Uttarakhand,1487,ALAKNDA B/C TO BHAGIRATHI AT DEVPRAYAG,9.8,8.1,1.0
2021,1,January,1,Uttarakhand,1487,ALAKNDA B/C TO BHAGIRATHI AT DEVPRAYAG,9.8,7.5,1.0
2021,2,February,1,Uttarakhand,1487,ALAKNDA B/C TO BHAGIRATHI AT DEVPRAYAG,9.0,7.3,1.0
2021,3,March,1,Uttarakhand,1487,ALAKNDA B/C TO BHAGIRATHI AT DEVPRAYAG,9.8,8.14,1.0
2021,7,July,1,Uttarakhand,1487,ALAKNDA B/C TO BHAGIRATHI AT DEVPRAYAG,9.0,8.05,1.0
2021,8,August,1,Uttarakhand,1487,ALAKNDA B/C TO BHAGIRATHI AT DEVPRAYAG,9.8,8.0,1.0
2021,9,September,1,Uttarakhand,1487,ALAKNDA B/C TO BHAGIRATHI AT DEVPRAYAG,10.0,7.93,1.0
2021,11,November,1,Uttarakhand,1487,ALAKNDA B/C TO BHAGIRATHI AT DEVPRAYAG,10.0,7.21,1.0
2022,1,January,1,Uttarakhand,1487,ALAKNDA B/C TO BHAGIRATHI AT DEVPRAYAG,10.2,7.38,1.0
2022,2,February,1,Uttarakhand,1487,ALAKNDA B/C TO BHAGIRATHI AT DEVPRAYAG,10.0,7.25,1.0
2022,4,April,1,Uttarakhand,1487,ALAKNDA B/C TO BHAGIRATHI AT DEVPRAYAG,10.0,7.39,1.0
2022,7,July,1,Uttarakhand,1487,ALAKNDA B/C TO BHAGIRATHI AT DEVPRAYAG,9.4,7.45,1.0
2023,1,January,1,Uttarakhand,1487,ALAKNDA B/C TO BHAGIRATHI AT DEVPRAYAG,10.6,7.96,1.0
2023,4,April,1,Uttarakhand,1487,ALAKNDA B/C TO BHAGIRATHI AT DEVPRAYAG,10.4,7.8,1.0
2023,7,July,1,Uttarakhand,1487,ALAKNDA B/C TO BHAGIRATHI AT DEVPRAYAG,10.0,8.3,1.0
2023,10,October,1,Uttarakhand,1487,ALAKNDA B/C TO BHAGIRATHI AT DEVPRAYAG,10.4,7.98,1.0
2024,1,January,1,Uttarakhand,1487,"ALAKNANDA B/C BHAGIRATHI, DEVPRAYAG",10.8,7.78,1.0
2024,4,April,1,Uttarakhand,1487,"ALAKNANDA B/C BHAGIRATHI, DEVPRAYAG",10.2,7.8,1.0
2024,5,May,1,Uttarakhand,1487,"ALAKNANDA B/C BHAGIRATHI, DEVPRAYAG",10.0,7.96,1.0
2024,7,July,1,Uttarakhand,1487,"ALAKNANDA B/C BHAGIRATHI, DEVPRAYAG",10.6,7.68,1.0
2024,10,October,1,Uttarakhand,1487,"ALAKNANDA B/C BHAGIRATHI, DEVPRAYAG",10.2,7.86,1.0
2014,4,April,1,Uttarakhand,1488,BHAGIRATHI B/C WITH ALAKNDA AT DEVPRAYAG,7.8,8.2,0.8
2014,7,July,1,Uttarakhand,1488,BHAGIRATHI B/C WITH ALAKNDA AT DEVPRAYAG,9.0,7.92,1.2
2014,10,October,1,Uttarakhand,1488,BHAGIRATHI B/C WITH ALAKNDA AT DEVPRAYAG,9.4,8.24,0.6
2016,1,January,1,Uttarakhand,1488,BHAGIRATHI B/C WITH ALAKNDA AT DEVPRAYAG,9.6,7.72,1.0
2016,4,April,1,Uttarakhand,1488,BHAGIRATHI B/C WITH ALAKNDA AT DEVPRAYAG,9.4,7.89,1.0
2016,7,July,1,Uttarakhand,1488,BHAGIRATHI B/C WITH ALAKNDA AT DEVPRAYAG,9.0,7.61,1.0
2016,10,October,1,Uttarakhand,1488,BHAGIRATHI B/C WITH ALAKNDA AT DEVPRAYAG,9.6,7.84,1.0
2017,1,January,1,Uttarakhand,1488,BHAGIRATHI B/C WITH ALAKNDA AT DEVPRAYAG,9.8,7.61,1.0
2017,4,April,1,Uttarakhand,1488,BHAGIRATHI B/C WITH ALAKNDA AT DEVPRAYAG,9.4,7.72,1.0
2017,7,July,1,Uttarakhand,1488,BHAGIRATHI B/C WITH ALAKNDA AT DEVPRAYAG,9.2,7.78,1.0
2017,10,October,1,Uttarakhand,1488,BHAGIRATHI B/C WITH ALAKNDA AT DEVPRAYAG,9.4,7.74,1.0
2018,1,January,1,Uttarakhand,1488,BHAGIRATHI B/C WITH ALAKNDA AT DEVPRAYAG,9.6,7.68,1.0
2020,7,July,1,Uttarakhand,1488,BHAGIRATHI B/C WITH ALAKNDA AT DEVPRAYAG,11.0,7.5,1.0
2020,8,August,1,Uttarakhand,1488,BHAGIRATHI B/C WITH ALAKNDA AT DEVPRAYAG,9.4,7.3,1.0
2020,9,September,1,Uttarakhand,1488,BHAGIRATHI B/C WITH ALAKNDA AT DEVPRAYAG,8.8,7.2,1.0
2020,10,October,1,Uttarakhand,1488,BHAGIRATHI B/C WITH ALAKNDA AT DEVPRAYAG,8.8,7.9,1.0
2020,12,December,1,Uttarakhand,1488,BHAGIRATHI B/C WITH ALAKNDA AT DEVPRAYAG,10.0,8.1,1.0
2021,1,January,1,Uttarakhand,1488,BHAGIRATHI B/C WITH ALAKNDA AT DEVPRAYAG,10.0,7.2,1.0
2021,2,February,1,Uttarakhand,1488,BHAGIRATHI B/C WITH ALAKNDA AT DEVPRAYAG,9.6,7.7,1.0
2021,3,March,1,Uttarakhand,1488,BHAGIRATHI B/C WITH ALAKNDA AT DEVPRAYAG,10.2,7.83,1.0
2021,8,August,1,Uttarakhand,1488,BHAGIRATHI B/C WITH ALAKNDA AT DEVPRAYAG,9.8,7.45,1.0
2021,9,September,1,Uttarakhand,1488,BHAGIRATHI B/C WITH ALAKNDA AT DEVPRAYAG,9.8,7.45,1.0
2021,10,October,1,Uttarakhand,1488,BHAGIRATHI B/C WITH ALAKNDA AT DEVPRAYAG,10.4,7.67,1.0
2021,11,November,1,Uttarakhand,1488,BHAGIRATHI B/C WITH ALAKNDA AT DEVPRAYAG,10.0,7.94,1.0
2022,1,January,1,Uttarakhand,1488,BHAGIRATHI B/C WITH ALAKNDA AT DEVPRAYAG,10.0,7.31,1.0
2022,2,February,1,Uttarakhand,1488,BHAGIRATHI B/C WITH ALAKNDA AT DEVPRAYAG,9.8,7.46,1.0
2022,4,April,1,Uttarakhand,1488,BHAGIRATHI B/C WITH ALAKNDA AT DEVPRAYAG,10.4,7.11,1.0
2022,7,July,1,Uttarakhand,1488,BHAGIRATHI B/C WITH ALAKNDA AT DEVPRAYAG,9.6,7.69,1.0
2023,1,January,1,Uttarakhand,1488,BHAGIRATHI B/C WITH ALAKNDA AT DEVPRAYAG,10.8,7.82,1.0
2023,4,April,1,Uttarakhand,1488,BHAGIRATHI B/C WITH ALAKNDA AT DEVPRAYAG,10.6,7.9,1.0
2023,7,July,1,Uttarakhand,1488,BHAGIRATHI B/C WITH ALAKNDA AT DEVPRAYAG,9.8,8.1,1.0
2023,10,October,1,Uttarakhand,1488,BHAGIRATHI B/C WITH ALAKNDA AT DEVPRAYAG,10.0,7.86,1.0
2024,1,January,1,Uttarakhand,1488,"BHAGIRATHI B/C ALAKNANDA, DEVPRAYAG",10.6,8.26,1.0
2024,4,April,1,Uttarakhand,1488,"BHAGIRATHI B/C ALAKNANDA, DEVPRAYAG",10.0,7.59,1.0
2024,5,May,1,Uttarakhand,1488,"BHAGIRATHI B/C ALAKNANDA, DEVPRAYAG",10.2,7.46,1.0
2024,7,July,1,Uttarakhand,1488,"BHAGIRATHI B/C ALAKNANDA, DEVPRAYAG",10.4,7.53,1.0
2024,10,October,1,Uttarakhand,1488,"BHAGIRATHI B/C ALAKNANDA, DEVPRAYAG",10.3,8.09,1.0
2014,4,April,1,Uttarakhand,1489,ALAKNDA A/C WITH BHAGIRATHI AT DEVPRAYAG,8.8,7.9,1.2
2014,7,July,1,Uttarakhand,1489,ALAKNDA A/C WITH BHAGIRATHI AT DEVPRAYAG,7.4,8.21,1.2
2014,10,October,1,Uttarakhand,1489,ALAKNDA A/C WITH BHAGIRATHI AT DEVPRAYAG,8.4,8.02,0.8
2016,1,January,1,Uttarakhand,1489,ALAKNDA A/C WITH BHAGIRATHI AT DEVPRAYAG,9.4,7.62,1.0
2016,4,April,1,Uttarakhand,1489,ALAKNDA A/C WITH BHAGIRATHI AT DEVPRAYAG,9.6,7.62,1.0
2016,7,July,1,Uttarakhand,1489,ALAKNDA A/C WITH BHAGIRATHI AT DEVPRAYAG,8.8,7.52,1.0
2016,10,October,1,Uttarakhand,1489,ALAKNDA A/C WITH BHAGIRATHI AT DEVPRAYAG,9.2,7.65,1.0
2017,1,January,1,Uttarakhand,1489,ALAKNDA A/C WITH BHAGIRATHI AT DEVPRAYAG,9.4,7.62,1.0
2017,4,April,1,Uttarakhand,1489,ALAKNDA A/C WITH BHAGIRATHI AT DEVPRAYAG,9.2,7.64,1.0
2017,7,July,1,Uttarakhand,1489,ALAKNDA A/C WITH BHAGIRATHI AT DEVPRAYAG,9.4,7.88,1.0
2018,1,January,1,Uttarakhand,1489,ALAKNDA A/C WITH BHAGIRATHI AT DEVPRAYAG,9.4,7.58,1.0
2020,7,July,1,Uttarakhand,1489,ALAKNDA A/C WITH BHAGIRATHI AT DEVPRAYAG,11.8,7.6,1.0
2020,8,August,1,Uttarakhand,1489,ALAKNDA A/C WITH BHAGIRATHI AT DEVPRAYAG,9.8,7.3,1.0
2020,9,September,1,Uttarakhand,1489,ALAKNDA A/C WITH BHAGIRATHI AT DEVPRAYAG,10.2,7.8,1.0
2020,10,October,1,Uttarakhand,1489,ALAKNDA A/C WITH BHAGIRATHI AT DEVPRAYAG,10.4,7.7,1.0
2020,12,December,1,Uttarakhand,1489,ALAKNDA A/C WITH BHAGIRATHI AT DEVPRAYAG,10.2,8.0,1.0
2021,1,January,1,Uttarakhand,1489,ALAKNDA A/C WITH BHAGIRATHI AT DEVPRAYAG,10.4,7.4,1.0
2021,2,February,1,Uttarakhand,1489,ALAKNDA A/C WITH BHAGIRATHI AT DEVPRAYAG,9.0,7.8,1.0
2021,3,March,1,Uttarakhand,1489,ALAKNDA A/C WITH BHAGIRATHI AT DEVPRAYAG,10.4,8.28,1.0
2021,7,July,1,Uttarakhand,1489,ALAKNDA A/C WITH BHAGIRATHI AT DEVPRAYAG,9.6,7.91,1.0
2021,8,August,1,Uttarakhand,1489,ALAKNDA A/C WITH BHAGIRATHI AT DEVPRAYAG,9.4,8.24,1.0
2021,9,September,1,Uttarakhand,1489,ALAKNDA A/C WITH BHAGIRATHI AT DEVPRAYAG,10.8,7.81,1.0
2021,11,November,1,Uttarakhand,1489,ALAKNDA A/C WITH BHAGIRATHI AT DEVPRAYAG,10.6,7.13,1.0
2022,1,January,1,Uttarakhand,1489,ALAKNDA A/C WITH BHAGIRATHI AT DEVPRAYAG,10.4,7.43,1.0
2022,2,February,1,Uttarakhand,1489,ALAKNDA A/C WITH BHAGIRATHI AT DEVPRAYAG,10.2,7.54,1.0
2022,4,April,1,Uttarakhand,1489,ALAKNDA A/C WITH BHAGIRATHI AT DEVPRAYAG,10.2,7.19,1.0
2022,7,July,1,Uttarakhand,1489,ALAKNDA A/C WITH BHAGIRATHI AT DEVPRAYAG,9.8,7.52,1.0
2023,1,January,1,Uttarakhand,1489,ALAKNDA A/C WITH BHAGIRATHI AT DEVPRAYAG,10.8,7.89,1.0
2023,7,July,1,Uttarakhand,1489,ALAKNDA A/C WITH BHAGIRATHI AT DEVPRAYAG,10.0,8.18,1.0
2023,10,October,1,Uttarakhand,1489,ALAKNDA A/C WITH BHAGIRATHI AT DEVPRAYAG,10.2,7.95,1.0
2024,1,January,1,Uttarakhand,1489,"ALAKNANDA A/C BHAGIRATHI, DEVPRAYAG",10.8,8.1,1.0
2024,4,April,1,Uttarakhand,1489,"ALAKNANDA A/C BHAGIRATHI, DEVPRAYAG",10.2,7.63,1.0
2024,5,May,1,Uttarakhand,1489,"ALAKNANDA A/C BHAGIRATHI, DEVPRAYAG",10.2,7.74,1.0
2024,7,July,1,Uttarakhand,1489,"ALAKNANDA A/C BHAGIRATHI, DEVPRAYAG",10.8,7.86,1.0
2024,10,October,1,Uttarakhand,1489,"ALAKNANDA A/C BHAGIRATHI, DEVPRAYAG",10.2,7.9,1.0
2014,1,January,1,Bihar,1815," MOKAMA (D/S), NEAR RAJENDRA BRIDGE , SIMIRIYA GHAT",7.7,7.8,2.7
2014,2,February,1,Bihar,1815," MOKAMA (D/S), NEAR RAJENDRA BRIDGE , SIMIRIYA GHAT",7.8,7.6,2.7
2014,3,March,1,Bihar,1815," MOKAMA (D/S), NEAR RAJENDRA BRIDGE , SIMIRIYA GHAT",7.8,7.7,2.6
2014,5,May,1,Bihar,1815," MOKAMA (D/S), NEAR RAJENDRA BRIDGE , SIMIRIYA GHAT",8.0,7.8,2.8
2014,6,June,1,Bihar,1815," MOKAMA (D/S), NEAR RAJENDRA BRIDGE , SIMIRIYA GHAT",7.7,8.0,2.6
2014,7,July,1,Bihar,1815," MOKAMA (D/S), NEAR RAJENDRA BRIDGE , SIMIRIYA GHAT",7.5,7.7,2.4
2014,8,August,1,Bihar,1815," MOKAMA (D/S), NEAR RAJENDRA BRIDGE , SIMIRIYA GHAT",7.2,7.8,2.4
2014,9,September,1,Bihar,1815," MOKAMA (D/S), NEAR RAJENDRA BRIDGE , SIMIRIYA GHAT",7.5,7.8,2.5
2014,10,October,1,Bihar,1815," MOKAMA (D/S), NEAR RAJENDRA BRIDGE , SIMIRIYA GHAT",7.5,7.7,2.7
2015,1,January,1,Bihar,1815," MOKAMA (D/S), NEAR RAJENDRA BRIDGE , SIMIRIYA GHAT",8.1,8.0,2.2
2015,2,February,1,Bihar,1815," MOKAMA (D/S), NEAR RAJENDRA BRIDGE , SIMIRIYA GHAT",7.9,7.6,2.6
2016,1,January,1,Bihar,1815," MOKAMA (D/S), NEAR RAJENDRA BRIDGE , SIMIRIYA GHAT",7.7,7.9,2.5
2016,2,February,1,Bihar,1815," MOKAMA (D/S), NEAR RAJENDRA BRIDGE , SIMIRIYA GHAT",9.6,7.9,2.6
2016,3,March,1,Bihar,1815," MOKAMA (D/S), NEAR RAJENDRA BRIDGE , SIMIRIYA GHAT",8.2,7.9,2.6
2016,4,April,1,Bihar,1815," MOKAMA (D/S), NEAR RAJENDRA BRIDGE , SIMIRIYA GHAT",8.8,8.0,2.6
2016,5,May,1,Bihar,1815," MOKAMA (D/S), NEAR RAJENDRA BRIDGE , SIMIRIYA GHAT",7.7,7.9,2.7
2016,6,June,1,Bihar,1815," MOKAMA (D/S), NEAR RAJENDRA BRIDGE , SIMIRIYA GHAT",7.7,8.0,2.7
2016,7,July,1,Bihar,1815," MOKAMA (D/S), NEAR RAJENDRA BRIDGE , SIMIRIYA GHAT",7.7,8.0,2.6
2016,8,August,1,Bihar,1815," MOKAMA (D/S), NEAR RAJENDRA BRIDGE , SIMIRIYA GHAT",7.7,7.9,2.7
2016,9,September,1,Bihar,1815," MOKAMA (D/S), NEAR RAJENDRA BRIDGE , SIMIRIYA GHAT",7.7,7.8,2.4
2016,10,October,1,Bihar,1815," MOKAMA (D/S), NEAR RAJENDRA BRIDGE , SIMIRIYA GHAT",7.5,7.7,2.6
2016,12,December,1,Bihar,1815," MOKAMA (D/S), NEAR RAJENDRA BRIDGE , SIMIRIYA GHAT",7.5,7.8,2.5
2017,1,January,1,Bihar,1815," MOKAMA (D/S), NEAR RAJENDRA BRIDGE , SIMIRIYA GHAT",8.2,7.9,4.1
2017,2,February,1,Bihar,1815," MOKAMA (D/S), NEAR RAJENDRA BRIDGE , SIMIRIYA GHAT",8.9,7.9,2.2
2017,3,March,1,Bihar,1815," MOKAMA (D/S), NEAR RAJENDRA BRIDGE , SIMIRIYA GHAT",6.2,7.46,2.2
2017,4,April,1,Bihar,1815," MOKAMA (D/S), NEAR RAJENDRA BRIDGE , SIMIRIYA GHAT",6.4,7.42,2.8
2017,11,November,2,Bihar,1815," MOKAMA (D/S), NEAR RAJENDRA BRIDGE , SIMIRIYA GHAT",7.4,7.7,2.0
2018,12,December,1,Bihar,1815," MOKAMA (D/S), NEAR RAJENDRA BRIDGE , SIMIRIYA GHAT",7.8,7.47,2.5
2020,6,June,2,Bihar,1815," MOKAMA (D/S), NEAR RAJENDRA BRIDGE , SIMIRIYA GHAT",6.8,7.7,1.4
2020,7,July,2,Bihar,1815," MOKAMA (D/S), NEAR RAJENDRA BRIDGE , SIMIRIYA GHAT",6.6,7.8,1.4
2020,8,August,2,Bihar,1815," MOKAMA (D/S), NEAR RAJENDRA BRIDGE , SIMIRIYA GHAT",6.0,8.0,1.9
2020,9,September,1,Bihar,1815," MOKAMA (D/S), NEAR RAJENDRA BRIDGE , SIMIRIYA GHAT",5.1,8.0,2.0
2020,9,September,2,Bihar,1815," MOKAMA (D/S), NEAR RAJENDRA BRIDGE , SIMIRIYA GHAT",6.3,8.0,2.0
2021,1,January,1,Bihar,1815," MOKAMA (D/S), NEAR RAJENDRA BRIDGE , SIMIRIYA GHAT",10.6,8.6,1.9
2021,1,January,2,Bihar,1815," MOKAMA (D/S), NEAR RAJENDRA BRIDGE , SIMIRIYA GHAT",9.3,8.2,1.5
2021,2,February,1,Bihar,1815," MOKAMA (D/S), NEAR RAJENDRA BRIDGE , SIMIRIYA GHAT",8.7,7.71,1.9
2021,2,February,2,Bihar,1815," MOKAMA (D/S), NEAR RAJENDRA BRIDGE , SIMIRIYA GHAT",11.1,8.3,1.1
2021,3,March,1,Bihar,1815," MOKAMA (D/S), NEAR RAJENDRA BRIDGE , SIMIRIYA GHAT",11.5,7.93,2.3
2021,3,March,2,Bihar,1815," MOKAMA (D/S), NEAR RAJENDRA BRIDGE , SIMIRIYA GHAT",7.9,7.72,7.9
2021,4,April,1,Bihar,1815," MOKAMA (D/S), NEAR RAJENDRA BRIDGE , SIMIRIYA GHAT",8.7,8.07,2.1
2021,4,April,2,Bihar,1815," MOKAMA (D/S), NEAR RAJENDRA BRIDGE , SIMIRIYA GHAT",9.6,8.51,1.4
2021,5,May,1,Bihar,1815," MOKAMA (D/S), NEAR RAJENDRA BRIDGE , SIMIRIYA GHAT",8.7,8.15,1.3
2021,5,May,2,Bihar,1815," MOKAMA (D/S), NEAR RAJENDRA BRIDGE , SIMIRIYA GHAT",8.2,7.81,1.5
2021,6,June,1,Bihar,1815," MOKAMA (D/S), NEAR RAJENDRA BRIDGE , SIMIRIYA GHAT",5.9,7.75,2.4
2021,6,June,2,Bihar,1815," MOKAMA (D/S), NEAR RAJENDRA BRIDGE , SIMIRIYA GHAT",7.5,7.75,2.1
2021,7,July,1,Bihar,1815," MOKAMA (D/S), NEAR RAJENDRA BRIDGE , SIMIRIYA GHAT",6.1,7.53,1.8
2021,7,July,2,Bihar,1815," MOKAMA (D/S), NEAR RAJENDRA BRIDGE , SIMIRIYA GHAT",7.0,7.55,2.4
2021,8,August,1,Bihar,1815," MOKAMA (D/S), NEAR RAJENDRA BRIDGE , SIMIRIYA GHAT",6.9,7.65,2.0
2021,8,August,2,Bihar,1815," MOKAMA (D/S), NEAR RAJENDRA BRIDGE , SIMIRIYA GHAT",6.8,7.62,1.9
2021,9,September,1,Bihar,1815," MOKAMA (D/S), NEAR RAJENDRA BRIDGE , SIMIRIYA GHAT",7.1,7.64,1.4
2021,9,September,2,Bihar,1815," MOKAMA (D/S), NEAR RAJENDRA BRIDGE , SIMIRIYA GHAT",6.7,7.68,1.8
2021,10,October,1,Bihar,1815," MOKAMA (D/S), NEAR RAJENDRA BRIDGE , SIMIRIYA GHAT",6.7,7.67,2.1
2021,10,October,2,Bihar,1815," MOKAMA (D/S), NEAR RAJENDRA BRIDGE , SIMIRIYA GHAT",7.1,7.84,2.0
2021,11,November,1,Bihar,1815," MOKAMA (D/S), NEAR RAJENDRA BRIDGE , SIMIRIYA GHAT",8.1,7.4,1.0
2021,11,November,2,Bihar,1815," MOKAMA (D/S), NEAR RAJENDRA BRIDGE , SIMIRIYA GHAT",7.5,7.9,1.7
2021,12,December,1,Bihar,1815," MOKAMA (D/S), NEAR RAJENDRA BRIDGE , SIMIRIYA GHAT",8.6,8.3,1.5
2021,12,December,2,Bihar,1815," MOKAMA (D/S), NEAR RAJENDRA BRIDGE , SIMIRIYA GHAT",9.4,8.21,1.5
2022,1,January,1,Bihar,1815," MOKAMA (D/S), NEAR RAJENDRA BRIDGE , SIMIRIYA GHAT",8.2,8.19,1.4
2022,2,February,1,Bihar,1815," MOKAMA (D/S), NEAR RAJENDRA BRIDGE , SIMIRIYA GHAT",8.9,8.21,1.0
2022,2,February,2,Bihar,1815," MOKAMA (D/S), NEAR RAJENDRA BRIDGE , SIMIRIYA GHAT",11.2,8.24,1.0
2022,3,March,1,Bihar,1815," MOKAMA (D/S), NEAR RAJENDRA BRIDGE , SIMIRIYA GHAT",7.7,7.49,1.8
2022,3,March,2,Bihar,1815," MOKAMA (D/S), NEAR RAJENDRA BRIDGE , SIMIRIYA GHAT",7.7,7.49,1.0
2022,4,April,1,Bihar,1815," MOKAMA (D/S), NEAR RAJENDRA BRIDGE , SIMIRIYA GHAT",8.2,7.39,1.0
2022,4,April,2,Bihar,1815," MOKAMA (D/S), NEAR RAJENDRA BRIDGE , SIMIRIYA GHAT",9.9,8.39,1.1
2022,5,May,1,Bihar,1815," MOKAMA (D/S), NEAR RAJENDRA BRIDGE , SIMIRIYA GHAT",7.9,7.75,2.1
2022,5,May,2,Bihar,1815," MOKAMA (D/S), NEAR RAJENDRA BRIDGE , SIMIRIYA GHAT",8.7,7.21,1.3
2022,6,June,1,Bihar,1815," MOKAMA (D/S), NEAR RAJENDRA BRIDGE , SIMIRIYA GHAT",8.5,7.4,1.7
2022,6,June,2,Bihar,1815," MOKAMA (D/S), NEAR RAJENDRA BRIDGE , SIMIRIYA GHAT",6.4,7.79,2.7
2022,7,July,1,Bihar,1815," MOKAMA (D/S), NEAR RAJENDRA BRIDGE , SIMIRIYA GHAT",9.1,7.5,1.0
2022,7,July,2,Bihar,1815," MOKAMA (D/S), NEAR RAJENDRA BRIDGE , SIMIRIYA GHAT",6.1,7.44,2.9
2022,8,August,1,Bihar,1815," MOKAMA (D/S), NEAR RAJENDRA BRIDGE , SIMIRIYA GHAT",6.2,7.42,2.1
2022,8,August,2,Bihar,1815," MOKAMA (D/S), NEAR RAJENDRA BRIDGE , SIMIRIYA GHAT",6.2,7.96,2.0
2022,9,September,1,Bihar,1815," MOKAMA (D/S), NEAR RAJENDRA BRIDGE , SIMIRIYA GHAT",5.7,7.4,2.8
2022,9,September,2,Bihar,1815," MOKAMA (D/S), NEAR RAJENDRA BRIDGE , SIMIRIYA GHAT",5.8,7.52,2.5
2022,10,October,1,Bihar,1815," MOKAMA (D/S), NEAR RAJENDRA BRIDGE , SIMIRIYA GHAT",5.2,7.62,2.9
2022,10,October,2,Bihar,1815," MOKAMA (D/S), NEAR RAJENDRA BRIDGE , SIMIRIYA GHAT",5.0,7.62,2.9
2022,11,November,1,Bihar,1815," MOKAMA (D/S), NEAR RAJENDRA BRIDGE , SIMIRIYA GHAT",5.7,7.47,2.5
2022,11,November,2,Bihar,1815," MOKAMA (D/S), NEAR RAJENDRA BRIDGE , SIMIRIYA GHAT",5.9,7.62,1.6
2022,12,December,1,Bihar,1815," MOKAMA (D/S), NEAR RAJENDRA BRIDGE , SIMIRIYA GHAT",8.6,7.49,1.0
2022,12,December,2,Bihar,1815," MOKAMA (D/S), NEAR RAJENDRA BRIDGE , SIMIRIYA GHAT",7.0,7.6,2.2
2023,1,January,1,Bihar,1815," MOKAMA (D/S), NEAR RAJENDRA BRIDGE , SIMIRIYA GHAT",9.9,8.1,1.0
2023,1,January,2,Bihar,1815," MOKAMA (D/S), NEAR RAJENDRA BRIDGE , SIMIRIYA GHAT",8.7,8.07,1.3
2023,2,February,1,Bihar,1815," MOKAMA (D/S), NEAR RAJENDRA BRIDGE , SIMIRIYA GHAT",9.3,7.78,1.2
2023,2,February,2,Bihar,1815," MOKAMA (D/S), NEAR RAJENDRA BRIDGE , SIMIRIYA GHAT",9.8,8.28,1.0
2023,3,March,1,Bihar,1815," MOKAMA (D/S), NEAR RAJENDRA BRIDGE , SIMIRIYA GHAT",7.5,7.68,1.5
2023,3,March,2,Bihar,1815," MOKAMA (D/S), NEAR RAJENDRA BRIDGE , SIMIRIYA GHAT",7.8,7.82,1.4
2023,4,April,1,Bihar,1815," MOKAMA (D/S), NEAR RAJENDRA BRIDGE , SIMIRIYA GHAT",8.7,7.63,1.3
2023,4,April,2,Bihar,1815," MOKAMA (D/S), NEAR RAJENDRA BRIDGE , SIMIRIYA GHAT",7.2,7.87,2.4
2023,5,May,1,Bihar,1815," MOKAMA (D/S), NEAR RAJENDRA BRIDGE , SIMIRIYA GHAT",7.4,7.79,2.6
2023,5,May,2,Bihar,1815," MOKAMA (D/S), NEAR RAJENDRA BRIDGE , SIMIRIYA GHAT",9.0,7.63,1.7
2023,6,June,1,Bihar,1815," MOKAMA (D/S), NEAR RAJENDRA BRIDGE , SIMIRIYA GHAT",7.0,7.43,2.6
2023,6,June,2,Bihar,1815," MOKAMA (D/S), NEAR RAJENDRA BRIDGE , SIMIRIYA GHAT",7.3,7.38,2.8
2023,7,July,1,Bihar,1815," MOKAMA (D/S), NEAR RAJENDRA BRIDGE , SIMIRIYA GHAT",7.9,7.41,1.6
2023,7,July,2,Bihar,1815," MOKAMA (D/S), NEAR RAJENDRA BRIDGE , SIMIRIYA GHAT",7.3,8.25,2.1
2023,8,August,1,Bihar,1815," MOKAMA (D/S), NEAR RAJENDRA BRIDGE , SIMIRIYA GHAT",7.5,7.72,1.9
2023,8,August,2,Bihar,1815," MOKAMA (D/S), NEAR RAJENDRA BRIDGE , SIMIRIYA GHAT",7.6,7.54,1.7
2023,9,September,1,Bihar,1815," MOKAMA (D/S), NEAR RAJENDRA BRIDGE , SIMIRIYA GHAT",8.0,7.76,1.3
2023,9,September,2,Bihar,1815," MOKAMA (D/S), NEAR RAJENDRA BRIDGE , SIMIRIYA GHAT",7.2,7.45,1.9
2023,10,October,1,Bihar,1815," MOKAMA (D/S), NEAR RAJENDRA BRIDGE , SIMIRIYA GHAT",7.8,7.12,1.3
2023,10,October,2,Bihar,1815," MOKAMA (D/S), NEAR RAJENDRA BRIDGE , SIMIRIYA GHAT",7.3,7.72,1.7
2023,11,November,1,Bihar,1815," MOKAMA (D/S), NEAR RAJENDRA BRIDGE , SIMIRIYA GHAT",8.2,7.75,1.3
2023,11,November,2,Bihar,1815," MOKAMA (D/S), NEAR RAJENDRA BRIDGE , SIMIRIYA GHAT",8.3,7.23,1.3
2023,12,December,1,Bihar,1815," MOKAMA (D/S), NEAR RAJENDRA BRIDGE , SIMIRIYA GHAT",7.2,7.48,1.7
2024,1,January,1,Bihar,1815,MOKAMA D/S ,8.2,7.4,1.8
2024,1,January,2,Bihar,1815,MOKAMA D/S ,8.7,7.48,1.0
2024,2,February,1,Bihar,1815,MOKAMA D/S ,7.0,7.51,1.9
2024,2,February,2,Bihar,1815,MOKAMA D/S ,8.3,7.52,1.8
2024,3,March,1,Bihar,1815,MOKAMA D/S ,7.4,7.51,1.5
2024,3,March,2,Bihar,1815,MOKAMA D/S ,7.1,7.45,1.3
2024,4,April,1,Bihar,1815,MOKAMA D/S ,7.9,7.72,1.2
2024,4,April,2,Bihar,1815,MOKAMA D/S ,7.5,7.35,1.3
2024,5,May,1,Bihar,1815,MOKAMA D/S ,8.3,7.45,1.4
2024,5,May,2,Bihar,1815,MOKAMA D/S ,8.3,7.54,1.3
2024,6,June,1,Bihar,1815,MOKAMA D/S ,8.0,7.8,1.8
2024,6,June,2,Bihar,1815,MOKAMA D/S ,7.1,7.55,1.4
2024,7,July,1,Bihar,1815,MOKAMA D/S ,5.2,7.43,2.0
2024,8,August,1,Bihar,1815,MOKAMA D/S ,7.1,7.74,1.3
2024,8,August,2,Bihar,1815,MOKAMA D/S ,7.3,7.97,1.9
2024,9,September,1,Bihar,1815,MOKAMA D/S ,7.4,7.51,1.9
2024,9,September,2,Bihar,1815,MOKAMA D/S ,6.8,7.39,1.0
2024,10,October,1,Bihar,1815,MOKAMA D/S ,7.5,7.74,1.1
2024,10,October,2,Bihar,1815,MOKAMA D/S ,7.0,7.21,1.3
2024,11,November,1,Bihar,1815,MOKAMA D/S ,7.2,7.69,2.1
2024,11,November,2,Bihar,1815,MOKAMA D/S ,8.6,8.15,1.3
2024,12,December,1,Bihar,1815,MOKAMA D/S ,8.6,7.8,1.4
2024,12,December,2,Bihar,1815,MOKAMA D/S ,7.1,7.32,1.2
2014,1,January,1,Bihar,1816,"RIVER GANGA, JHAJGHAT AT KAHALGAON",7.9,7.9,2.8
2014,2,February,1,Bihar,1816,"RIVER GANGA, JHAJGHAT AT KAHALGAON",7.8,7.8,2.8
2014,3,March,1,Bihar,1816,"RIVER GANGA, JHAJGHAT AT KAHALGAON",7.8,7.9,2.7
2014,5,May,1,Bihar,1816,"RIVER GANGA, JHAJGHAT AT KAHALGAON",7.8,8.1,2.8
2015,1,January,1,Bihar,1816,"RIVER GANGA, JHAJGHAT AT KAHALGAON",8.6,8.1,2.5
2015,2,February,1,Bihar,1816,"RIVER GANGA, JHAJGHAT AT KAHALGAON",7.9,8.0,2.4
2015,3,March,1,Bihar,1816,"RIVER GANGA, JHAJGHAT AT KAHALGAON",8.0,8.0,2.5
2015,5,May,1,Bihar,1816,"RIVER GANGA, JHAJGHAT AT KAHALGAON",7.8,8.0,2.6
2015,6,June,1,Bihar,1816,"RIVER GANGA, JHAJGHAT AT KAHALGAON",7.6,8.0,2.7
2015,7,July,1,Bihar,1816,"RIVER GANGA, JHAJGHAT AT KAHALGAON",7.8,8.1,2.4
2015,8,August,1,Bihar,1816,"RIVER GANGA, JHAJGHAT AT KAHALGAON",7.8,7.8,2.8
2015,12,December,1,Bihar,1816,"RIVER GANGA, JHAJGHAT AT KAHALGAON",7.9,8.0,2.5
2016,1,January,1,Bihar,1816,"RIVER GANGA, JHAJGHAT AT KAHALGAON",9.6,8.0,2.6
2016,2,February,1,Bihar,1816,"RIVER GANGA, JHAJGHAT AT KAHALGAON",9.2,8.1,2.5
2016,3,March,1,Bihar,1816,"RIVER GANGA, JHAJGHAT AT KAHALGAON",8.6,8.0,2.4
2016,4,April,1,Bihar,1816,"RIVER GANGA, JHAJGHAT AT KAHALGAON",8.9,8.0,2.7
2016,5,May,1,Bihar,1816,"RIVER GANGA, JHAJGHAT AT KAHALGAON",8.6,8.0,2.7
2016,6,June,1,Bihar,1816,"RIVER GANGA, JHAJGHAT AT KAHALGAON",7.6,8.0,2.8
2016,7,July,1,Bihar,1816,"RIVER GANGA, JHAJGHAT AT KAHALGAON",7.8,8.0,2.7
2016,8,August,1,Bihar,1816,"RIVER GANGA, JHAJGHAT AT KAHALGAON",7.7,8.1,2.8
2016,9,September,1,Bihar,1816,"RIVER GANGA, JHAJGHAT AT KAHALGAON",7.7,7.8,2.6
2016,10,October,1,Bihar,1816,"RIVER GANGA, JHAJGHAT AT KAHALGAON",7.6,7.9,2.4
2016,12,December,1,Bihar,1816,"RIVER GANGA, JHAJGHAT AT KAHALGAON",7.2,7.8,2.6
2017,1,January,1,Bihar,1816,"RIVER GANGA, JHAJGHAT AT KAHALGAON",7.8,8.0,2.4
2017,2,February,1,Bihar,1816,"RIVER GANGA, JHAJGHAT AT KAHALGAON",9.3,8.0,1.8
2017,4,April,1,Bihar,1816,"RIVER GANGA, JHAJGHAT AT KAHALGAON",6.9,7.9,1.8
2017,5,May,1,Bihar,1816,"RIVER GANGA, JHAJGHAT AT KAHALGAON",6.8,8.0,2.6
2017,6,June,1,Bihar,1816,"RIVER GANGA, JHAJGHAT AT KAHALGAON",6.6,7.93,2.5
2017,7,July,1,Bihar,1816,"RIVER GANGA, JHAJGHAT AT KAHALGAON",7.2,7.9,2.4
2017,9,September,1,Bihar,1816,"RIVER GANGA, JHAJGHAT AT KAHALGAON",8.3,7.8,2.4
2018,1,January,1,Bihar,1816,"RIVER GANGA, JHAJGHAT AT KAHALGAON",8.2,7.9,1.9
2018,6,June,1,Bihar,1816,"RIVER GANGA, JHAJGHAT AT KAHALGAON",7.8,7.17,2.0
2018,12,December,1,Bihar,1816,"RIVER GANGA, JHAJGHAT AT KAHALGAON",9.0,7.97,2.0
2019,1,January,1,Bihar,1816,"RIVER GANGA, JHAJGHAT AT KAHALGAON",9.5,8.0,1.6
2019,2,February,1,Bihar,1816,"RIVER GANGA, JHAJGHAT AT KAHALGAON",9.3,7.9,1.6
2020,9,September,1,Bihar,1816,"RIVER GANGA, JHAJGHAT AT KAHALGAON",6.0,7.7,1.9
2021,1,January,1,Bihar,1816,"RIVER GANGA, JHAJGHAT AT KAHALGAON",9.6,8.2,2.3
2021,2,February,1,Bihar,1816,"RIVER GANGA, JHAJGHAT AT KAHALGAON",9.8,7.9,1.4
2021,2,February,2,Bihar,1816,"RIVER GANGA, JHAJGHAT AT KAHALGAON",10.1,7.64,1.5
2021,3,March,1,Bihar,1816,"RIVER GANGA, JHAJGHAT AT KAHALGAON",9.3,7.76,1.6
2021,3,March,2,Bihar,1816,"RIVER GANGA, JHAJGHAT AT KAHALGAON",9.4,7.85,2.1
2021,4,April,1,Bihar,1816,"RIVER GANGA, JHAJGHAT AT KAHALGAON",8.2,8.07,2.4
2021,6,June,1,Bihar,1816,"RIVER GANGA, JHAJGHAT AT KAHALGAON",6.7,7.62,2.3
2021,6,June,2,Bihar,1816,"RIVER GANGA, JHAJGHAT AT KAHALGAON",7.0,7.53,1.9
2021,7,July,1,Bihar,1816,"RIVER GANGA, JHAJGHAT AT KAHALGAON",6.5,7.07,1.8
2021,7,July,2,Bihar,1816,"RIVER GANGA, JHAJGHAT AT KAHALGAON",7.1,7.94,1.0
2021,8,August,2,Bihar,1816,"RIVER GANGA, JHAJGHAT AT KAHALGAON",6.6,7.46,1.7
2021,9,September,1,Bihar,1816,"RIVER GANGA, JHAJGHAT AT KAHALGAON",6.2,8.19,2.2
2021,9,September,2,Bihar,1816,"RIVER GANGA, JHAJGHAT AT KAHALGAON",7.8,7.58,1.9
2021,10,October,1,Bihar,1816,"RIVER GANGA, JHAJGHAT AT KAHALGAON",6.9,7.74,2.8
2021,10,October,2,Bihar,1816,"RIVER GANGA, JHAJGHAT AT KAHALGAON",7.9,7.81,1.6
2021,11,November,1,Bihar,1816,"RIVER GANGA, JHAJGHAT AT KAHALGAON",9.0,7.96,1.6
2021,11,November,2,Bihar,1816,"RIVER GANGA, JHAJGHAT AT KAHALGAON",7.9,8.26,2.1
2022,1,January,2,Bihar,1816,"RIVER GANGA, JHAJGHAT AT KAHALGAON",8.6,7.95,1.0
2022,2,February,1,Bihar,1816,"RIVER GANGA, JHAJGHAT AT KAHALGAON",10.9,8.05,1.0
2022,2,February,2,Bihar,1816,"RIVER GANGA, JHAJGHAT AT KAHALGAON",8.5,7.99,1.0
2022,3,March,1,Bihar,1816,"RIVER GANGA, JHAJGHAT AT KAHALGAON",8.5,7.83,1.4
2022,3,March,2,Bihar,1816,"RIVER GANGA, JHAJGHAT AT KAHALGAON",8.8,7.96,1.0
2022,4,April,1,Bihar,1816,"RIVER GANGA, JHAJGHAT AT KAHALGAON",9.1,7.74,1.3
2022,5,May,1,Bihar,1816,"RIVER GANGA, JHAJGHAT AT KAHALGAON",8.4,7.91,1.2
2022,5,May,2,Bihar,1816,"RIVER GANGA, JHAJGHAT AT KAHALGAON",8.3,7.83,1.5
2022,6,June,1,Bihar,1816,"RIVER GANGA, JHAJGHAT AT KAHALGAON",8.2,8.1,1.7
2022,6,June,2,Bihar,1816,"RIVER GANGA, JHAJGHAT AT KAHALGAON",6.7,7.82,2.3
2022,7,July,1,Bihar,1816,"RIVER GANGA, JHAJGHAT AT KAHALGAON",6.0,7.76,2.5
2022,7,July,2,Bihar,1816,"RIVER GANGA, JHAJGHAT AT KAHALGAON",8.3,7.39,1.7
2022,8,August,1,Bihar,1816,"RIVER GANGA, JHAJGHAT AT KAHALGAON",5.9,7.81,2.7
2022,8,August,2,Bihar,1816,"RIVER GANGA, JHAJGHAT AT KAHALGAON",5.7,7.64,2.5
2022,9,September,1,Bihar,1816,"RIVER GANGA, JHAJGHAT AT KAHALGAON",6.7,7.35,1.7
2022,9,September,2,Bihar,1816,"RIVER GANGA, JHAJGHAT AT KAHALGAON",5.6,7.1,2.9
2022,10,October,1,Bihar,1816,"RIVER GANGA, JHAJGHAT AT KAHALGAON",6.0,7.54,2.5
2022,10,October,2,Bihar,1816,"RIVER GANGA, JHAJGHAT AT KAHALGAON",5.8,7.42,2.7
2022,11,November,1,Bihar,1816,"RIVER GANGA, JHAJGHAT AT KAHALGAON",5.8,7.38,2.1
2022,11,November,2,Bihar,1816,"RIVER GANGA, JHAJGHAT AT KAHALGAON",7.4,7.45,1.6
2022,12,December,1,Bihar,1816,"RIVER GANGA, JHAJGHAT AT KAHALGAON",8.8,7.0,1.0
2022,12,December,2,Bihar,1816,"RIVER GANGA, JHAJGHAT AT KAHALGAON",9.1,7.23,1.0
2023,1,January,1,Bihar,1816,"RIVER GANGA, JHAJGHAT AT KAHALGAON",8.7,8.3,1.0
2023,1,January,2,Bihar,1816,"RIVER GANGA, JHAJGHAT AT KAHALGAON",9.2,8.18,1.6
2023,2,February,1,Bihar,1816,"RIVER GANGA, JHAJGHAT AT KAHALGAON",8.4,7.89,1.9
2023,2,February,2,Bihar,1816,"RIVER GANGA, JHAJGHAT AT KAHALGAON",8.7,8.06,2.0
2023,3,March,2,Bihar,1816,"RIVER GANGA, JHAJGHAT AT KAHALGAON",8.2,7.82,1.1
2023,4,April,2,Bihar,1816,"RIVER GANGA, JHAJGHAT AT KAHALGAON",7.6,7.79,2.0
2023,5,May,1,Bihar,1816,"RIVER GANGA, JHAJGHAT AT KAHALGAON",7.4,8.01,2.6
2023,5,May,2,Bihar,1816,"RIVER GANGA, JHAJGHAT AT KAHALGAON",8.7,7.46,1.4
2023,6,June,1,Bihar,1816,"RIVER GANGA, JHAJGHAT AT KAHALGAON",7.0,7.47,2.2
2023,7,July,1,Bihar,1816,"RIVER GANGA, JHAJGHAT AT KAHALGAON",6.5,8.04,2.5
2023,7,July,2,Bihar,1816,"RIVER GANGA, JHAJGHAT AT KAHALGAON",7.8,7.58,1.3
2023,8,August,1,Bihar,1816,"RIVER GANGA, JHAJGHAT AT KAHALGAON",6.8,7.68,2.6
2023,8,August,2,Bihar,1816,"RIVER GANGA, JHAJGHAT AT KAHALGAON",7.3,7.65,2.3
2023,9,September,1,Bihar,1816,"RIVER GANGA, JHAJGHAT AT KAHALGAON",8.3,7.62,1.1
2023,9,September,2,Bihar,1816,"RIVER GANGA, JHAJGHAT AT KAHALGAON",7.6,7.63,1.3
2023,10,October,1,Bihar,1816,"RIVER GANGA, JHAJGHAT AT KAHALGAON",7.8,7.03,1.6
2023,10,October,2,Bihar,1816,"RIVER GANGA, JHAJGHAT AT KAHALGAON",7.0,7.72,1.8
2023,11,November,1,Bihar,1816,"RIVER GANGA, JHAJGHAT AT KAHALGAON",7.8,7.65,1.8
2023,11,November,2,Bihar,1816,"RIVER GANGA, JHAJGHAT AT KAHALGAON",8.8,7.42,1.0
2023,12,December,1,Bihar,1816,"RIVER GANGA, JHAJGHAT AT KAHALGAON",7.5,7.25,1.8
2023,12,December,2,Bihar,1816,"RIVER GANGA, JHAJGHAT AT KAHALGAON",7.4,7.38,1.4
2024,1,January,1,Bihar,1816,KAHALGAON,8.9,7.2,1.0
2024,1,January,2,Bihar,1816,KAHALGAON,8.3,7.33,1.0
2024,2,February,1,Bihar,1816,KAHALGAON,7.5,7.45,1.4
2024,2,February,2,Bihar,1816,KAHALGAON,8.6,7.4,1.0
2024,3,March,1,Bihar,1816,KAHALGAON,7.7,7.62,1.0
2024,3,March,2,Bihar,1816,KAHALGAON,7.2,7.62,1.2
2024,4,April,1,Bihar,1816,KAHALGAON,8.2,7.64,1.8
2024,4,April,2,Bihar,1816,KAHALGAON,7.6,7.1,1.8
2024,5,May,1,Bihar,1816,KAHALGAON,8.3,7.28,1.1
2024,5,May,2,Bihar,1816,KAHALGAON,8.2,7.4,1.8
2024,6,June,1,Bihar,1816,KAHALGAON,8.3,7.8,1.1
2024,6,June,2,Bihar,1816,KAHALGAON,7.2,7.65,1.2
2024,7,July,1,Bihar,1816,KAHALGAON,7.8,7.2,1.6
2024,7,July,2,Bihar,1816,KAHALGAON,7.6,7.27,1.8
2024,8,August,1,Bihar,1816,KAHALGAON,7.5,7.24,1.2
2024,9,September,1,Bihar,1816,KAHALGAON,7.7,7.71,1.7
2024,10,October,1,Bihar,1816,KAHALGAON,7.5,7.5,1.9
2024,10,October,2,Bihar,1816,KAHALGAON,6.2,7.73,1.3
2024,11,November,1,Bihar,1816,KAHALGAON,7.3,7.68,1.3
2024,11,November,2,Bihar,1816,KAHALGAON,7.9,7.82,2.3
2024,12,December,1,Bihar,1816,KAHALGAON,8.3,7.55,1.4
2024,12,December,2,Bihar,1816,KAHALGAON,7.9,7.6,1.9
2014,1,January,1,Bihar,1817," MOKAMA (U/S), MAHADEO ASTHAN, PATNA",7.9,7.9,2.5
2014,2,February,1,Bihar,1817," MOKAMA (U/S), MAHADEO ASTHAN, PATNA",7.9,7.8,2.3
2014,3,March,1,Bihar,1817," MOKAMA (U/S), MAHADEO ASTHAN, PATNA",7.9,7.8,2.4
2014,5,May,1,Bihar,1817," MOKAMA (U/S), MAHADEO ASTHAN, PATNA",8.1,7.8,2.4
2014,6,June,1,Bihar,1817," MOKAMA (U/S), MAHADEO ASTHAN, PATNA",7.8,8.1,2.5
2014,7,July,1,Bihar,1817," MOKAMA (U/S), MAHADEO ASTHAN, PATNA",7.4,7.9,2.4
2014,8,August,1,Bihar,1817," MOKAMA (U/S), MAHADEO ASTHAN, PATNA",7.5,8.0,2.2
2014,9,September,1,Bihar,1817," MOKAMA (U/S), MAHADEO ASTHAN, PATNA",7.6,7.9,2.2
2014,10,October,1,Bihar,1817," MOKAMA (U/S), MAHADEO ASTHAN, PATNA",7.6,7.8,2.2
2015,1,January,1,Bihar,1817," MOKAMA (U/S), MAHADEO ASTHAN, PATNA",8.0,7.7,2.1
2015,2,February,1,Bihar,1817," MOKAMA (U/S), MAHADEO ASTHAN, PATNA",8.6,7.8,2.0
2015,3,March,1,Bihar,1817," MOKAMA (U/S), MAHADEO ASTHAN, PATNA",8.0,8.0,2.0
2015,4,April,1,Bihar,1817," MOKAMA (U/S), MAHADEO ASTHAN, PATNA",7.9,8.0,2.4
2015,5,May,1,Bihar,1817," MOKAMA (U/S), MAHADEO ASTHAN, PATNA",8.0,7.9,2.0
2015,6,June,1,Bihar,1817," MOKAMA (U/S), MAHADEO ASTHAN, PATNA",7.6,7.9,2.4
2015,7,July,1,Bihar,1817," MOKAMA (U/S), MAHADEO ASTHAN, PATNA",7.8,8.1,2.4
2015,8,August,1,Bihar,1817," MOKAMA (U/S), MAHADEO ASTHAN, PATNA",7.9,7.9,2.5
2015,9,September,1,Bihar,1817," MOKAMA (U/S), MAHADEO ASTHAN, PATNA",7.6,8.0,2.2
2016,1,January,1,Bihar,1817," MOKAMA (U/S), MAHADEO ASTHAN, PATNA",7.8,8.0,2.0
2016,2,February,1,Bihar,1817," MOKAMA (U/S), MAHADEO ASTHAN, PATNA",9.8,8.1,2.2
2016,3,March,1,Bihar,1817," MOKAMA (U/S), MAHADEO ASTHAN, PATNA",8.5,8.6,2.2
2016,4,April,1,Bihar,1817," MOKAMA (U/S), MAHADEO ASTHAN, PATNA",8.9,8.1,2.8
2016,5,May,1,Bihar,1817," MOKAMA (U/S), MAHADEO ASTHAN, PATNA",7.6,8.1,2.8
2016,6,June,1,Bihar,1817," MOKAMA (U/S), MAHADEO ASTHAN, PATNA",7.9,8.1,2.8
2016,7,July,1,Bihar,1817," MOKAMA (U/S), MAHADEO ASTHAN, PATNA",7.9,8.1,2.7
2016,8,August,1,Bihar,1817," MOKAMA (U/S), MAHADEO ASTHAN, PATNA",7.9,8.0,2.8
2016,9,September,1,Bihar,1817," MOKAMA (U/S), MAHADEO ASTHAN, PATNA",7.8,7.8,2.8
2016,10,October,1,Bihar,1817," MOKAMA (U/S), MAHADEO ASTHAN, PATNA",7.6,7.9,2.4
2016,12,December,1,Bihar,1817," MOKAMA (U/S), MAHADEO ASTHAN, PATNA",7.6,7.9,2.5
2017,1,January,1,Bihar,1817," MOKAMA (U/S), MAHADEO ASTHAN, PATNA",8.4,8.0,1.0
2017,2,February,1,Bihar,1817," MOKAMA (U/S), MAHADEO ASTHAN, PATNA",9.2,8.0,1.8
2017,3,March,1,Bihar,1817," MOKAMA (U/S), MAHADEO ASTHAN, PATNA",8.2,8.04,1.2
2017,4,April,1,Bihar,1817," MOKAMA (U/S), MAHADEO ASTHAN, PATNA",8.0,8.24,1.8
2017,5,May,1,Bihar,1817," MOKAMA (U/S), MAHADEO ASTHAN, PATNA",7.8,8.04,2.7
2017,6,June,1,Bihar,1817," MOKAMA (U/S), MAHADEO ASTHAN, PATNA",8.5,7.88,2.3
2017,7,July,1,Bihar,1817," MOKAMA (U/S), MAHADEO ASTHAN, PATNA",7.5,7.62,2.0
2017,9,September,1,Bihar,1817," MOKAMA (U/S), MAHADEO ASTHAN, PATNA",7.2,8.18,2.2
2018,11,November,2,Bihar,1817," MOKAMA (U/S), MAHADEO ASTHAN, PATNA",8.6,7.78,2.2
2020,6,June,2,Bihar,1817," MOKAMA (U/S), MAHADEO ASTHAN, PATNA",7.0,7.8,2.2
2021,1,January,1,Bihar,1817," MOKAMA (U/S), MAHADEO ASTHAN, PATNA",9.4,8.3,1.7
2021,1,January,2,Bihar,1817," MOKAMA (U/S), MAHADEO ASTHAN, PATNA",11.2,8.4,1.0
2021,2,February,1,Bihar,1817," MOKAMA (U/S), MAHADEO ASTHAN, PATNA",9.0,7.68,1.8
2021,2,February,2,Bihar,1817," MOKAMA (U/S), MAHADEO ASTHAN, PATNA",11.2,8.59,2.3
2021,3,March,1,Bihar,1817," MOKAMA (U/S), MAHADEO ASTHAN, PATNA",12.3,7.83,1.8
2021,3,March,2,Bihar,1817," MOKAMA (U/S), MAHADEO ASTHAN, PATNA",8.7,7.29,1.9
2021,4,April,1,Bihar,1817," MOKAMA (U/S), MAHADEO ASTHAN, PATNA",8.8,8.12,2.1
2021,4,April,2,Bihar,1817," MOKAMA (U/S), MAHADEO ASTHAN, PATNA",9.6,8.47,1.3
2021,5,May,1,Bihar,1817," MOKAMA (U/S), MAHADEO ASTHAN, PATNA",9.8,8.25,1.1
2021,5,May,2,Bihar,1817," MOKAMA (U/S), MAHADEO ASTHAN, PATNA",8.5,7.86,1.2
2021,6,June,1,Bihar,1817," MOKAMA (U/S), MAHADEO ASTHAN, PATNA",5.8,7.51,2.8
2021,6,June,2,Bihar,1817," MOKAMA (U/S), MAHADEO ASTHAN, PATNA",7.4,7.54,2.6
2021,7,July,1,Bihar,1817," MOKAMA (U/S), MAHADEO ASTHAN, PATNA",6.2,7.19,1.7
2021,7,July,2,Bihar,1817," MOKAMA (U/S), MAHADEO ASTHAN, PATNA",6.8,7.44,2.4
2021,8,August,1,Bihar,1817," MOKAMA (U/S), MAHADEO ASTHAN, PATNA",7.1,7.59,2.0
2021,8,August,2,Bihar,1817," MOKAMA (U/S), MAHADEO ASTHAN, PATNA",7.0,7.57,1.5
2021,9,September,1,Bihar,1817," MOKAMA (U/S), MAHADEO ASTHAN, PATNA",6.5,7.79,1.8
2021,9,September,2,Bihar,1817," MOKAMA (U/S), MAHADEO ASTHAN, PATNA",6.4,7.35,1.9
2021,10,October,1,Bihar,1817," MOKAMA (U/S), MAHADEO ASTHAN, PATNA",7.2,7.76,1.7
2021,10,October,2,Bihar,1817," MOKAMA (U/S), MAHADEO ASTHAN, PATNA",5.7,7.71,2.8
2021,11,November,1,Bihar,1817," MOKAMA (U/S), MAHADEO ASTHAN, PATNA",7.8,7.89,1.9
2021,11,November,2,Bihar,1817," MOKAMA (U/S), MAHADEO ASTHAN, PATNA",7.0,7.79,1.9
2021,12,December,1,Bihar,1817," MOKAMA (U/S), MAHADEO ASTHAN, PATNA",9.4,7.98,1.9
2021,12,December,2,Bihar,1817," MOKAMA (U/S), MAHADEO ASTHAN, PATNA",8.9,7.86,2.1
2022,1,January,1,Bihar,1817," MOKAMA (U/S), MAHADEO ASTHAN, PATNA",8.5,8.27,1.0
2022,1,January,2,Bihar,1817," MOKAMA (U/S), MAHADEO ASTHAN, PATNA",6.9,8.34,1.9
2022,2,February,1,Bihar,1817," MOKAMA (U/S), MAHADEO ASTHAN, PATNA",13.1,8.1,1.0
2022,2,February,2,Bihar,1817," MOKAMA (U/S), MAHADEO ASTHAN, PATNA",9.9,8.12,1.8
2022,3,March,1,Bihar,1817," MOKAMA (U/S), MAHADEO ASTHAN, PATNA",8.0,7.77,1.4
2022,3,March,2,Bihar,1817," MOKAMA (U/S), MAHADEO ASTHAN, PATNA",8.2,7.88,1.8
2022,4,April,1,Bihar,1817," MOKAMA (U/S), MAHADEO ASTHAN, PATNA",8.0,8.18,1.7
2022,4,April,2,Bihar,1817," MOKAMA (U/S), MAHADEO ASTHAN, PATNA",9.0,7.81,1.4
2022,5,May,1,Bihar,1817," MOKAMA (U/S), MAHADEO ASTHAN, PATNA",8.2,7.6,1.2
2022,5,May,2,Bihar,1817," MOKAMA (U/S), MAHADEO ASTHAN, PATNA",8.5,7.73,1.8
2022,6,June,1,Bihar,1817," MOKAMA (U/S), MAHADEO ASTHAN, PATNA",6.8,8.03,2.1
2022,6,June,2,Bihar,1817," MOKAMA (U/S), MAHADEO ASTHAN, PATNA",8.8,7.58,1.5
2022,7,July,1,Bihar,1817," MOKAMA (U/S), MAHADEO ASTHAN, PATNA",8.6,7.42,1.6
2022,7,July,2,Bihar,1817," MOKAMA (U/S), MAHADEO ASTHAN, PATNA",6.4,7.36,2.5
2022,8,August,1,Bihar,1817," MOKAMA (U/S), MAHADEO ASTHAN, PATNA",5.8,8.01,2.7
2022,8,August,2,Bihar,1817," MOKAMA (U/S), MAHADEO ASTHAN, PATNA",6.1,7.79,2.0
2022,9,September,1,Bihar,1817," MOKAMA (U/S), MAHADEO ASTHAN, PATNA",5.4,7.29,2.6
2022,9,September,2,Bihar,1817," MOKAMA (U/S), MAHADEO ASTHAN, PATNA",7.2,7.89,1.7
2022,10,October,1,Bihar,1817," MOKAMA (U/S), MAHADEO ASTHAN, PATNA",7.5,7.63,1.6
2022,10,October,2,Bihar,1817," MOKAMA (U/S), MAHADEO ASTHAN, PATNA",7.0,7.58,2.1
2022,11,November,1,Bihar,1817," MOKAMA (U/S), MAHADEO ASTHAN, PATNA",7.2,7.72,2.0
2022,11,November,2,Bihar,1817," MOKAMA (U/S), MAHADEO ASTHAN, PATNA",7.6,7.66,1.5
2022,12,December,1,Bihar,1817," MOKAMA (U/S), MAHADEO ASTHAN, PATNA",8.7,7.51,1.3
2022,12,December,2,Bihar,1817," MOKAMA (U/S), MAHADEO ASTHAN, PATNA",7.5,7.48,2.1
2024,1,January,1,Bihar,1817,U/S MOKAMA,8.1,7.42,1.1
2024,1,January,2,Bihar,1817,U/S MOKAMA,8.7,7.59,1.0
2024,2,February,1,Bihar,1817,U/S MOKAMA,8.1,7.66,1.4
2024,2,February,2,Bihar,1817,U/S MOKAMA,7.8,7.68,1.0
2024,3,March,1,Bihar,1817,U/S MOKAMA,8.0,7.58,1.0
2024,3,March,2,Bihar,1817,U/S MOKAMA,7.8,7.68,1.2
2024,4,April,1,Bihar,1817,U/S MOKAMA,7.8,7.65,1.6
2024,4,April,2,Bihar,1817,U/S MOKAMA,8.1,7.71,1.6
2024,5,May,1,Bihar,1817,U/S MOKAMA,8.5,7.32,1.8
2024,5,May,2,Bihar,1817,U/S MOKAMA,8.1,7.64,1.5
2024,6,June,1,Bihar,1817,U/S MOKAMA,8.0,7.59,1.0
2024,6,June,2,Bihar,1817,U/S MOKAMA,8.1,8.02,1.2
2024,7,July,1,Bihar,1817,U/S MOKAMA,7.1,7.36,1.6
2024,7,July,2,Bihar,1817,U/S MOKAMA,6.9,7.58,2.1
2024,8,August,1,Bihar,1817,U/S MOKAMA,7.1,7.74,3.0
2024,8,August,2,Bihar,1817,U/S MOKAMA,7.0,7.42,2.0
2024,9,September,1,Bihar,1817,U/S MOKAMA,7.0,7.61,1.5
2024,9,September,2,Bihar,1817,U/S MOKAMA,7.3,7.99,2.6
2024,10,October,1,Bihar,1817,U/S MOKAMA,7.2,7.79,1.4
2024,10,October,2,Bihar,1817,U/S MOKAMA,7.6,7.43,1.8
2024,11,November,2,Bihar,1817,U/S MOKAMA,8.8,7.91,1.9
2024,12,December,1,Bihar,1817,U/S MOKAMA,9.2,7.7,1.4
2024,12,December,2,Bihar,1817,U/S MOKAMA,8.8,7.68,2.7
2014,1,January,1,Bihar,1819,"RIVER GANGA AT BHAGALPUR, OPP. KUPPA GHAT",7.8,7.8,2.7
2014,2,February,1,Bihar,1819,"RIVER GANGA AT BHAGALPUR, OPP. KUPPA GHAT",7.8,7.8,2.6
2014,3,March,1,Bihar,1819,"RIVER GANGA AT BHAGALPUR, OPP. KUPPA GHAT",7.7,7.8,2.5
2014,5,May,1,Bihar,1819,"RIVER GANGA AT BHAGALPUR, OPP. KUPPA GHAT",7.7,8.0,2.6
2015,1,January,1,Bihar,1819,"RIVER GANGA AT BHAGALPUR, OPP. KUPPA GHAT",8.4,7.8,2.6
2015,2,February,1,Bihar,1819,"RIVER GANGA AT BHAGALPUR, OPP. KUPPA GHAT",7.8,7.5,2.5
2015,3,March,1,Bihar,1819,"RIVER GANGA AT BHAGALPUR, OPP. KUPPA GHAT",8.4,7.9,2.1
2015,4,April,1,Bihar,1819,"RIVER GANGA AT BHAGALPUR, OPP. KUPPA GHAT",8.4,7.8,2.5
2015,5,May,1,Bihar,1819,"RIVER GANGA AT BHAGALPUR, OPP. KUPPA GHAT",7.5,7.9,2.5
2015,6,June,1,Bihar,1819,"RIVER GANGA AT BHAGALPUR, OPP. KUPPA GHAT",7.7,7.9,2.7
2015,7,July,1,Bihar,1819,"RIVER GANGA AT BHAGALPUR, OPP. KUPPA GHAT",7.7,7.8,2.6
2015,8,August,1,Bihar,1819,"RIVER GANGA AT BHAGALPUR, OPP. KUPPA GHAT",7.7,8.0,2.7
2015,9,September,1,Bihar,1819,"RIVER GANGA AT BHAGALPUR, OPP. KUPPA GHAT",7.5,7.8,2.6
2015,12,December,1,Bihar,1819,"RIVER GANGA AT BHAGALPUR, OPP. KUPPA GHAT",7.6,7.9,2.5
2016,1,January,1,Bihar,1819,"RIVER GANGA AT BHAGALPUR, OPP. KUPPA GHAT",9.4,8.1,2.6
2016,2,February,1,Bihar,1819,"RIVER GANGA AT BHAGALPUR, OPP. KUPPA GHAT",9.0,8.1,2.4
2016,3,March,1,Bihar,1819,"RIVER GANGA AT BHAGALPUR, OPP. KUPPA GHAT",8.1,7.7,2.5
2016,4,April,1,Bihar,1819,"RIVER GANGA AT BHAGALPUR, OPP. KUPPA GHAT",8.8,7.9,2.6
2016,5,May,1,Bihar,1819,"RIVER GANGA AT BHAGALPUR, OPP. KUPPA GHAT",8.5,7.9,2.8
2016,6,June,1,Bihar,1819,"RIVER GANGA AT BHAGALPUR, OPP. KUPPA GHAT",7.4,7.8,2.7
2016,7,July,1,Bihar,1819,"RIVER GANGA AT BHAGALPUR, OPP. KUPPA GHAT",7.6,7.9,2.6
2016,8,August,1,Bihar,1819,"RIVER GANGA AT BHAGALPUR, OPP. KUPPA GHAT",7.6,7.9,2.7
2016,9,September,1,Bihar,1819,"RIVER GANGA AT BHAGALPUR, OPP. KUPPA GHAT",7.5,7.8,2.4
2016,10,October,1,Bihar,1819,"RIVER GANGA AT BHAGALPUR, OPP. KUPPA GHAT",7.6,7.6,2.4
2016,12,December,1,Bihar,1819,"RIVER GANGA AT BHAGALPUR, OPP. KUPPA GHAT",6.9,7.6,2.8
2017,1,January,1,Bihar,1819,"RIVER GANGA AT BHAGALPUR, OPP. KUPPA GHAT",7.6,7.8,1.9
2017,2,February,1,Bihar,1819,"RIVER GANGA AT BHAGALPUR, OPP. KUPPA GHAT",9.1,7.8,2.4
2017,3,March,1,Bihar,1819,"RIVER GANGA AT BHAGALPUR, OPP. KUPPA GHAT",8.4,7.9,1.9
2017,4,April,1,Bihar,1819,"RIVER GANGA AT BHAGALPUR, OPP. KUPPA GHAT",9.0,7.7,2.4
2017,5,May,1,Bihar,1819,"RIVER GANGA AT BHAGALPUR, OPP. KUPPA GHAT",6.7,7.9,2.7
2017,6,June,1,Bihar,1819,"RIVER GANGA AT BHAGALPUR, OPP. KUPPA GHAT",7.3,7.56,2.4
2017,7,July,1,Bihar,1819,"RIVER GANGA AT BHAGALPUR, OPP. KUPPA GHAT",6.6,7.5,2.6
2017,9,September,1,Bihar,1819,"RIVER GANGA AT BHAGALPUR, OPP. KUPPA GHAT",7.4,7.6,2.6
2018,1,January,1,Bihar,1819,"RIVER GANGA AT BHAGALPUR, OPP. KUPPA GHAT",10.6,7.98,2.0
2018,2,February,1,Bihar,1819,"RIVER GANGA AT BHAGALPUR, OPP. KUPPA GHAT",8.8,8.12,2.0
2018,4,April,1,Bihar,1819,"RIVER GANGA AT BHAGALPUR, OPP. KUPPA GHAT",7.9,7.05,1.8
2018,6,June,1,Bihar,1819,"RIVER GANGA AT BHAGALPUR, OPP. KUPPA GHAT",8.3,7.13,1.7
2018,7,July,1,Bihar,1819,"RIVER GANGA AT BHAGALPUR, OPP. KUPPA GHAT",7.0,7.29,1.8
2019,1,January,1,Bihar,1819,"RIVER GANGA AT BHAGALPUR, OPP. KUPPA GHAT",8.2,8.0,2.1
2019,2,February,1,Bihar,1819,"RIVER GANGA AT BHAGALPUR, OPP. KUPPA GHAT",8.4,7.6,2.1
2020,8,August,2,Bihar,1819,"RIVER GANGA AT BHAGALPUR, OPP. KUPPA GHAT",6.5,7.8,1.9
2020,9,September,1,Bihar,1819,"RIVER GANGA AT BHAGALPUR, OPP. KUPPA GHAT",6.5,7.7,1.7
2020,9,September,2,Bihar,1819,"RIVER GANGA AT BHAGALPUR, OPP. KUPPA GHAT",7.1,7.6,1.7
2021,1,January,1,Bihar,1819,"RIVER GANGA AT BHAGALPUR, OPP. KUPPA GHAT",10.0,8.2,2.8
2021,2,February,1,Bihar,1819,"RIVER GANGA AT BHAGALPUR, OPP. KUPPA GHAT",11.1,8.0,1.5
2021,2,February,2,Bihar,1819,"RIVER GANGA AT BHAGALPUR, OPP. KUPPA GHAT",9.8,7.81,1.4
2021,3,March,1,Bihar,1819,"RIVER GANGA AT BHAGALPUR, OPP. KUPPA GHAT",10.0,7.93,1.4
2021,3,March,2,Bihar,1819,"RIVER GANGA AT BHAGALPUR, OPP. KUPPA GHAT",9.0,7.63,1.7
2021,4,April,1,Bihar,1819,"RIVER GANGA AT BHAGALPUR, OPP. KUPPA GHAT",9.0,8.37,1.3
2021,4,April,2,Bihar,1819,"RIVER GANGA AT BHAGALPUR, OPP. KUPPA GHAT",9.1,7.95,1.8
2021,5,May,1,Bihar,1819,"RIVER GANGA AT BHAGALPUR, OPP. KUPPA GHAT",7.7,8.22,1.1
2021,5,May,2,Bihar,1819,"RIVER GANGA AT BHAGALPUR, OPP. KUPPA GHAT",8.4,8.2,1.1
2021,6,June,1,Bihar,1819,"RIVER GANGA AT BHAGALPUR, OPP. KUPPA GHAT",7.4,8.0,1.2
2021,6,June,2,Bihar,1819,"RIVER GANGA AT BHAGALPUR, OPP. KUPPA GHAT",6.4,7.72,2.4
2021,7,July,1,Bihar,1819,"RIVER GANGA AT BHAGALPUR, OPP. KUPPA GHAT",7.6,7.68,3.0
2021,7,July,2,Bihar,1819,"RIVER GANGA AT BHAGALPUR, OPP. KUPPA GHAT",7.2,7.46,1.1
2021,8,August,1,Bihar,1819,"RIVER GANGA AT BHAGALPUR, OPP. KUPPA GHAT",6.9,7.87,1.9
2021,8,August,2,Bihar,1819,"RIVER GANGA AT BHAGALPUR, OPP. KUPPA GHAT",6.8,7.81,2.0
2021,9,September,1,Bihar,1819,"RIVER GANGA AT BHAGALPUR, OPP. KUPPA GHAT",6.8,7.5,1.3
2021,9,September,2,Bihar,1819,"RIVER GANGA AT BHAGALPUR, OPP. KUPPA GHAT",7.8,8.15,1.0
2021,10,October,1,Bihar,1819,"RIVER GANGA AT BHAGALPUR, OPP. KUPPA GHAT",6.7,7.58,1.5
2021,10,October,2,Bihar,1819,"RIVER GANGA AT BHAGALPUR, OPP. KUPPA GHAT",6.1,7.61,2.5
2021,11,November,1,Bihar,1819,"RIVER GANGA AT BHAGALPUR, OPP. KUPPA GHAT",7.6,7.84,1.7
2021,11,November,2,Bihar,1819,"RIVER GANGA AT BHAGALPUR, OPP. KUPPA GHAT",7.9,7.67,1.5
2021,12,December,1,Bihar,1819,"RIVER GANGA AT BHAGALPUR, OPP. KUPPA GHAT",9.2,7.61,1.7
2021,12,December,2,Bihar,1819,"RIVER GANGA AT BHAGALPUR, OPP. KUPPA GHAT",8.5,8.4,1.8
2022,1,January,1,Bihar,1819,"RIVER GANGA AT BHAGALPUR, OPP. KUPPA GHAT",6.3,8.29,2.0
2022,2,February,1,Bihar,1819,"RIVER GANGA AT BHAGALPUR, OPP. KUPPA GHAT",9.0,8.2,1.0
2022,2,February,2,Bihar,1819,"RIVER GANGA AT BHAGALPUR, OPP. KUPPA GHAT",5.9,7.8,1.0
2022,3,March,1,Bihar,1819,"RIVER GANGA AT BHAGALPUR, OPP. KUPPA GHAT",6.5,7.78,1.7
2022,3,March,2,Bihar,1819,"RIVER GANGA AT BHAGALPUR, OPP. KUPPA GHAT",7.1,7.9,1.0
2022,4,April,1,Bihar,1819,"RIVER GANGA AT BHAGALPUR, OPP. KUPPA GHAT",7.7,8.13,1.2
2022,4,April,2,Bihar,1819,"RIVER GANGA AT BHAGALPUR, OPP. KUPPA GHAT",7.9,7.88,1.0
2022,5,May,1,Bihar,1819,"RIVER GANGA AT BHAGALPUR, OPP. KUPPA GHAT",8.2,8.06,1.2
2022,5,May,2,Bihar,1819,"RIVER GANGA AT BHAGALPUR, OPP. KUPPA GHAT",10.5,7.62,1.8
2022,6,June,1,Bihar,1819,"RIVER GANGA AT BHAGALPUR, OPP. KUPPA GHAT",7.5,7.72,2.2
2022,6,June,2,Bihar,1819,"RIVER GANGA AT BHAGALPUR, OPP. KUPPA GHAT",7.5,7.59,1.8
2022,7,July,1,Bihar,1819,"RIVER GANGA AT BHAGALPUR, OPP. KUPPA GHAT",8.6,7.78,2.9
2022,7,July,2,Bihar,1819,"RIVER GANGA AT BHAGALPUR, OPP. KUPPA GHAT",6.2,7.43,2.1
2022,8,August,1,Bihar,1819,"RIVER GANGA AT BHAGALPUR, OPP. KUPPA GHAT",5.9,7.62,2.5
2022,8,August,2,Bihar,1819,"RIVER GANGA AT BHAGALPUR, OPP. KUPPA GHAT",5.3,7.14,1.1
2022,9,September,1,Bihar,1819,"RIVER GANGA AT BHAGALPUR, OPP. KUPPA GHAT",6.8,7.1,2.5
2022,9,September,2,Bihar,1819,"RIVER GANGA AT BHAGALPUR, OPP. KUPPA GHAT",6.3,7.26,2.9
2022,10,October,1,Bihar,1819,"RIVER GANGA AT BHAGALPUR, OPP. KUPPA GHAT",5.5,7.18,1.5
2022,10,October,2,Bihar,1819,"RIVER GANGA AT BHAGALPUR, OPP. KUPPA GHAT",6.0,7.58,2.1
2022,11,November,1,Bihar,1819,"RIVER GANGA AT BHAGALPUR, OPP. KUPPA GHAT",5.8,7.56,1.7
2022,11,November,2,Bihar,1819,"RIVER GANGA AT BHAGALPUR, OPP. KUPPA GHAT",7.5,7.56,1.0
2022,12,December,1,Bihar,1819,"RIVER GANGA AT BHAGALPUR, OPP. KUPPA GHAT",7.8,7.2,1.4
2023,1,January,1,Bihar,1819,"RIVER GANGA AT BHAGALPUR, OPP. KUPPA GHAT",8.0,8.32,1.0
2023,1,January,2,Bihar,1819,"RIVER GANGA AT BHAGALPUR, OPP. KUPPA GHAT",10.5,8.22,1.8
2023,2,February,1,Bihar,1819,"RIVER GANGA AT BHAGALPUR, OPP. KUPPA GHAT",9.3,7.29,1.1
2023,2,February,2,Bihar,1819,"RIVER GANGA AT BHAGALPUR, OPP. KUPPA GHAT",6.8,8.12,1.0
2023,3,March,1,Bihar,1819,"RIVER GANGA AT BHAGALPUR, OPP. KUPPA GHAT",6.7,8.2,1.1
2023,3,March,2,Bihar,1819,"RIVER GANGA AT BHAGALPUR, OPP. KUPPA GHAT",8.1,7.91,1.2
2023,4,April,1,Bihar,1819,"RIVER GANGA AT BHAGALPUR, OPP. KUPPA GHAT",8.7,7.93,1.8
2023,4,April,2,Bihar,1819,"RIVER GANGA AT BHAGALPUR, OPP. KUPPA GHAT",6.2,7.43,1.3
2023,5,May,1,Bihar,1819,"RIVER GANGA AT BHAGALPUR, OPP. KUPPA GHAT",12.1,8.1,2.4
2023,5,May,2,Bihar,1819,"RIVER GANGA AT BHAGALPUR, OPP. KUPPA GHAT",9.7,7.74,1.3
2023,6,June,1,Bihar,1819,"RIVER GANGA AT BHAGALPUR, OPP. KUPPA GHAT",5.9,7.49,2.9
2023,6,June,2,Bihar,1819,"RIVER GANGA AT BHAGALPUR, OPP. KUPPA GHAT",6.0,7.54,2.0
2023,7,July,1,Bihar,1819,"RIVER GANGA AT BHAGALPUR, OPP. KUPPA GHAT",6.4,8.05,2.3
2023,7,July,2,Bihar,1819,"RIVER GANGA AT BHAGALPUR, OPP. KUPPA GHAT",7.1,7.69,1.5
2023,8,August,1,Bihar,1819,"RIVER GANGA AT BHAGALPUR, OPP. KUPPA GHAT",6.4,7.76,2.1
2023,8,August,2,Bihar,1819,"RIVER GANGA AT BHAGALPUR, OPP. KUPPA GHAT",7.1,7.72,1.9
2023,9,September,1,Bihar,1819,"RIVER GANGA AT BHAGALPUR, OPP. KUPPA GHAT",6.7,7.59,1.4
2023,9,September,2,Bihar,1819,"RIVER GANGA AT BHAGALPUR, OPP. KUPPA GHAT",7.1,7.92,1.1
2023,10,October,1,Bihar,1819,"RIVER GANGA AT BHAGALPUR, OPP. KUPPA GHAT",6.9,7.17,1.2
2023,10,October,2,Bihar,1819,"RIVER GANGA AT BHAGALPUR, OPP. KUPPA GHAT",7.1,7.86,2.0
2023,11,November,1,Bihar,1819,"RIVER GANGA AT BHAGALPUR, OPP. KUPPA GHAT",7.2,7.63,1.2
2023,11,November,2,Bihar,1819,"RIVER GANGA AT BHAGALPUR, OPP. KUPPA GHAT",8.1,7.31,1.0
2023,12,December,1,Bihar,1819,"RIVER GANGA AT BHAGALPUR, OPP. KUPPA GHAT",7.5,7.22,1.7
2023,12,December,2,Bihar,1819,"RIVER GANGA AT BHAGALPUR, OPP. KUPPA GHAT",7.9,7.56,1.1
2024,1,January,1,Bihar,1819,BHAGALPUR,8.9,7.22,1.5
2024,1,January,2,Bihar,1819,BHAGALPUR,8.4,7.31,1.2
2024,2,February,1,Bihar,1819,BHAGALPUR,8.2,7.6,1.3
2024,2,February,2,Bihar,1819,BHAGALPUR,8.8,7.31,1.0
2024,3,March,1,Bihar,1819,BHAGALPUR,7.6,7.47,1.0
2024,3,March,2,Bihar,1819,BHAGALPUR,7.8,7.47,1.0
2024,4,April,1,Bihar,1819,BHAGALPUR,8.1,7.61,1.1
2024,4,April,2,Bihar,1819,BHAGALPUR,7.4,7.25,2.0
2024,5,May,1,Bihar,1819,BHAGALPUR,8.1,7.45,1.9
2024,5,May,2,Bihar,1819,BHAGALPUR,8.4,7.42,2.0
2024,6,June,1,Bihar,1819,BHAGALPUR,8.5,7.71,1.8
2024,6,June,2,Bihar,1819,BHAGALPUR,7.2,7.89,1.0
2024,7,July,1,Bihar,1819,BHAGALPUR,7.5,7.24,1.5
2024,7,July,2,Bihar,1819,BHAGALPUR,7.3,7.27,1.9
2024,8,August,1,Bihar,1819,BHAGALPUR,7.3,7.36,2.0
2024,8,August,2,Bihar,1819,BHAGALPUR,8.3,7.2,1.8
2024,9,September,1,Bihar,1819,BHAGALPUR,7.4,7.58,1.9
2024,9,September,2,Bihar,1819,BHAGALPUR,7.6,7.46,1.9
2024,10,October,1,Bihar,1819,BHAGALPUR,7.3,7.72,1.0
2024,10,October,2,Bihar,1819,BHAGALPUR,6.9,7.77,1.9
2024,11,November,1,Bihar,1819,BHAGALPUR,7.6,7.43,1.4
2024,11,November,2,Bihar,1819,BHAGALPUR,7.7,7.44,1.3
2024,12,December,1,Bihar,1819,BHAGALPUR,7.9,7.6,1.6
2024,12,December,2,Bihar,1819,BHAGALPUR,8.3,7.5,1.4
2014,1,January,1,Uttar Pradesh,2485,"RIVER GANGA U/S, VINDHYACHAL, MIRZAPUR",8.4,7.98,3.6
2014,2,February,1,Uttar Pradesh,2485,"RIVER GANGA U/S, VINDHYACHAL, MIRZAPUR",8.8,8.16,2.3
2014,8,August,1,Uttar Pradesh,2485,"RIVER GANGA U/S, VINDHYACHAL, MIRZAPUR",8.4,7.52,2.1
2014,9,September,1,Uttar Pradesh,2485,"RIVER GANGA U/S, VINDHYACHAL, MIRZAPUR",8.3,7.8,2.3
2014,11,November,1,Uttar Pradesh,2485,"RIVER GANGA U/S, VINDHYACHAL, MIRZAPUR",8.3,7.4,2.5
2014,12,December,1,Uttar Pradesh,2485,"RIVER GANGA U/S, VINDHYACHAL, MIRZAPUR",8.5,7.86,2.3
2015,7,July,1,Uttar Pradesh,2485,"RIVER GANGA U/S, VINDHYACHAL, MIRZAPUR",7.9,7.69,2.1
2015,8,August,1,Uttar Pradesh,2485,"RIVER GANGA U/S, VINDHYACHAL, MIRZAPUR",8.0,7.51,2.3
2015,9,September,1,Uttar Pradesh,2485,"RIVER GANGA U/S, VINDHYACHAL, MIRZAPUR",7.9,7.82,2.2
2015,10,October,1,Uttar Pradesh,2485,"RIVER GANGA U/S, VINDHYACHAL, MIRZAPUR",7.6,7.62,2.3
2016,1,January,1,Uttar Pradesh,2485,"RIVER GANGA U/S, VINDHYACHAL, MIRZAPUR",8.3,7.86,2.3
2016,2,February,1,Uttar Pradesh,2485,"RIVER GANGA U/S, VINDHYACHAL, MIRZAPUR",8.2,7.58,2.2
2016,3,March,1,Uttar Pradesh,2485,"RIVER GANGA U/S, VINDHYACHAL, MIRZAPUR",8.4,7.64,2.1
2016,4,April,1,Uttar Pradesh,2485,"RIVER GANGA U/S, VINDHYACHAL, MIRZAPUR",8.2,6.5,2.2
2016,12,December,1,Uttar Pradesh,2485,"RIVER GANGA U/S, VINDHYACHAL, MIRZAPUR",8.4,6.5,2.2
2017,1,January,1,Uttar Pradesh,2485,"RIVER GANGA U/S, VINDHYACHAL, MIRZAPUR",8.6,6.58,2.3
2017,2,February,1,Uttar Pradesh,2485,"RIVER GANGA U/S, VINDHYACHAL, MIRZAPUR",8.3,6.51,2.6
2017,3,March,1,Uttar Pradesh,2485,"RIVER GANGA U/S, VINDHYACHAL, MIRZAPUR",8.5,7.23,2.4
2017,4,April,1,Uttar Pradesh,2485,"RIVER GANGA U/S, VINDHYACHAL, MIRZAPUR",8.0,7.62,2.3
2017,5,May,1,Uttar Pradesh,2485,"RIVER GANGA U/S, VINDHYACHAL, MIRZAPUR",8.3,6.72,2.5
2017,6,June,1,Uttar Pradesh,2485,"RIVER GANGA U/S, VINDHYACHAL, MIRZAPUR",8.5,6.5,2.6
2017,10,October,1,Uttar Pradesh,2485,"RIVER GANGA U/S, VINDHYACHAL, MIRZAPUR",8.0,6.3,2.5
2018,1,January,1,Uttar Pradesh,2485,"RIVER GANGA U/S, VINDHYACHAL, MIRZAPUR",9.2,8.42,2.0
2018,2,February,1,Uttar Pradesh,2485,"RIVER GANGA U/S, VINDHYACHAL, MIRZAPUR",9.3,8.03,2.2
2018,3,March,1,Uttar Pradesh,2485,"RIVER GANGA U/S, VINDHYACHAL, MIRZAPUR",8.6,8.123,2.5
2018,4,April,1,Uttar Pradesh,2485,"RIVER GANGA U/S, VINDHYACHAL, MIRZAPUR",8.3,8.29,2.8
2018,5,May,1,Uttar Pradesh,2485,"RIVER GANGA U/S, VINDHYACHAL, MIRZAPUR",8.6,8.37,3.1
2018,6,June,1,Uttar Pradesh,2485,"RIVER GANGA U/S, VINDHYACHAL, MIRZAPUR",7.5,8.34,2.8
2018,7,July,1,Uttar Pradesh,2485,"RIVER GANGA U/S, VINDHYACHAL, MIRZAPUR",6.8,8.08,3.0
2018,8,August,1,Uttar Pradesh,2485,"RIVER GANGA U/S, VINDHYACHAL, MIRZAPUR",7.8,7.97,2.8
2018,9,September,1,Uttar Pradesh,2485,"RIVER GANGA U/S, VINDHYACHAL, MIRZAPUR",6.6,8.11,3.4
2018,10,October,1,Uttar Pradesh,2485,"RIVER GANGA U/S, VINDHYACHAL, MIRZAPUR",7.4,8.35,2.4
2018,11,November,1,Uttar Pradesh,2485,"RIVER GANGA U/S, VINDHYACHAL, MIRZAPUR",8.7,8.32,3.9
2019,1,January,1,Uttar Pradesh,2485,"RIVER GANGA U/S, VINDHYACHAL, MIRZAPUR",7.4,8.2,2.7
2019,2,February,1,Uttar Pradesh,2485,"RIVER GANGA U/S, VINDHYACHAL, MIRZAPUR",8.1,8.2,2.4
2019,3,March,1,Uttar Pradesh,2485,"RIVER GANGA U/S, VINDHYACHAL, MIRZAPUR",8.2,8.3,2.4
2019,4,April,1,Uttar Pradesh,2485,"RIVER GANGA U/S, VINDHYACHAL, MIRZAPUR",8.8,8.4,2.8
2019,5,May,1,Uttar Pradesh,2485,"RIVER GANGA U/S, VINDHYACHAL, MIRZAPUR",9.2,8.4,2.6
2021,1,January,2,Uttar Pradesh,2485,"RIVER GANGA U/S, VINDHYACHAL, MIRZAPUR",9.1,8.35,2.3
2021,2,February,1,Uttar Pradesh,2485,"RIVER GANGA U/S, VINDHYACHAL, MIRZAPUR",12.0,8.31,2.1
2021,2,February,2,Uttar Pradesh,2485,"RIVER GANGA U/S, VINDHYACHAL, MIRZAPUR",9.4,8.35,1.8
2021,3,March,1,Uttar Pradesh,2485,"RIVER GANGA U/S, VINDHYACHAL, MIRZAPUR",9.3,8.41,2.0
2021,4,April,1,Uttar Pradesh,2485,"RIVER GANGA U/S, VINDHYACHAL, MIRZAPUR",8.5,8.39,2.4
2021,4,April,2,Uttar Pradesh,2485,"RIVER GANGA U/S, VINDHYACHAL, MIRZAPUR",8.7,8.42,2.2
2021,5,May,1,Uttar Pradesh,2485,"RIVER GANGA U/S, VINDHYACHAL, MIRZAPUR",8.0,5.45,2.4
2021,5,May,2,Uttar Pradesh,2485,"RIVER GANGA U/S, VINDHYACHAL, MIRZAPUR",8.4,8.41,2.5
2021,6,June,1,Uttar Pradesh,2485,"RIVER GANGA U/S, VINDHYACHAL, MIRZAPUR",8.2,8.45,2.6
2021,6,June,2,Uttar Pradesh,2485,"RIVER GANGA U/S, VINDHYACHAL, MIRZAPUR",8.4,8.4,2.4
2021,7,July,1,Uttar Pradesh,2485,"RIVER GANGA U/S, VINDHYACHAL, MIRZAPUR",7.8,8.45,2.6
2021,7,July,2,Uttar Pradesh,2485,"RIVER GANGA U/S, VINDHYACHAL, MIRZAPUR",8.2,8.39,2.4
2021,8,August,1,Uttar Pradesh,2485,"RIVER GANGA U/S, VINDHYACHAL, MIRZAPUR",6.8,7.72,3.2
2021,8,August,2,Uttar Pradesh,2485,"RIVER GANGA U/S, VINDHYACHAL, MIRZAPUR",7.3,7.79,3.0
2021,9,September,1,Uttar Pradesh,2485,"RIVER GANGA U/S, VINDHYACHAL, MIRZAPUR",7.1,7.49,2.4
2021,9,September,2,Uttar Pradesh,2485,"RIVER GANGA U/S, VINDHYACHAL, MIRZAPUR",7.3,7.42,2.2
2021,10,October,1,Uttar Pradesh,2485,"RIVER GANGA U/S, VINDHYACHAL, MIRZAPUR",7.1,7.5,2.3
2021,10,October,2,Uttar Pradesh,2485,"RIVER GANGA U/S, VINDHYACHAL, MIRZAPUR",7.3,7.59,2.1
2021,11,November,1,Uttar Pradesh,2485,"RIVER GANGA U/S, VINDHYACHAL, MIRZAPUR",7.2,7.44,2.2
2021,11,November,2,Uttar Pradesh,2485,"RIVER GANGA U/S, VINDHYACHAL, MIRZAPUR",8.4,8.12,2.1
2021,12,December,1,Uttar Pradesh,2485,"RIVER GANGA U/S, VINDHYACHAL, MIRZAPUR",8.6,8.15,1.9
2023,1,January,1,Uttar Pradesh,2485,"RIVER GANGA U/S, VINDHYACHAL, MIRZAPUR",9.2,8.31,2.4
2023,1,January,2,Uttar Pradesh,2485,"RIVER GANGA U/S, VINDHYACHAL, MIRZAPUR",9.4,8.35,2.3
2023,2,February,1,Uttar Pradesh,2485,"RIVER GANGA U/S, VINDHYACHAL, MIRZAPUR",9.0,8.34,2.2
2023,2,February,2,Uttar Pradesh,2485,"RIVER GANGA U/S, VINDHYACHAL, MIRZAPUR",9.3,8.31,2.5
2023,3,March,1,Uttar Pradesh,2485,"RIVER GANGA U/S, VINDHYACHAL, MIRZAPUR",8.6,8.16,2.8
2023,3,March,2,Uttar Pradesh,2485,"RIVER GANGA U/S, VINDHYACHAL, MIRZAPUR",8.8,8.19,2.6
2023,4,April,1,Uttar Pradesh,2485,"RIVER GANGA U/S, VINDHYACHAL, MIRZAPUR",8.1,8.11,2.6
2023,4,April,2,Uttar Pradesh,2485,"RIVER GANGA U/S, VINDHYACHAL, MIRZAPUR",8.4,8.04,2.8
2023,5,May,1,Uttar Pradesh,2485,"RIVER GANGA U/S, VINDHYACHAL, MIRZAPUR",8.1,8.15,2.6
2023,5,May,2,Uttar Pradesh,2485,"RIVER GANGA U/S, VINDHYACHAL, MIRZAPUR",8.3,8.12,2.8
2023,6,June,1,Uttar Pradesh,2485,"RIVER GANGA U/S, VINDHYACHAL, MIRZAPUR",7.6,8.07,2.8
2023,6,June,2,Uttar Pradesh,2485,"RIVER GANGA U/S, VINDHYACHAL, MIRZAPUR",7.8,8.02,2.9
2023,7,July,1,Uttar Pradesh,2485,"RIVER GANGA U/S, VINDHYACHAL, MIRZAPUR",7.4,8.03,2.8
2023,7,July,2,Uttar Pradesh,2485,"RIVER GANGA U/S, VINDHYACHAL, MIRZAPUR",7.7,8.08,2.5
2023,8,August,1,Uttar Pradesh,2485,"RIVER GANGA U/S, VINDHYACHAL, MIRZAPUR",7.4,8.05,2.7
2023,8,August,2,Uttar Pradesh,2485,"RIVER GANGA U/S, VINDHYACHAL, MIRZAPUR",7.5,7.99,2.8
2023,9,September,1,Uttar Pradesh,2485,"RIVER GANGA U/S, VINDHYACHAL, MIRZAPUR",7.3,7.92,2.6
2023,9,September,2,Uttar Pradesh,2485,"RIVER GANGA U/S, VINDHYACHAL, MIRZAPUR",7.5,7.92,2.8
2023,10,October,1,Uttar Pradesh,2485,"RIVER GANGA U/S, VINDHYACHAL, MIRZAPUR",7.5,8.0,2.6
2023,10,October,2,Uttar Pradesh,2485,"RIVER GANGA U/S, VINDHYACHAL, MIRZAPUR",7.8,7.91,2.8
2023,11,November,1,Uttar Pradesh,2485,"RIVER GANGA U/S, VINDHYACHAL, MIRZAPUR",8.2,8.12,2.2
2023,11,November,2,Uttar Pradesh,2485,"RIVER GANGA U/S, VINDHYACHAL, MIRZAPUR",8.3,8.08,2.3
2023,12,December,1,Uttar Pradesh,2485,"RIVER GANGA U/S, VINDHYACHAL, MIRZAPUR",8.5,8.18,2.3
2023,12,December,2,Uttar Pradesh,2485,"RIVER GANGA U/S, VINDHYACHAL, MIRZAPUR",8.7,8.2,2.2
2024,1,January,1,Uttar Pradesh,2485,"U/S, VINDHYACHAL (MIRZAPUR)",8.5,8.16,2.5
2024,1,January,2,Uttar Pradesh,2485,"U/S, VINDHYACHAL (MIRZAPUR)",8.7,8.2,2.4
2024,2,February,1,Uttar Pradesh,2485,"U/S, VINDHYACHAL (MIRZAPUR)",8.7,8.27,2.4
2024,2,February,2,Uttar Pradesh,2485,"U/S, VINDHYACHAL (MIRZAPUR)",8.4,8.21,2.6
2024,3,March,1,Uttar Pradesh,2485,"U/S, VINDHYACHAL (MIRZAPUR)",8.4,8.21,2.6
2024,3,March,2,Uttar Pradesh,2485,"U/S, VINDHYACHAL (MIRZAPUR)",8.2,8.16,2.7
2024,4,April,1,Uttar Pradesh,2485,"U/S, VINDHYACHAL (MIRZAPUR)",8.0,8.15,2.4
2024,4,April,2,Uttar Pradesh,2485,"U/S, VINDHYACHAL (MIRZAPUR)",7.8,8.02,2.5
2024,5,May,1,Uttar Pradesh,2485,"U/S, VINDHYACHAL (MIRZAPUR)",7.4,7.96,2.6
2024,5,May,2,Uttar Pradesh,2485,"U/S, VINDHYACHAL (MIRZAPUR)",7.7,8.02,2.5
2024,6,June,1,Uttar Pradesh,2485,"U/S, VINDHYACHAL (MIRZAPUR)",7.6,8.07,2.5
2024,6,June,2,Uttar Pradesh,2485,"U/S, VINDHYACHAL (MIRZAPUR)",7.3,8.02,2.7
2024,7,July,1,Uttar Pradesh,2485,"U/S, VINDHYACHAL (MIRZAPUR)",7.7,8.11,2.4
2024,7,July,2,Uttar Pradesh,2485,"U/S, VINDHYACHAL (MIRZAPUR)",7.2,8.06,2.7
2024,8,August,1,Uttar Pradesh,2485,"U/S, VINDHYACHAL (MIRZAPUR)",7.1,7.85,2.6
2024,8,August,2,Uttar Pradesh,2485,"U/S, VINDHYACHAL (MIRZAPUR)",6.8,7.78,2.8
2024,9,September,1,Uttar Pradesh,2485,"U/S, VINDHYACHAL (MIRZAPUR)",6.8,7.85,2.6
2024,9,September,2,Uttar Pradesh,2485,"U/S, VINDHYACHAL (MIRZAPUR)",7.0,7.86,2.5
2024,10,October,1,Uttar Pradesh,2485,"U/S, VINDHYACHAL (MIRZAPUR)",7.2,7.92,2.4
2024,10,October,2,Uttar Pradesh,2485,"U/S, VINDHYACHAL (MIRZAPUR)",7.4,7.96,2.3
2024,11,November,1,Uttar Pradesh,2485,"U/S, VINDHYACHAL (MIRZAPUR)",7.8,8.21,2.3
2024,11,November,2,Uttar Pradesh,2485,"U/S, VINDHYACHAL (MIRZAPUR)",8.6,8.24,2.5
2024,12,December,1,Uttar Pradesh,2485,"U/S, VINDHYACHAL (MIRZAPUR)",8.7,8.23,2.3
2024,12,December,2,Uttar Pradesh,2485,"U/S, VINDHYACHAL (MIRZAPUR)",8.5,8.22,2.4
2014,1,January,1,Uttar Pradesh,2486,"RIVER GANGA D/S, MIRZAPUR",8.2,7.92,3.8
2014,2,February,1,Uttar Pradesh,2486,"RIVER GANGA D/S, MIRZAPUR",8.6,7.98,3.2
2014,4,April,1,Uttar Pradesh,2486,"RIVER GANGA D/S, MIRZAPUR",8.6,7.44,2.4
2014,5,May,1,Uttar Pradesh,2486,"RIVER GANGA D/S, MIRZAPUR",8.2,7.6,2.5
2014,6,June,1,Uttar Pradesh,2486,"RIVER GANGA D/S, MIRZAPUR",8.2,7.96,2.4
2014,7,July,1,Uttar Pradesh,2486,"RIVER GANGA D/S, MIRZAPUR",8.3,7.5,2.3
2014,8,August,1,Uttar Pradesh,2486,"RIVER GANGA D/S, MIRZAPUR",8.5,7.22,2.3
2014,9,September,1,Uttar Pradesh,2486,"RIVER GANGA D/S, MIRZAPUR",8.4,7.4,2.4
2016,1,January,1,Uttar Pradesh,2486,"RIVER GANGA D/S, MIRZAPUR",8.2,7.93,2.6
2016,2,February,1,Uttar Pradesh,2486,"RIVER GANGA D/S, MIRZAPUR",7.9,7.78,2.4
2016,3,March,1,Uttar Pradesh,2486,"RIVER GANGA D/S, MIRZAPUR",8.1,7.91,2.4
2016,4,April,1,Uttar Pradesh,2486,"RIVER GANGA D/S, MIRZAPUR",8.5,7.0,2.5
2016,12,December,1,Uttar Pradesh,2486,"RIVER GANGA D/S, MIRZAPUR",8.1,6.58,2.5
2017,1,January,1,Uttar Pradesh,2486,"RIVER GANGA D/S, MIRZAPUR",8.4,6.68,2.6
2017,2,February,1,Uttar Pradesh,2486,"RIVER GANGA D/S, MIRZAPUR",8.0,6.62,2.9
2017,3,March,1,Uttar Pradesh,2486,"RIVER GANGA D/S, MIRZAPUR",8.2,7.54,2.7
2017,4,April,1,Uttar Pradesh,2486,"RIVER GANGA D/S, MIRZAPUR",7.6,7.9,2.6
2017,5,May,1,Uttar Pradesh,2486,"RIVER GANGA D/S, MIRZAPUR",8.0,6.9,2.8
2017,6,June,1,Uttar Pradesh,2486,"RIVER GANGA D/S, MIRZAPUR",8.1,6.5,2.9
2018,1,January,1,Uttar Pradesh,2486,"RIVER GANGA D/S, MIRZAPUR",8.7,8.22,2.4
2018,2,February,1,Uttar Pradesh,2486,"RIVER GANGA D/S, MIRZAPUR",8.9,7.82,2.8
2018,3,March,1,Uttar Pradesh,2486,"RIVER GANGA D/S, MIRZAPUR",8.5,8.2,2.7
2018,4,April,1,Uttar Pradesh,2486,"RIVER GANGA D/S, MIRZAPUR",7.7,7.82,3.4
2018,5,May,1,Uttar Pradesh,2486,"RIVER GANGA D/S, MIRZAPUR",8.0,8.4,3.7
2018,6,June,1,Uttar Pradesh,2486,"RIVER GANGA D/S, MIRZAPUR",7.1,8.39,3.4
2018,7,July,1,Uttar Pradesh,2486,"RIVER GANGA D/S, MIRZAPUR",6.3,7.98,3.4
2018,8,August,1,Uttar Pradesh,2486,"RIVER GANGA D/S, MIRZAPUR",7.4,7.88,3.0
2018,9,September,1,Uttar Pradesh,2486,"RIVER GANGA D/S, MIRZAPUR",6.5,8.03,3.6
2018,10,October,1,Uttar Pradesh,2486,"RIVER GANGA D/S, MIRZAPUR",7.2,8.43,2.8
2018,11,November,1,Uttar Pradesh,2486,"RIVER GANGA D/S, MIRZAPUR",7.8,8.22,3.8
2019,1,January,1,Uttar Pradesh,2486,"RIVER GANGA D/S, MIRZAPUR",6.7,8.2,3.7
2019,2,February,1,Uttar Pradesh,2486,"RIVER GANGA D/S, MIRZAPUR",7.0,8.2,3.3
2019,3,March,1,Uttar Pradesh,2486,"RIVER GANGA D/S, MIRZAPUR",7.3,8.2,3.4
2019,4,April,1,Uttar Pradesh,2486,"RIVER GANGA D/S, MIRZAPUR",7.5,8.2,3.5
2019,5,May,1,Uttar Pradesh,2486,"RIVER GANGA D/S, MIRZAPUR",7.6,8.3,3.3
2019,6,June,1,Uttar Pradesh,2486,"RIVER GANGA D/S, MIRZAPUR",7.7,8.1,3.5
2019,7,July,1,Uttar Pradesh,2486,"RIVER GANGA D/S, MIRZAPUR",7.7,8.1,3.8
2019,8,August,1,Uttar Pradesh,2486,"RIVER GANGA D/S, MIRZAPUR",8.2,8.2,3.9
2021,1,January,2,Uttar Pradesh,2486,"RIVER GANGA D/S, MIRZAPUR",7.6,8.52,3.7
2021,2,February,1,Uttar Pradesh,2486,"RIVER GANGA D/S, MIRZAPUR",10.3,8.5,3.5
2021,2,February,2,Uttar Pradesh,2486,"RIVER GANGA D/S, MIRZAPUR",8.6,8.5,3.1
2021,3,March,1,Uttar Pradesh,2486,"RIVER GANGA D/S, MIRZAPUR",8.5,8.54,3.5
2021,4,April,1,Uttar Pradesh,2486,"RIVER GANGA D/S, MIRZAPUR",7.6,8.5,4.0
2021,4,April,2,Uttar Pradesh,2486,"RIVER GANGA D/S, MIRZAPUR",7.8,6.56,3.8
2021,5,May,1,Uttar Pradesh,2486,"RIVER GANGA D/S, MIRZAPUR",7.4,8.5,4.0
2021,5,May,2,Uttar Pradesh,2486,"RIVER GANGA D/S, MIRZAPUR",7.5,8.5,4.2
2021,6,June,1,Uttar Pradesh,2486,"RIVER GANGA D/S, MIRZAPUR",7.3,8.35,3.7
2021,6,June,2,Uttar Pradesh,2486,"RIVER GANGA D/S, MIRZAPUR",7.6,8.58,3.8
2021,7,July,1,Uttar Pradesh,2486,"RIVER GANGA D/S, MIRZAPUR",7.3,8.32,3.5
2021,7,July,2,Uttar Pradesh,2486,"RIVER GANGA D/S, MIRZAPUR",7.8,8.3,3.3
2021,8,August,1,Uttar Pradesh,2486,"RIVER GANGA D/S, MIRZAPUR",6.4,7.72,4.2
2021,8,August,2,Uttar Pradesh,2486,"RIVER GANGA D/S, MIRZAPUR",6.7,7.68,3.8
2021,9,September,1,Uttar Pradesh,2486,"RIVER GANGA D/S, MIRZAPUR",6.5,7.34,3.4
2021,9,September,2,Uttar Pradesh,2486,"RIVER GANGA D/S, MIRZAPUR",6.7,7.41,3.5
2021,10,October,1,Uttar Pradesh,2486,"RIVER GANGA D/S, MIRZAPUR",6.5,7.46,3.5
2021,10,October,2,Uttar Pradesh,2486,"RIVER GANGA D/S, MIRZAPUR",6.8,7.42,3.7
2021,11,November,1,Uttar Pradesh,2486,"RIVER GANGA D/S, MIRZAPUR",6.6,7.38,3.5
2021,11,November,2,Uttar Pradesh,2486,"RIVER GANGA D/S, MIRZAPUR",7.4,7.72,3.8
2021,12,December,1,Uttar Pradesh,2486,"RIVER GANGA D/S, MIRZAPUR",7.8,8.27,1.7
2021,12,December,2,Uttar Pradesh,2486,"RIVER GANGA D/S, MIRZAPUR",9.5,7.95,3.6
2023,1,January,1,Uttar Pradesh,2486,"RIVER GANGA D/S, MIRZAPUR",8.3,7.97,3.7
2023,1,January,2,Uttar Pradesh,2486,"RIVER GANGA D/S, MIRZAPUR",8.5,8.02,3.6
2023,2,February,1,Uttar Pradesh,2486,"RIVER GANGA D/S, MIRZAPUR",8.3,8.04,3.6
2023,2,February,2,Uttar Pradesh,2486,"RIVER GANGA D/S, MIRZAPUR",8.4,7.95,4.0
2023,3,March,1,Uttar Pradesh,2486,"RIVER GANGA D/S, MIRZAPUR",7.5,7.91,4.3
2023,3,March,2,Uttar Pradesh,2486,"RIVER GANGA D/S, MIRZAPUR",7.7,7.94,4.2
2023,4,April,1,Uttar Pradesh,2486,"RIVER GANGA D/S, MIRZAPUR",7.0,7.85,4.3
2023,4,April,2,Uttar Pradesh,2486,"RIVER GANGA D/S, MIRZAPUR",7.3,7.75,4.5
2023,5,May,1,Uttar Pradesh,2486,"RIVER GANGA D/S, MIRZAPUR",7.0,7.92,4.3
2023,5,May,2,Uttar Pradesh,2486,"RIVER GANGA D/S, MIRZAPUR",7.2,7.88,4.5
2023,6,June,1,Uttar Pradesh,2486,"RIVER GANGA D/S, MIRZAPUR",6.9,7.62,4.1
2023,6,June,2,Uttar Pradesh,2486,"RIVER GANGA D/S, MIRZAPUR",7.1,7.65,3.7
2023,7,July,1,Uttar Pradesh,2486,"RIVER GANGA D/S, MIRZAPUR",6.8,7.63,4.3
2023,7,July,2,Uttar Pradesh,2486,"RIVER GANGA D/S, MIRZAPUR",7.0,7.67,4.2
2023,8,August,1,Uttar Pradesh,2486,"RIVER GANGA D/S, MIRZAPUR",6.8,7.61,4.3
2023,8,August,2,Uttar Pradesh,2486,"RIVER GANGA D/S, MIRZAPUR",6.9,7.59,4.4
2023,9,September,1,Uttar Pradesh,2486,"RIVER GANGA D/S, MIRZAPUR",6.6,7.61,4.4
2023,9,September,2,Uttar Pradesh,2486,"RIVER GANGA D/S, MIRZAPUR",6.8,7.58,4.3
2023,10,October,1,Uttar Pradesh,2486,"RIVER GANGA D/S, MIRZAPUR",6.8,7.79,4.0
2023,10,October,2,Uttar Pradesh,2486,"RIVER GANGA D/S, MIRZAPUR",7.2,7.58,4.3
2023,11,November,1,Uttar Pradesh,2486,"RIVER GANGA D/S, MIRZAPUR",7.5,7.85,3.5
2023,11,November,2,Uttar Pradesh,2486,"RIVER GANGA D/S, MIRZAPUR",7.7,7.83,3.6
2023,12,December,1,Uttar Pradesh,2486,"RIVER GANGA D/S, MIRZAPUR",7.6,7.86,3.5
2023,12,December,2,Uttar Pradesh,2486,"RIVER GANGA D/S, MIRZAPUR",7.8,7.95,3.3
2024,1,January,1,Uttar Pradesh,2486,"D/S, MIRZAPUR",7.7,7.9,3.4
2024,1,January,2,Uttar Pradesh,2486,"D/S, MIRZAPUR",7.8,7.93,3.3
2024,2,February,1,Uttar Pradesh,2486,"D/S, MIRZAPUR",7.8,7.88,3.5
2024,2,February,2,Uttar Pradesh,2486,"D/S, MIRZAPUR",7.5,7.81,3.7
2024,3,March,1,Uttar Pradesh,2486,"D/S, MIRZAPUR",7.5,7.78,3.7
2024,3,March,2,Uttar Pradesh,2486,"D/S, MIRZAPUR",7.4,7.71,3.8
2024,4,April,1,Uttar Pradesh,2486,"D/S, MIRZAPUR",7.3,7.74,3.5
2024,4,April,2,Uttar Pradesh,2486,"D/S, MIRZAPUR",7.2,7.69,3.6
2024,5,May,1,Uttar Pradesh,2486,"D/S, MIRZAPUR",7.0,7.75,3.7
2024,5,May,2,Uttar Pradesh,2486,"D/S, MIRZAPUR",7.2,7.78,3.5
2024,6,June,1,Uttar Pradesh,2486,"D/S, MIRZAPUR",6.9,7.66,3.6
2024,6,June,2,Uttar Pradesh,2486,"D/S, MIRZAPUR",6.6,7.61,3.8
2024,7,July,1,Uttar Pradesh,2486,"D/S, MIRZAPUR",7.0,7.68,3.5
2024,7,July,2,Uttar Pradesh,2486,"D/S, MIRZAPUR",6.7,7.62,3.7
2024,8,August,1,Uttar Pradesh,2486,"D/S, MIRZAPUR",6.6,7.74,3.7
2024,8,August,2,Uttar Pradesh,2486,"D/S, MIRZAPUR",6.4,7.67,3.8
2024,9,September,1,Uttar Pradesh,2486,"D/S, MIRZAPUR",6.4,7.61,3.5
2024,9,September,2,Uttar Pradesh,2486,"D/S, MIRZAPUR",6.6,7.65,3.4
2024,10,October,1,Uttar Pradesh,2486,"D/S, MIRZAPUR",6.6,7.67,3.4
2024,10,October,2,Uttar Pradesh,2486,"D/S, MIRZAPUR",6.9,7.72,3.3
2024,11,November,1,Uttar Pradesh,2486,"D/S, MIRZAPUR",7.0,7.8,3.3
2024,11,November,2,Uttar Pradesh,2486,"D/S, MIRZAPUR",7.5,7.92,3.6
2024,12,December,1,Uttar Pradesh,2486,"D/S, MIRZAPUR",7.8,7.95,3.3
2024,12,December,2,Uttar Pradesh,2486,"D/S, MIRZAPUR",7.6,7.94,3.5
2014,1,January,1,Uttar Pradesh,2487,"RIVER GANGA AT KADAGHAT, KAUSHAMABI",9.3,8.33,4.0
2014,2,February,1,Uttar Pradesh,2487,"RIVER GANGA AT KADAGHAT, KAUSHAMABI",9.0,8.08,3.8
2014,3,March,1,Uttar Pradesh,2487,"RIVER GANGA AT KADAGHAT, KAUSHAMABI",8.9,8.31,3.4
2014,4,April,1,Uttar Pradesh,2487,"RIVER GANGA AT KADAGHAT, KAUSHAMABI",8.2,8.4,3.4
2014,5,May,1,Uttar Pradesh,2487,"RIVER GANGA AT KADAGHAT, KAUSHAMABI",8.0,8.49,3.5
2014,6,June,1,Uttar Pradesh,2487,"RIVER GANGA AT KADAGHAT, KAUSHAMABI",7.6,8.3,3.6
2014,8,August,1,Uttar Pradesh,2487,"RIVER GANGA AT KADAGHAT, KAUSHAMABI",8.3,8.26,4.3
2014,9,September,1,Uttar Pradesh,2487,"RIVER GANGA AT KADAGHAT, KAUSHAMABI",8.3,8.24,4.0
2014,10,October,1,Uttar Pradesh,2487,"RIVER GANGA AT KADAGHAT, KAUSHAMABI",8.2,8.36,4.0
2015,2,February,1,Uttar Pradesh,2487,"RIVER GANGA AT KADAGHAT, KAUSHAMABI",8.5,8.35,3.7
2015,3,March,1,Uttar Pradesh,2487,"RIVER GANGA AT KADAGHAT, KAUSHAMABI",8.5,7.83,3.5
2015,4,April,1,Uttar Pradesh,2487,"RIVER GANGA AT KADAGHAT, KAUSHAMABI",8.7,8.32,3.6
2015,5,May,1,Uttar Pradesh,2487,"RIVER GANGA AT KADAGHAT, KAUSHAMABI",8.3,8.4,3.8
2015,6,June,1,Uttar Pradesh,2487,"RIVER GANGA AT KADAGHAT, KAUSHAMABI",7.2,7.61,3.9
2015,7,July,1,Uttar Pradesh,2487,"RIVER GANGA AT KADAGHAT, KAUSHAMABI",7.3,7.48,3.8
2015,8,August,1,Uttar Pradesh,2487,"RIVER GANGA AT KADAGHAT, KAUSHAMABI",7.6,8.0,4.5
2015,9,September,1,Uttar Pradesh,2487,"RIVER GANGA AT KADAGHAT, KAUSHAMABI",7.5,8.29,4.3
2016,1,January,1,Uttar Pradesh,2487,"RIVER GANGA AT KADAGHAT, KAUSHAMABI",8.0,8.43,4.4
2016,2,February,1,Uttar Pradesh,2487,"RIVER GANGA AT KADAGHAT, KAUSHAMABI",8.4,8.53,4.2
2016,3,March,1,Uttar Pradesh,2487,"RIVER GANGA AT KADAGHAT, KAUSHAMABI",8.2,8.6,4.3
2016,4,April,1,Uttar Pradesh,2487,"RIVER GANGA AT KADAGHAT, KAUSHAMABI",8.0,8.51,4.0
2016,5,May,1,Uttar Pradesh,2487,"RIVER GANGA AT KADAGHAT, KAUSHAMABI",8.1,8.44,4.2
2016,6,June,1,Uttar Pradesh,2487,"RIVER GANGA AT KADAGHAT, KAUSHAMABI",8.0,8.48,4.2
2016,7,July,1,Uttar Pradesh,2487,"RIVER GANGA AT KADAGHAT, KAUSHAMABI",7.5,8.43,4.0
2016,8,August,1,Uttar Pradesh,2487,"RIVER GANGA AT KADAGHAT, KAUSHAMABI",7.0,8.02,4.7
2016,9,September,1,Uttar Pradesh,2487,"RIVER GANGA AT KADAGHAT, KAUSHAMABI",7.7,7.95,4.3
2016,10,October,1,Uttar Pradesh,2487,"RIVER GANGA AT KADAGHAT, KAUSHAMABI",8.0,7.88,4.0
2016,11,November,1,Uttar Pradesh,2487,"RIVER GANGA AT KADAGHAT, KAUSHAMABI",8.0,6.12,3.8
2016,12,December,1,Uttar Pradesh,2487,"RIVER GANGA AT KADAGHAT, KAUSHAMABI",8.3,8.28,4.3
2017,1,January,1,Uttar Pradesh,2487,"RIVER GANGA AT KADAGHAT, KAUSHAMABI",8.3,8.26,4.4
2017,2,February,1,Uttar Pradesh,2487,"RIVER GANGA AT KADAGHAT, KAUSHAMABI",8.4,8.2,4.1
2017,3,March,1,Uttar Pradesh,2487,"RIVER GANGA AT KADAGHAT, KAUSHAMABI",8.5,8.33,4.3
2017,4,April,1,Uttar Pradesh,2487,"RIVER GANGA AT KADAGHAT, KAUSHAMABI",8.2,8.29,4.5
2017,5,May,1,Uttar Pradesh,2487,"RIVER GANGA AT KADAGHAT, KAUSHAMABI",8.0,8.26,4.6
2017,6,June,1,Uttar Pradesh,2487,"RIVER GANGA AT KADAGHAT, KAUSHAMABI",8.2,8.15,4.2
2017,8,August,1,Uttar Pradesh,2487,"RIVER GANGA AT KADAGHAT, KAUSHAMABI",7.6,7.78,4.3
2017,10,October,1,Uttar Pradesh,2487,"RIVER GANGA AT KADAGHAT, KAUSHAMABI",7.1,7.85,5.7
2017,11,November,1,Uttar Pradesh,2487,"RIVER GANGA AT KADAGHAT, KAUSHAMABI",7.5,7.82,5.6
2017,12,December,1,Uttar Pradesh,2487,"RIVER GANGA AT KADAGHAT, KAUSHAMABI",7.8,7.93,5.4
2018,1,January,1,Uttar Pradesh,2487,"RIVER GANGA AT KADAGHAT, KAUSHAMABI",10.1,8.43,4.9
2018,2,February,1,Uttar Pradesh,2487,"RIVER GANGA AT KADAGHAT, KAUSHAMABI",9.5,8.53,4.5
2018,3,March,1,Uttar Pradesh,2487,"RIVER GANGA AT KADAGHAT, KAUSHAMABI",9.4,8.6,4.3
2018,4,April,1,Uttar Pradesh,2487,"RIVER GANGA AT KADAGHAT, KAUSHAMABI",10.3,8.51,4.1
2018,5,May,1,Uttar Pradesh,2487,"RIVER GANGA AT KADAGHAT, KAUSHAMABI",9.8,8.44,4.4
2018,6,June,1,Uttar Pradesh,2487,"RIVER GANGA AT KADAGHAT, KAUSHAMABI",9.1,8.48,4.0
2018,7,July,1,Uttar Pradesh,2487,"RIVER GANGA AT KADAGHAT, KAUSHAMABI",9.0,8.43,4.2
2018,8,August,1,Uttar Pradesh,2487,"RIVER GANGA AT KADAGHAT, KAUSHAMABI",7.5,8.02,2.9
2018,9,September,1,Uttar Pradesh,2487,"RIVER GANGA AT KADAGHAT, KAUSHAMABI",7.6,7.95,3.1
2018,10,October,1,Uttar Pradesh,2487,"RIVER GANGA AT KADAGHAT, KAUSHAMABI",7.8,7.88,3.7
2019,1,January,1,Uttar Pradesh,2487,"RIVER GANGA AT KADAGHAT, KAUSHAMABI",10.4,8.4,3.7
2019,2,February,1,Uttar Pradesh,2487,"RIVER GANGA AT KADAGHAT, KAUSHAMABI",11.9,8.4,3.9
2019,3,March,1,Uttar Pradesh,2487,"RIVER GANGA AT KADAGHAT, KAUSHAMABI",7.3,8.2,3.2
2019,4,April,1,Uttar Pradesh,2487,"RIVER GANGA AT KADAGHAT, KAUSHAMABI",7.5,8.2,3.2
2019,5,May,1,Uttar Pradesh,2487,"RIVER GANGA AT KADAGHAT, KAUSHAMABI",7.8,8.2,3.3
2019,6,June,1,Uttar Pradesh,2487,"RIVER GANGA AT KADAGHAT, KAUSHAMABI",8.0,7.8,3.1
2019,7,July,1,Uttar Pradesh,2487,"RIVER GANGA AT KADAGHAT, KAUSHAMABI",8.1,8.2,3.0
2019,8,August,1,Uttar Pradesh,2487,"RIVER GANGA AT KADAGHAT, KAUSHAMABI",8.2,8.2,2.8
2019,9,September,1,Uttar Pradesh,2487,"RIVER GANGA AT KADAGHAT, KAUSHAMABI",8.7,8.0,2.6
2020,1,January,1,Uttar Pradesh,2487,"RIVER GANGA AT KADAGHAT, KAUSHAMABI",10.9,8.3,2.9
2020,8,August,2,Uttar Pradesh,2487,"RIVER GANGA AT KADAGHAT, KAUSHAMABI",7.3,8.3,2.6
2020,9,September,1,Uttar Pradesh,2487,"RIVER GANGA AT KADAGHAT, KAUSHAMABI",8.4,7.8,2.1
2020,10,October,1,Uttar Pradesh,2487,"RIVER GANGA AT KADAGHAT, KAUSHAMABI",8.2,8.2,2.1
2020,11,November,1,Uttar Pradesh,2487,"RIVER GANGA AT KADAGHAT, KAUSHAMABI",8.5,8.2,2.0
2020,11,November,2,Uttar Pradesh,2487,"RIVER GANGA AT KADAGHAT, KAUSHAMABI",8.2,8.4,2.1
2020,12,December,1,Uttar Pradesh,2487,"RIVER GANGA AT KADAGHAT, KAUSHAMABI",8.5,8.3,2.2
2021,1,January,1,Uttar Pradesh,2487,"RIVER GANGA AT KADAGHAT, KAUSHAMABI",8.6,8.32,2.7
2021,1,January,2,Uttar Pradesh,2487,"RIVER GANGA AT KADAGHAT, KAUSHAMABI",9.8,8.29,2.0
2021,2,February,1,Uttar Pradesh,2487,"RIVER GANGA AT KADAGHAT, KAUSHAMABI",8.6,8.21,2.7
2021,2,February,2,Uttar Pradesh,2487,"RIVER GANGA AT KADAGHAT, KAUSHAMABI",9.7,7.96,2.8
2021,3,March,1,Uttar Pradesh,2487,"RIVER GANGA AT KADAGHAT, KAUSHAMABI",7.7,7.84,2.8
2021,3,March,2,Uttar Pradesh,2487,"RIVER GANGA AT KADAGHAT, KAUSHAMABI",7.8,8.05,2.6
2021,4,April,1,Uttar Pradesh,2487,"RIVER GANGA AT KADAGHAT, KAUSHAMABI",7.5,8.14,2.6
2021,4,April,2,Uttar Pradesh,2487,"RIVER GANGA AT KADAGHAT, KAUSHAMABI",7.6,8.33,2.7
2021,5,May,1,Uttar Pradesh,2487,"RIVER GANGA AT KADAGHAT, KAUSHAMABI",7.3,8.04,2.4
2021,5,May,2,Uttar Pradesh,2487,"RIVER GANGA AT KADAGHAT, KAUSHAMABI",7.8,8.37,2.5
2021,6,June,1,Uttar Pradesh,2487,"RIVER GANGA AT KADAGHAT, KAUSHAMABI",8.1,8.18,2.8
2021,6,June,2,Uttar Pradesh,2487,"RIVER GANGA AT KADAGHAT, KAUSHAMABI",8.4,8.34,2.7
2021,7,July,2,Uttar Pradesh,2487,"RIVER GANGA AT KADAGHAT, KAUSHAMABI",8.8,8.38,2.8
2021,8,August,1,Uttar Pradesh,2487,"RIVER GANGA AT KADAGHAT, KAUSHAMABI",8.1,8.34,2.6
2021,8,August,2,Uttar Pradesh,2487,"RIVER GANGA AT KADAGHAT, KAUSHAMABI",8.5,8.42,2.6
2021,9,September,1,Uttar Pradesh,2487,"RIVER GANGA AT KADAGHAT, KAUSHAMABI",8.4,8.23,2.7
2021,9,September,2,Uttar Pradesh,2487,"RIVER GANGA AT KADAGHAT, KAUSHAMABI",8.7,8.05,2.7
2021,10,October,1,Uttar Pradesh,2487,"RIVER GANGA AT KADAGHAT, KAUSHAMABI",8.1,8.38,2.7
2021,10,October,2,Uttar Pradesh,2487,"RIVER GANGA AT KADAGHAT, KAUSHAMABI",8.2,8.14,2.6
2021,11,November,1,Uttar Pradesh,2487,"RIVER GANGA AT KADAGHAT, KAUSHAMABI",8.1,8.16,2.8
2021,11,November,2,Uttar Pradesh,2487,"RIVER GANGA AT KADAGHAT, KAUSHAMABI",8.3,8.23,2.8
2021,12,December,1,Uttar Pradesh,2487,"RIVER GANGA AT KADAGHAT, KAUSHAMABI",8.5,8.33,2.7
2021,12,December,2,Uttar Pradesh,2487,"RIVER GANGA AT KADAGHAT, KAUSHAMABI",9.4,8.28,2.9
2023,1,January,1,Uttar Pradesh,2487,"RIVER GANGA AT KADAGHAT, KAUSHAMABI",9.2,8.16,2.9
2023,1,January,2,Uttar Pradesh,2487,"RIVER GANGA AT KADAGHAT, KAUSHAMABI",9.3,8.24,2.7
2023,2,February,1,Uttar Pradesh,2487,"RIVER GANGA AT KADAGHAT, KAUSHAMABI",8.6,8.22,2.7
2023,2,February,2,Uttar Pradesh,2487,"RIVER GANGA AT KADAGHAT, KAUSHAMABI",8.8,8.24,2.8
2023,3,March,1,Uttar Pradesh,2487,"RIVER GANGA AT KADAGHAT, KAUSHAMABI",8.4,8.37,2.8
2023,3,March,2,Uttar Pradesh,2487,"RIVER GANGA AT KADAGHAT, KAUSHAMABI",8.5,8.36,2.7
2023,4,April,1,Uttar Pradesh,2487,"RIVER GANGA AT KADAGHAT, KAUSHAMABI",8.8,8.07,2.7
2023,5,May,1,Uttar Pradesh,2487,"RIVER GANGA AT KADAGHAT, KAUSHAMABI",7.8,8.32,2.9
2023,5,May,2,Uttar Pradesh,2487,"RIVER GANGA AT KADAGHAT, KAUSHAMABI",8.1,8.29,2.7
2023,6,June,1,Uttar Pradesh,2487,"RIVER GANGA AT KADAGHAT, KAUSHAMABI",7.4,8.19,2.8
2023,6,June,2,Uttar Pradesh,2487,"RIVER GANGA AT KADAGHAT, KAUSHAMABI",8.2,8.22,2.9
2023,7,July,1,Uttar Pradesh,2487,"RIVER GANGA AT KADAGHAT, KAUSHAMABI",6.9,8.28,2.9
2023,7,July,2,Uttar Pradesh,2487,"RIVER GANGA AT KADAGHAT, KAUSHAMABI",7.7,7.75,2.9
2023,8,August,1,Uttar Pradesh,2487,"RIVER GANGA AT KADAGHAT, KAUSHAMABI",7.5,7.92,2.8
2023,8,August,2,Uttar Pradesh,2487,"RIVER GANGA AT KADAGHAT, KAUSHAMABI",8.1,7.71,2.8
2023,9,September,1,Uttar Pradesh,2487,"RIVER GANGA AT KADAGHAT, KAUSHAMABI",7.2,7.75,2.8
2023,9,September,2,Uttar Pradesh,2487,"RIVER GANGA AT KADAGHAT, KAUSHAMABI",7.7,7.91,2.6
2023,10,October,1,Uttar Pradesh,2487,"RIVER GANGA AT KADAGHAT, KAUSHAMABI",7.1,7.86,2.7
2023,10,October,2,Uttar Pradesh,2487,"RIVER GANGA AT KADAGHAT, KAUSHAMABI",7.4,7.99,2.7
2023,11,November,1,Uttar Pradesh,2487,"RIVER GANGA AT KADAGHAT, KAUSHAMABI",7.8,8.23,2.6
2023,11,November,2,Uttar Pradesh,2487,"RIVER GANGA AT KADAGHAT, KAUSHAMABI",8.1,8.32,2.7
2023,12,December,1,Uttar Pradesh,2487,"RIVER GANGA AT KADAGHAT, KAUSHAMABI",8.4,8.39,2.8
2023,12,December,2,Uttar Pradesh,2487,"RIVER GANGA AT KADAGHAT, KAUSHAMABI",9.1,8.22,2.9
2024,1,January,1,Uttar Pradesh,2487,KADAGHAT (KAUSHAMBI),8.9,8.06,2.7
2024,1,January,2,Uttar Pradesh,2487,KADAGHAT (KAUSHAMBI),11.5,8.39,2.8
2024,2,February,2,Uttar Pradesh,2487,KADAGHAT (KAUSHAMBI),10.4,8.09,2.9
2024,3,March,1,Uttar Pradesh,2487,KADAGHAT (KAUSHAMBI),8.8,8.28,2.9
2024,3,March,2,Uttar Pradesh,2487,KADAGHAT (KAUSHAMBI),8.8,8.22,2.9
2024,4,April,1,Uttar Pradesh,2487,KADAGHAT (KAUSHAMBI),8.5,8.33,2.8
2024,4,April,2,Uttar Pradesh,2487,KADAGHAT (KAUSHAMBI),8.7,8.37,2.8
2024,5,May,1,Uttar Pradesh,2487,KADAGHAT (KAUSHAMBI),11.5,8.39,2.8
2024,5,May,2,Uttar Pradesh,2487,KADAGHAT (KAUSHAMBI),9.7,8.17,2.7
2024,6,June,1,Uttar Pradesh,2487,KADAGHAT (KAUSHAMBI),8.5,8.16,2.8
2024,6,June,2,Uttar Pradesh,2487,KADAGHAT (KAUSHAMBI),7.8,8.32,2.9
2024,7,July,1,Uttar Pradesh,2487,KADAGHAT (KAUSHAMBI),8.5,8.14,2.7
2024,7,July,2,Uttar Pradesh,2487,KADAGHAT (KAUSHAMBI),7.8,7.73,2.7
2024,8,August,1,Uttar Pradesh,2487,KADAGHAT (KAUSHAMBI),8.4,8.0,2.6
2024,8,August,2,Uttar Pradesh,2487,KADAGHAT (KAUSHAMBI),8.4,7.95,2.4
2024,9,September,1,Uttar Pradesh,2487,KADAGHAT (KAUSHAMBI),8.5,7.73,2.3
2024,9,September,2,Uttar Pradesh,2487,KADAGHAT (KAUSHAMBI),8.5,7.89,2.3
2024,10,October,1,Uttar Pradesh,2487,KADAGHAT (KAUSHAMBI),8.2,7.95,2.9
2024,10,October,2,Uttar Pradesh,2487,KADAGHAT (KAUSHAMBI),8.0,8.03,2.9
2024,11,November,1,Uttar Pradesh,2487,KADAGHAT (KAUSHAMBI),7.9,7.78,3.1
2024,11,November,2,Uttar Pradesh,2487,KADAGHAT (KAUSHAMBI),7.7,7.86,3.2
2024,12,December,1,Uttar Pradesh,2487,KADAGHAT (KAUSHAMBI),7.8,7.82,3.3
2024,12,December,2,Uttar Pradesh,2487,KADAGHAT (KAUSHAMBI),8.0,7.83,3.1
2014,11,November,1,Uttar Pradesh,2488,"RIVER GANGA U/S, ANOOPSHAHAR",8.0,7.4,2.6
2015,8,August,1,Uttar Pradesh,2488,"RIVER GANGA U/S, ANOOPSHAHAR",7.5,7.0,2.1
2015,9,September,1,Uttar Pradesh,2488,"RIVER GANGA U/S, ANOOPSHAHAR",6.22,7.3,2.3
2016,3,March,1,Uttar Pradesh,2488,"RIVER GANGA U/S, ANOOPSHAHAR",8.82,7.4,1.86
2017,2,February,1,Uttar Pradesh,2488,"RIVER GANGA U/S, ANOOPSHAHAR",8.1,7.5,4.1
2017,3,March,1,Uttar Pradesh,2488,"RIVER GANGA U/S, ANOOPSHAHAR",8.1,7.2,1.4
2017,4,April,1,Uttar Pradesh,2488,"RIVER GANGA U/S, ANOOPSHAHAR",6.4,7.4,2.0
2017,9,September,1,Uttar Pradesh,2488,"RIVER GANGA U/S, ANOOPSHAHAR",7.5,7.2,4.0
2017,10,October,1,Uttar Pradesh,2488,"RIVER GANGA U/S, ANOOPSHAHAR",7.6,7.5,4.3
2018,1,January,1,Uttar Pradesh,2488,"RIVER GANGA U/S, ANOOPSHAHAR",7.4,7.4,2.0
2018,2,February,1,Uttar Pradesh,2488,"RIVER GANGA U/S, ANOOPSHAHAR",7.3,7.1,1.8
2018,3,March,1,Uttar Pradesh,2488,"RIVER GANGA U/S, ANOOPSHAHAR",7.6,7.4,2.2
2018,4,April,1,Uttar Pradesh,2488,"RIVER GANGA U/S, ANOOPSHAHAR",7.2,7.3,1.8
2018,5,May,1,Uttar Pradesh,2488,"RIVER GANGA U/S, ANOOPSHAHAR",7.2,7.5,1.6
2018,6,June,1,Uttar Pradesh,2488,"RIVER GANGA U/S, ANOOPSHAHAR",7.4,7.4,2.2
2018,7,July,1,Uttar Pradesh,2488,"RIVER GANGA U/S, ANOOPSHAHAR",7.6,7.3,2.4
2018,8,August,1,Uttar Pradesh,2488,"RIVER GANGA U/S, ANOOPSHAHAR",7.4,7.4,2.2
2018,9,September,1,Uttar Pradesh,2488,"RIVER GANGA U/S, ANOOPSHAHAR",7.6,7.4,2.4
2018,10,October,1,Uttar Pradesh,2488,"RIVER GANGA U/S, ANOOPSHAHAR",7.4,7.2,2.2
2018,11,November,1,Uttar Pradesh,2488,"RIVER GANGA U/S, ANOOPSHAHAR",9.8,7.4,2.8
2019,1,January,1,Uttar Pradesh,2488,"RIVER GANGA U/S, ANOOPSHAHAR",10.4,7.4,2.4
2019,2,February,1,Uttar Pradesh,2488,"RIVER GANGA U/S, ANOOPSHAHAR",7.4,7.2,1.5
2019,3,March,1,Uttar Pradesh,2488,"RIVER GANGA U/S, ANOOPSHAHAR",7.4,7.3,1.2
2019,4,April,1,Uttar Pradesh,2488,"RIVER GANGA U/S, ANOOPSHAHAR",7.6,7.2,1.8
2019,5,May,1,Uttar Pradesh,2488,"RIVER GANGA U/S, ANOOPSHAHAR",8.0,7.3,1.2
2019,6,June,1,Uttar Pradesh,2488,"RIVER GANGA U/S, ANOOPSHAHAR",8.5,7.5,2.3
2019,7,July,1,Uttar Pradesh,2488,"RIVER GANGA U/S, ANOOPSHAHAR",9.5,7.2,1.1
2019,8,August,1,Uttar Pradesh,2488,"RIVER GANGA U/S, ANOOPSHAHAR",9.9,7.1,1.3
2020,1,January,1,Uttar Pradesh,2488,"RIVER GANGA U/S, ANOOPSHAHAR",9.1,7.0,1.1
2020,8,August,1,Uttar Pradesh,2488,"RIVER GANGA U/S, ANOOPSHAHAR",7.5,6.9,2.5
2020,8,August,2,Uttar Pradesh,2488,"RIVER GANGA U/S, ANOOPSHAHAR",8.1,7.0,1.0
2020,9,September,1,Uttar Pradesh,2488,"RIVER GANGA U/S, ANOOPSHAHAR",7.8,7.2,1.2
2020,9,September,2,Uttar Pradesh,2488,"RIVER GANGA U/S, ANOOPSHAHAR",7.9,7.2,1.5
2020,10,October,1,Uttar Pradesh,2488,"RIVER GANGA U/S, ANOOPSHAHAR",7.8,7.3,1.2
2020,10,October,2,Uttar Pradesh,2488,"RIVER GANGA U/S, ANOOPSHAHAR",8.2,7.2,1.1
2020,11,November,1,Uttar Pradesh,2488,"RIVER GANGA U/S, ANOOPSHAHAR",8.5,7.0,1.1
2020,11,November,2,Uttar Pradesh,2488,"RIVER GANGA U/S, ANOOPSHAHAR",8.5,7.2,1.1
2020,12,December,1,Uttar Pradesh,2488,"RIVER GANGA U/S, ANOOPSHAHAR",8.5,7.3,1.2
2021,1,January,1,Uttar Pradesh,2488,"RIVER GANGA U/S, ANOOPSHAHAR",8.0,6.8,1.6
2021,1,January,2,Uttar Pradesh,2488,"RIVER GANGA U/S, ANOOPSHAHAR",8.2,6.9,1.3
2021,2,February,1,Uttar Pradesh,2488,"RIVER GANGA U/S, ANOOPSHAHAR",8.2,6.9,1.5
2021,2,February,2,Uttar Pradesh,2488,"RIVER GANGA U/S, ANOOPSHAHAR",8.9,7.1,1.1
2021,3,March,1,Uttar Pradesh,2488,"RIVER GANGA U/S, ANOOPSHAHAR",8.5,7.2,1.3
2021,3,March,2,Uttar Pradesh,2488,"RIVER GANGA U/S, ANOOPSHAHAR",8.6,7.3,1.6
2021,4,April,1,Uttar Pradesh,2488,"RIVER GANGA U/S, ANOOPSHAHAR",7.1,7.0,1.5
2021,4,April,2,Uttar Pradesh,2488,"RIVER GANGA U/S, ANOOPSHAHAR",8.1,7.0,2.2
2021,5,May,1,Uttar Pradesh,2488,"RIVER GANGA U/S, ANOOPSHAHAR",6.9,7.2,2.2
2021,5,May,2,Uttar Pradesh,2488,"RIVER GANGA U/S, ANOOPSHAHAR",9.1,6.9,1.7
2021,6,June,1,Uttar Pradesh,2488,"RIVER GANGA U/S, ANOOPSHAHAR",6.5,7.1,2.1
2021,6,June,2,Uttar Pradesh,2488,"RIVER GANGA U/S, ANOOPSHAHAR",6.9,7.1,2.5
2021,7,July,1,Uttar Pradesh,2488,"RIVER GANGA U/S, ANOOPSHAHAR",6.6,7.12,2.8
2021,7,July,2,Uttar Pradesh,2488,"RIVER GANGA U/S, ANOOPSHAHAR",7.1,6.97,2.2
2021,8,August,1,Uttar Pradesh,2488,"RIVER GANGA U/S, ANOOPSHAHAR",6.5,7.22,2.1
2021,8,August,2,Uttar Pradesh,2488,"RIVER GANGA U/S, ANOOPSHAHAR",7.4,6.98,2.2
2021,9,September,1,Uttar Pradesh,2488,"RIVER GANGA U/S, ANOOPSHAHAR",8.1,7.17,2.1
2021,9,September,2,Uttar Pradesh,2488,"RIVER GANGA U/S, ANOOPSHAHAR",8.2,7.16,2.2
2021,10,October,1,Uttar Pradesh,2488,"RIVER GANGA U/S, ANOOPSHAHAR",8.1,7.36,1.6
2021,10,October,2,Uttar Pradesh,2488,"RIVER GANGA U/S, ANOOPSHAHAR",8.1,7.12,1.4
2021,11,November,1,Uttar Pradesh,2488,"RIVER GANGA U/S, ANOOPSHAHAR",8.3,7.26,1.4
2021,11,November,2,Uttar Pradesh,2488,"RIVER GANGA U/S, ANOOPSHAHAR",9.1,7.21,2.3
2021,12,December,1,Uttar Pradesh,2488,"RIVER GANGA U/S, ANOOPSHAHAR",8.9,7.21,1.3
2021,12,December,2,Uttar Pradesh,2488,"RIVER GANGA U/S, ANOOPSHAHAR",9.2,7.13,1.6
2023,1,January,1,Uttar Pradesh,2488,"RIVER GANGA U/S, ANOOPSHAHAR",10.1,7.3,2.2
2023,1,January,2,Uttar Pradesh,2488,"RIVER GANGA U/S, ANOOPSHAHAR",10.2,7.29,2.2
2023,2,February,1,Uttar Pradesh,2488,"RIVER GANGA U/S, ANOOPSHAHAR",11.0,7.19,1.9
2023,2,February,2,Uttar Pradesh,2488,"RIVER GANGA U/S, ANOOPSHAHAR",9.1,7.11,2.1
2023,3,March,1,Uttar Pradesh,2488,"RIVER GANGA U/S, ANOOPSHAHAR",10.4,7.28,1.2
2023,3,March,2,Uttar Pradesh,2488,"RIVER GANGA U/S, ANOOPSHAHAR",9.3,7.12,1.3
2023,4,April,1,Uttar Pradesh,2488,"RIVER GANGA U/S, ANOOPSHAHAR",9.4,7.19,2.6
2023,4,April,2,Uttar Pradesh,2488,"RIVER GANGA U/S, ANOOPSHAHAR",9.4,7.28,2.1
2023,5,May,1,Uttar Pradesh,2488,"RIVER GANGA U/S, ANOOPSHAHAR",10.4,7.26,2.6
2023,5,May,2,Uttar Pradesh,2488,"RIVER GANGA U/S, ANOOPSHAHAR",8.8,7.29,2.2
2023,6,June,1,Uttar Pradesh,2488,"RIVER GANGA U/S, ANOOPSHAHAR",7.1,7.13,2.7
2023,6,June,2,Uttar Pradesh,2488,"RIVER GANGA U/S, ANOOPSHAHAR",8.4,7.25,1.2
2023,7,July,1,Uttar Pradesh,2488,"RIVER GANGA U/S, ANOOPSHAHAR",10.4,7.31,1.1
2023,7,July,2,Uttar Pradesh,2488,"RIVER GANGA U/S, ANOOPSHAHAR",9.0,7.21,1.0
2023,8,August,1,Uttar Pradesh,2488,"RIVER GANGA U/S, ANOOPSHAHAR",8.7,7.13,1.6
2023,8,August,2,Uttar Pradesh,2488,"RIVER GANGA U/S, ANOOPSHAHAR",9.6,7.18,1.0
2023,9,September,1,Uttar Pradesh,2488,"RIVER GANGA U/S, ANOOPSHAHAR",8.6,7.26,1.0
2023,9,September,2,Uttar Pradesh,2488,"RIVER GANGA U/S, ANOOPSHAHAR",9.5,7.26,1.3
2023,10,October,1,Uttar Pradesh,2488,"RIVER GANGA U/S, ANOOPSHAHAR",8.5,7.18,2.3
2023,10,October,2,Uttar Pradesh,2488,"RIVER GANGA U/S, ANOOPSHAHAR",8.8,7.22,1.9
2023,11,November,1,Uttar Pradesh,2488,"RIVER GANGA U/S, ANOOPSHAHAR",10.2,7.15,1.7
2023,11,November,2,Uttar Pradesh,2488,"RIVER GANGA U/S, ANOOPSHAHAR",9.3,7.27,1.1
2023,12,December,1,Uttar Pradesh,2488,"RIVER GANGA U/S, ANOOPSHAHAR",10.1,7.15,1.0
2023,12,December,2,Uttar Pradesh,2488,"RIVER GANGA U/S, ANOOPSHAHAR",10.4,7.25,1.1
2024,1,January,1,Uttar Pradesh,2488,U/S ANOOPSHAHAR,10.1,7.13,1.1
2024,1,January,2,Uttar Pradesh,2488,U/S ANOOPSHAHAR,10.6,7.23,1.2
2024,2,February,1,Uttar Pradesh,2488,U/S ANOOPSHAHAR,10.0,7.34,1.4
2024,2,February,2,Uttar Pradesh,2488,U/S ANOOPSHAHAR,9.4,7.31,1.2
2024,3,March,1,Uttar Pradesh,2488,U/S ANOOPSHAHAR,9.6,7.32,1.9
2024,3,March,2,Uttar Pradesh,2488,U/S ANOOPSHAHAR,8.7,7.26,2.0
2024,4,April,1,Uttar Pradesh,2488,U/S ANOOPSHAHAR,8.5,7.18,2.1
2024,4,April,2,Uttar Pradesh,2488,U/S ANOOPSHAHAR,8.1,7.24,2.4
2024,5,May,1,Uttar Pradesh,2488,U/S ANOOPSHAHAR,8.0,7.12,2.5
2024,5,May,2,Uttar Pradesh,2488,U/S ANOOPSHAHAR,7.8,7.22,2.2
2024,6,June,1,Uttar Pradesh,2488,U/S ANOOPSHAHAR,7.0,7.12,2.5
2024,6,June,2,Uttar Pradesh,2488,U/S ANOOPSHAHAR,7.2,7.24,2.5
2024,7,July,1,Uttar Pradesh,2488,U/S ANOOPSHAHAR,8.3,7.26,2.4
2024,7,July,2,Uttar Pradesh,2488,U/S ANOOPSHAHAR,8.0,7.18,2.3
2024,8,August,1,Uttar Pradesh,2488,U/S ANOOPSHAHAR,8.1,7.24,2.3
2024,8,August,2,Uttar Pradesh,2488,U/S ANOOPSHAHAR,8.6,7.16,2.2
2024,9,September,1,Uttar Pradesh,2488,U/S ANOOPSHAHAR,8.7,7.21,2.1
2024,9,September,2,Uttar Pradesh,2488,U/S ANOOPSHAHAR,9.6,7.24,1.1
2024,10,October,1,Uttar Pradesh,2488,U/S ANOOPSHAHAR,8.7,7.28,1.3
2024,10,October,2,Uttar Pradesh,2488,U/S ANOOPSHAHAR,8.5,7.28,1.5
2024,11,November,1,Uttar Pradesh,2488,U/S ANOOPSHAHAR,8.5,7.25,1.4
2024,11,November,2,Uttar Pradesh,2488,U/S ANOOPSHAHAR,9.3,7.3,1.5
2024,12,December,1,Uttar Pradesh,2488,U/S ANOOPSHAHAR,10.0,7.21,1.7
2024,12,December,2,Uttar Pradesh,2488,U/S ANOOPSHAHAR,10.2,7.23,1.7
2014,11,November,1,Uttar Pradesh,2489,"RIVER GANGA D/S, ANOOPSHAHAR",8.2,7.5,2.5
2015,8,August,1,Uttar Pradesh,2489,"RIVER GANGA D/S, ANOOPSHAHAR",7.1,7.2,2.2
2015,9,September,1,Uttar Pradesh,2489,"RIVER GANGA D/S, ANOOPSHAHAR",6.78,7.2,2.2
2016,3,March,1,Uttar Pradesh,2489,"RIVER GANGA D/S, ANOOPSHAHAR",9.1,7.5,1.44
2016,4,April,1,Uttar Pradesh,2489,"RIVER GANGA D/S, ANOOPSHAHAR",7.04,7.5,1.62
2016,5,May,1,Uttar Pradesh,2489,"RIVER GANGA D/S, ANOOPSHAHAR",8.5,7.4,2.54
2016,7,July,1,Uttar Pradesh,2489,"RIVER GANGA D/S, ANOOPSHAHAR",7.61,7.5,2.1
2016,9,September,1,Uttar Pradesh,2489,"RIVER GANGA D/S, ANOOPSHAHAR",7.5,7.3,2.1
2017,2,February,1,Uttar Pradesh,2489,"RIVER GANGA D/S, ANOOPSHAHAR",8.3,7.3,3.9
2017,3,March,1,Uttar Pradesh,2489,"RIVER GANGA D/S, ANOOPSHAHAR",7.9,7.3,3.8
2017,4,April,1,Uttar Pradesh,2489,"RIVER GANGA D/S, ANOOPSHAHAR",7.6,7.3,3.8
2017,5,May,1,Uttar Pradesh,2489,"RIVER GANGA D/S, ANOOPSHAHAR",7.1,7.2,3.8
2017,7,July,1,Uttar Pradesh,2489,"RIVER GANGA D/S, ANOOPSHAHAR",7.3,7.2,2.6
2017,8,August,1,Uttar Pradesh,2489,"RIVER GANGA D/S, ANOOPSHAHAR",7.2,7.4,2.4
2017,9,September,1,Uttar Pradesh,2489,"RIVER GANGA D/S, ANOOPSHAHAR",7.2,7.4,2.2
2017,10,October,1,Uttar Pradesh,2489,"RIVER GANGA D/S, ANOOPSHAHAR",7.3,7.4,2.0
2017,11,November,1,Uttar Pradesh,2489,"RIVER GANGA D/S, ANOOPSHAHAR",7.5,7.6,1.6
2018,1,January,1,Uttar Pradesh,2489,"RIVER GANGA D/S, ANOOPSHAHAR",7.2,7.5,2.0
2018,2,February,1,Uttar Pradesh,2489,"RIVER GANGA D/S, ANOOPSHAHAR",7.4,7.3,2.2
2018,3,March,1,Uttar Pradesh,2489,"RIVER GANGA D/S, ANOOPSHAHAR",7.8,7.6,2.4
2018,4,April,1,Uttar Pradesh,2489,"RIVER GANGA D/S, ANOOPSHAHAR",7.0,7.4,1.8
2018,5,May,1,Uttar Pradesh,2489,"RIVER GANGA D/S, ANOOPSHAHAR",7.2,7.5,1.4
2018,6,June,1,Uttar Pradesh,2489,"RIVER GANGA D/S, ANOOPSHAHAR",7.9,7.6,2.0
2018,7,July,1,Uttar Pradesh,2489,"RIVER GANGA D/S, ANOOPSHAHAR",7.8,7.5,2.4
2018,8,August,1,Uttar Pradesh,2489,"RIVER GANGA D/S, ANOOPSHAHAR",7.6,7.3,2.2
2018,9,September,1,Uttar Pradesh,2489,"RIVER GANGA D/S, ANOOPSHAHAR",7.6,7.5,2.2
2018,10,October,1,Uttar Pradesh,2489,"RIVER GANGA D/S, ANOOPSHAHAR",7.2,7.4,2.4
2018,11,November,1,Uttar Pradesh,2489,"RIVER GANGA D/S, ANOOPSHAHAR",10.1,7.3,3.0
2019,1,January,1,Uttar Pradesh,2489,"RIVER GANGA D/S, ANOOPSHAHAR",7.2,7.3,2.6
2019,2,February,1,Uttar Pradesh,2489,"RIVER GANGA D/S, ANOOPSHAHAR",7.3,7.2,1.0
2019,3,March,1,Uttar Pradesh,2489,"RIVER GANGA D/S, ANOOPSHAHAR",7.3,7.2,1.4
2019,4,April,1,Uttar Pradesh,2489,"RIVER GANGA D/S, ANOOPSHAHAR",8.3,7.0,2.1
2019,5,May,1,Uttar Pradesh,2489,"RIVER GANGA D/S, ANOOPSHAHAR",8.3,7.2,1.4
2019,6,June,1,Uttar Pradesh,2489,"RIVER GANGA D/S, ANOOPSHAHAR",9.2,7.6,2.1
2019,7,July,1,Uttar Pradesh,2489,"RIVER GANGA D/S, ANOOPSHAHAR",9.8,7.1,1.4
2019,8,August,1,Uttar Pradesh,2489,"RIVER GANGA D/S, ANOOPSHAHAR",9.8,7.2,1.4
2020,8,August,1,Uttar Pradesh,2489,"RIVER GANGA D/S, ANOOPSHAHAR",7.6,6.9,2.6
2020,9,September,1,Uttar Pradesh,2489,"RIVER GANGA D/S, ANOOPSHAHAR",7.9,7.2,1.3
2020,9,September,2,Uttar Pradesh,2489,"RIVER GANGA D/S, ANOOPSHAHAR",8.0,7.2,1.4
2020,10,October,1,Uttar Pradesh,2489,"RIVER GANGA D/S, ANOOPSHAHAR",8.0,7.4,1.3
2020,10,October,2,Uttar Pradesh,2489,"RIVER GANGA D/S, ANOOPSHAHAR",8.3,7.3,1.1
2020,11,November,1,Uttar Pradesh,2489,"RIVER GANGA D/S, ANOOPSHAHAR",8.4,7.1,1.0
2020,11,November,2,Uttar Pradesh,2489,"RIVER GANGA D/S, ANOOPSHAHAR",8.6,7.1,1.3
2020,12,December,1,Uttar Pradesh,2489,"RIVER GANGA D/S, ANOOPSHAHAR",8.6,7.2,1.3
2021,1,January,1,Uttar Pradesh,2489,"RIVER GANGA D/S, ANOOPSHAHAR",8.3,7.1,1.4
2021,1,January,2,Uttar Pradesh,2489,"RIVER GANGA D/S, ANOOPSHAHAR",8.6,7.3,1.2
2021,2,February,1,Uttar Pradesh,2489,"RIVER GANGA D/S, ANOOPSHAHAR",8.4,7.2,1.4
2021,2,February,2,Uttar Pradesh,2489,"RIVER GANGA D/S, ANOOPSHAHAR",8.6,7.3,1.4
2021,3,March,1,Uttar Pradesh,2489,"RIVER GANGA D/S, ANOOPSHAHAR",8.7,7.2,1.2
2021,3,March,2,Uttar Pradesh,2489,"RIVER GANGA D/S, ANOOPSHAHAR",8.7,7.3,1.7
2021,4,April,1,Uttar Pradesh,2489,"RIVER GANGA D/S, ANOOPSHAHAR",7.2,7.1,1.3
2021,4,April,2,Uttar Pradesh,2489,"RIVER GANGA D/S, ANOOPSHAHAR",8.2,7.0,2.1
2021,5,May,1,Uttar Pradesh,2489,"RIVER GANGA D/S, ANOOPSHAHAR",7.0,7.0,2.0
2021,5,May,2,Uttar Pradesh,2489,"RIVER GANGA D/S, ANOOPSHAHAR",8.9,7.2,1.9
2021,7,July,1,Uttar Pradesh,2489,"RIVER GANGA D/S, ANOOPSHAHAR",6.4,7.23,3.0
2021,7,July,2,Uttar Pradesh,2489,"RIVER GANGA D/S, ANOOPSHAHAR",6.9,7.21,1.8
2021,8,August,1,Uttar Pradesh,2489,"RIVER GANGA D/S, ANOOPSHAHAR",6.8,7.17,1.9
2021,8,August,2,Uttar Pradesh,2489,"RIVER GANGA D/S, ANOOPSHAHAR",7.7,7.21,2.4
2021,9,September,1,Uttar Pradesh,2489,"RIVER GANGA D/S, ANOOPSHAHAR",7.9,7.23,1.8
2021,9,September,2,Uttar Pradesh,2489,"RIVER GANGA D/S, ANOOPSHAHAR",8.0,7.35,2.2
2021,10,October,1,Uttar Pradesh,2489,"RIVER GANGA D/S, ANOOPSHAHAR",8.0,7.16,1.2
2021,10,October,2,Uttar Pradesh,2489,"RIVER GANGA D/S, ANOOPSHAHAR",8.0,7.32,1.6
2021,11,November,1,Uttar Pradesh,2489,"RIVER GANGA D/S, ANOOPSHAHAR",8.1,7.11,1.1
2021,11,November,2,Uttar Pradesh,2489,"RIVER GANGA D/S, ANOOPSHAHAR",8.8,7.19,1.9
2021,12,December,1,Uttar Pradesh,2489,"RIVER GANGA D/S, ANOOPSHAHAR",8.8,7.22,1.5
2021,12,December,2,Uttar Pradesh,2489,"RIVER GANGA D/S, ANOOPSHAHAR",8.9,7.16,1.3
2023,1,January,1,Uttar Pradesh,2489,"RIVER GANGA D/S, ANOOPSHAHAR",9.5,7.26,2.5
2023,1,January,2,Uttar Pradesh,2489,"RIVER GANGA D/S, ANOOPSHAHAR",9.9,7.24,1.7
2023,2,February,1,Uttar Pradesh,2489,"RIVER GANGA D/S, ANOOPSHAHAR",10.6,7.4,1.4
2023,2,February,2,Uttar Pradesh,2489,"RIVER GANGA D/S, ANOOPSHAHAR",9.0,7.13,2.2
2023,3,March,1,Uttar Pradesh,2489,"RIVER GANGA D/S, ANOOPSHAHAR",10.1,7.19,1.5
2023,3,March,2,Uttar Pradesh,2489,"RIVER GANGA D/S, ANOOPSHAHAR",9.4,7.17,1.6
2023,4,April,1,Uttar Pradesh,2489,"RIVER GANGA D/S, ANOOPSHAHAR",8.9,7.28,2.2
2023,4,April,2,Uttar Pradesh,2489,"RIVER GANGA D/S, ANOOPSHAHAR",9.2,7.31,1.9
2023,5,May,1,Uttar Pradesh,2489,"RIVER GANGA D/S, ANOOPSHAHAR",10.1,7.31,2.5
2023,5,May,2,Uttar Pradesh,2489,"RIVER GANGA D/S, ANOOPSHAHAR",8.4,7.24,2.4
2023,6,June,1,Uttar Pradesh,2489,"RIVER GANGA D/S, ANOOPSHAHAR",7.2,7.17,2.6
2023,6,June,2,Uttar Pradesh,2489,"RIVER GANGA D/S, ANOOPSHAHAR",8.0,7.21,1.5
2023,7,July,1,Uttar Pradesh,2489,"RIVER GANGA D/S, ANOOPSHAHAR",9.1,7.28,1.0
2023,7,July,2,Uttar Pradesh,2489,"RIVER GANGA D/S, ANOOPSHAHAR",9.9,7.16,1.3
2023,8,August,1,Uttar Pradesh,2489,"RIVER GANGA D/S, ANOOPSHAHAR",8.9,7.11,1.3
2023,8,August,2,Uttar Pradesh,2489,"RIVER GANGA D/S, ANOOPSHAHAR",9.5,7.24,1.1
2023,9,September,1,Uttar Pradesh,2489,"RIVER GANGA D/S, ANOOPSHAHAR",8.4,7.22,1.1
2023,9,September,2,Uttar Pradesh,2489,"RIVER GANGA D/S, ANOOPSHAHAR",9.1,7.28,1.2
2023,10,October,1,Uttar Pradesh,2489,"RIVER GANGA D/S, ANOOPSHAHAR",8.4,7.25,2.5
2023,10,October,2,Uttar Pradesh,2489,"RIVER GANGA D/S, ANOOPSHAHAR",8.7,7.25,2.0
2023,11,November,1,Uttar Pradesh,2489,"RIVER GANGA D/S, ANOOPSHAHAR",10.0,7.12,1.8
2023,11,November,2,Uttar Pradesh,2489,"RIVER GANGA D/S, ANOOPSHAHAR",9.2,7.29,1.3
2023,12,December,1,Uttar Pradesh,2489,"RIVER GANGA D/S, ANOOPSHAHAR",10.5,7.17,1.0
2023,12,December,2,Uttar Pradesh,2489,"RIVER GANGA D/S, ANOOPSHAHAR",9.9,7.19,1.5
2024,1,January,1,Uttar Pradesh,2489,ANOOPSHAHAR D/S,10.2,7.17,1.4
2024,1,January,2,Uttar Pradesh,2489,ANOOPSHAHAR D/S,10.5,7.25,1.3
2024,2,February,1,Uttar Pradesh,2489,ANOOPSHAHAR D/S,9.7,7.28,1.5
2024,2,February,2,Uttar Pradesh,2489,ANOOPSHAHAR D/S,9.1,7.29,1.4
2024,3,March,1,Uttar Pradesh,2489,ANOOPSHAHAR D/S,9.8,7.26,1.7
2024,3,March,2,Uttar Pradesh,2489,ANOOPSHAHAR D/S,8.9,7.34,1.8
2024,4,April,1,Uttar Pradesh,2489,ANOOPSHAHAR D/S,8.4,7.21,2.0
2024,4,April,2,Uttar Pradesh,2489,ANOOPSHAHAR D/S,8.3,7.22,2.2
2024,5,May,1,Uttar Pradesh,2489,ANOOPSHAHAR D/S,8.1,7.14,2.4
2024,5,May,2,Uttar Pradesh,2489,ANOOPSHAHAR D/S,7.9,7.24,2.4
2024,6,June,1,Uttar Pradesh,2489,ANOOPSHAHAR D/S,7.4,7.13,2.2
2024,6,June,2,Uttar Pradesh,2489,ANOOPSHAHAR D/S,7.5,7.22,2.1
2024,7,July,1,Uttar Pradesh,2489,ANOOPSHAHAR D/S,8.5,7.23,2.2
2024,7,July,2,Uttar Pradesh,2489,ANOOPSHAHAR D/S,8.2,7.21,2.1
2024,8,August,1,Uttar Pradesh,2489,ANOOPSHAHAR D/S,8.0,7.22,2.2
2024,8,August,2,Uttar Pradesh,2489,ANOOPSHAHAR D/S,8.7,7.18,2.5
2024,9,September,1,Uttar Pradesh,2489,ANOOPSHAHAR D/S,8.8,7.15,2.0
2024,9,September,2,Uttar Pradesh,2489,ANOOPSHAHAR D/S,9.8,7.27,1.2
2024,10,October,1,Uttar Pradesh,2489,ANOOPSHAHAR D/S,8.9,7.25,1.2
2024,10,October,2,Uttar Pradesh,2489,ANOOPSHAHAR D/S,8.8,7.34,1.4
2024,11,November,1,Uttar Pradesh,2489,ANOOPSHAHAR D/S,8.2,7.21,1.2
2024,11,November,2,Uttar Pradesh,2489,ANOOPSHAHAR D/S,9.4,7.26,1.4
2024,12,December,1,Uttar Pradesh,2489,ANOOPSHAHAR D/S,10.2,7.26,1.6
2024,12,December,2,Uttar Pradesh,2489,ANOOPSHAHAR D/S,10.5,7.27,1.5
2014,11,November,1,Uttar Pradesh,2490,"RIVER GANGA AT KACHHLA GHAT, ALIGARH",7.3,7.4,2.1
2015,8,August,1,Uttar Pradesh,2490,"RIVER GANGA AT KACHHLA GHAT, ALIGARH",8.82,7.1,2.5
2015,9,September,1,Uttar Pradesh,2490,"RIVER GANGA AT KACHHLA GHAT, ALIGARH",8.0,7.5,3.5
2015,11,November,1,Uttar Pradesh,2490,"RIVER GANGA AT KACHHLA GHAT, ALIGARH",8.38,7.5,2.1
2016,3,March,1,Uttar Pradesh,2490,"RIVER GANGA AT KACHHLA GHAT, ALIGARH",7.8,7.4,2.76
2016,4,April,1,Uttar Pradesh,2490,"RIVER GANGA AT KACHHLA GHAT, ALIGARH",6.48,7.0,3.0
2016,5,May,1,Uttar Pradesh,2490,"RIVER GANGA AT KACHHLA GHAT, ALIGARH",7.9,7.3,3.2
2016,7,July,1,Uttar Pradesh,2490,"RIVER GANGA AT KACHHLA GHAT, ALIGARH",7.32,7.5,2.0
2017,2,February,1,Uttar Pradesh,2490,"RIVER GANGA AT KACHHLA GHAT, ALIGARH",8.2,7.4,3.6
2017,3,March,1,Uttar Pradesh,2490,"RIVER GANGA AT KACHHLA GHAT, ALIGARH",8.2,7.4,3.6
2017,4,April,1,Uttar Pradesh,2490,"RIVER GANGA AT KACHHLA GHAT, ALIGARH",8.1,7.4,3.2
2017,5,May,1,Uttar Pradesh,2490,"RIVER GANGA AT KACHHLA GHAT, ALIGARH",6.8,7.2,3.3
2017,7,July,1,Uttar Pradesh,2490,"RIVER GANGA AT KACHHLA GHAT, ALIGARH",7.4,7.6,1.8
2017,8,August,1,Uttar Pradesh,2490,"RIVER GANGA AT KACHHLA GHAT, ALIGARH",7.7,7.3,2.4
2017,9,September,1,Uttar Pradesh,2490,"RIVER GANGA AT KACHHLA GHAT, ALIGARH",7.6,7.4,1.8
2017,10,October,1,Uttar Pradesh,2490,"RIVER GANGA AT KACHHLA GHAT, ALIGARH",7.5,7.2,1.8
2017,11,November,1,Uttar Pradesh,2490,"RIVER GANGA AT KACHHLA GHAT, ALIGARH",7.8,7.5,1.8
2018,1,January,1,Uttar Pradesh,2490,"RIVER GANGA AT KACHHLA GHAT, ALIGARH",7.4,7.5,2.0
2018,2,February,1,Uttar Pradesh,2490,"RIVER GANGA AT KACHHLA GHAT, ALIGARH",7.4,7.2,2.0
2018,3,March,1,Uttar Pradesh,2490,"RIVER GANGA AT KACHHLA GHAT, ALIGARH",7.6,7.4,2.2
2018,11,November,1,Uttar Pradesh,2490,"RIVER GANGA AT KACHHLA GHAT, ALIGARH",10.3,7.7,3.1
2019,1,January,1,Uttar Pradesh,2490,"RIVER GANGA AT KACHHLA GHAT, ALIGARH",10.1,7.5,2.5
2019,2,February,1,Uttar Pradesh,2490,"RIVER GANGA AT KACHHLA GHAT, ALIGARH",10.2,7.2,1.2
2019,3,March,1,Uttar Pradesh,2490,"RIVER GANGA AT KACHHLA GHAT, ALIGARH",10.3,7.4,1.1
2020,9,September,2,Uttar Pradesh,2490,"RIVER GANGA AT KACHHLA GHAT, ALIGARH",8.8,7.1,1.1
2020,10,October,1,Uttar Pradesh,2490,"RIVER GANGA AT KACHHLA GHAT, ALIGARH",10.3,7.3,1.1
2021,2,February,1,Uttar Pradesh,2490,"RIVER GANGA AT KACHHLA GHAT, ALIGARH",9.6,7.3,1.3
2021,3,March,1,Uttar Pradesh,2490,"RIVER GANGA AT KACHHLA GHAT, ALIGARH",7.3,7.3,1.3
2021,4,April,1,Uttar Pradesh,2490,"RIVER GANGA AT KACHHLA GHAT, ALIGARH",9.5,7.5,1.2
2021,4,April,2,Uttar Pradesh,2490,"RIVER GANGA AT KACHHLA GHAT, ALIGARH",9.9,7.6,1.3
2021,5,May,1,Uttar Pradesh,2490,"RIVER GANGA AT KACHHLA GHAT, ALIGARH",9.4,7.4,1.2
2021,8,August,1,Uttar Pradesh,2490,"RIVER GANGA AT KACHHLA GHAT, ALIGARH",8.2,7.3,1.2
2021,8,August,2,Uttar Pradesh,2490,"RIVER GANGA AT KACHHLA GHAT, ALIGARH",8.9,7.3,1.4
2021,9,September,1,Uttar Pradesh,2490,"RIVER GANGA AT KACHHLA GHAT, ALIGARH",8.8,7.8,1.4
2021,9,September,2,Uttar Pradesh,2490,"RIVER GANGA AT KACHHLA GHAT, ALIGARH",9.0,7.4,1.3
2021,10,October,1,Uttar Pradesh,2490,"RIVER GANGA AT KACHHLA GHAT, ALIGARH",8.9,7.4,1.1
2023,1,January,1,Uttar Pradesh,2490,"RIVER GANGA AT KACHHLA GHAT, ALIGARH",10.7,7.4,1.3
2023,1,January,2,Uttar Pradesh,2490,"RIVER GANGA AT KACHHLA GHAT, ALIGARH",10.9,7.4,1.2
2023,2,February,1,Uttar Pradesh,2490,"RIVER GANGA AT KACHHLA GHAT, ALIGARH",10.2,7.5,1.2
2023,2,February,2,Uttar Pradesh,2490,"RIVER GANGA AT KACHHLA GHAT, ALIGARH",9.9,7.6,1.4
2023,3,March,1,Uttar Pradesh,2490,"RIVER GANGA AT KACHHLA GHAT, ALIGARH",10.2,7.4,1.3
2023,3,March,2,Uttar Pradesh,2490,"RIVER GANGA AT KACHHLA GHAT, ALIGARH",9.8,7.5,1.2
2023,4,April,1,Uttar Pradesh,2490,"RIVER GANGA AT KACHHLA GHAT, ALIGARH",9.2,7.5,1.3
2023,4,April,2,Uttar Pradesh,2490,"RIVER GANGA AT KACHHLA GHAT, ALIGARH",9.9,7.6,1.4
2023,5,May,1,Uttar Pradesh,2490,"RIVER GANGA AT KACHHLA GHAT, ALIGARH",8.8,7.5,1.5
2023,5,May,2,Uttar Pradesh,2490,"RIVER GANGA AT KACHHLA GHAT, ALIGARH",9.2,7.5,1.2
2023,6,June,1,Uttar Pradesh,2490,"RIVER GANGA AT KACHHLA GHAT, ALIGARH",8.4,7.4,1.3
2023,6,June,2,Uttar Pradesh,2490,"RIVER GANGA AT KACHHLA GHAT, ALIGARH",8.8,7.6,1.5
2023,7,July,1,Uttar Pradesh,2490,"RIVER GANGA AT KACHHLA GHAT, ALIGARH",9.0,7.4,1.4
2023,7,July,2,Uttar Pradesh,2490,"RIVER GANGA AT KACHHLA GHAT, ALIGARH",9.2,7.6,1.6
2023,8,August,1,Uttar Pradesh,2490,"RIVER GANGA AT KACHHLA GHAT, ALIGARH",8.5,7.5,1.5
2023,8,August,2,Uttar Pradesh,2490,"RIVER GANGA AT KACHHLA GHAT, ALIGARH",9.2,7.6,1.6
2023,9,September,1,Uttar Pradesh,2490,"RIVER GANGA AT KACHHLA GHAT, ALIGARH",8.9,7.5,1.1
2023,9,September,2,Uttar Pradesh,2490,"RIVER GANGA AT KACHHLA GHAT, ALIGARH",9.1,7.7,1.2
2023,10,October,1,Uttar Pradesh,2490,"RIVER GANGA AT KACHHLA GHAT, ALIGARH",10.2,7.5,1.4
2023,10,October,2,Uttar Pradesh,2490,"RIVER GANGA AT KACHHLA GHAT, ALIGARH",8.9,7.6,1.2
2023,11,November,1,Uttar Pradesh,2490,"RIVER GANGA AT KACHHLA GHAT, ALIGARH",10.5,7.6,1.4
2023,11,November,2,Uttar Pradesh,2490,"RIVER GANGA AT KACHHLA GHAT, ALIGARH",10.6,7.6,1.2
2023,12,December,1,Uttar Pradesh,2490,"RIVER GANGA AT KACHHLA GHAT, ALIGARH",10.2,7.4,1.3
2023,12,December,2,Uttar Pradesh,2490,"RIVER GANGA AT KACHHLA GHAT, ALIGARH",10.6,7.5,1.2
2024,1,January,1,Uttar Pradesh,2490,KACHHLA GHAT (ALIGARH),10.6,7.6,1.4
2024,1,January,2,Uttar Pradesh,2490,KACHHLA GHAT (ALIGARH),10.7,7.6,1.2
2024,2,February,1,Uttar Pradesh,2490,KACHHLA GHAT (ALIGARH),10.9,7.7,1.4
2024,2,February,2,Uttar Pradesh,2490,KACHHLA GHAT (ALIGARH),10.3,7.5,1.0
2024,3,March,1,Uttar Pradesh,2490,KACHHLA GHAT (ALIGARH),10.1,7.8,1.2
2024,3,March,2,Uttar Pradesh,2490,KACHHLA GHAT (ALIGARH),9.9,7.8,1.3
2024,4,April,1,Uttar Pradesh,2490,KACHHLA GHAT (ALIGARH),9.9,7.8,1.4
2024,4,April,2,Uttar Pradesh,2490,KACHHLA GHAT (ALIGARH),9.8,7.6,1.3
2024,5,May,1,Uttar Pradesh,2490,KACHHLA GHAT (ALIGARH),9.9,7.5,1.3
2024,5,May,2,Uttar Pradesh,2490,KACHHLA GHAT (ALIGARH),9.8,7.8,1.4
2024,6,June,1,Uttar Pradesh,2490,KACHHLA GHAT (ALIGARH),9.6,7.7,1.5
2024,6,June,2,Uttar Pradesh,2490,KACHHLA GHAT (ALIGARH),9.2,7.5,1.4
2024,7,July,1,Uttar Pradesh,2490,KACHHLA GHAT (ALIGARH),10.1,8.0,1.3
2024,7,July,2,Uttar Pradesh,2490,KACHHLA GHAT (ALIGARH),9.8,7.9,1.4
2024,8,August,1,Uttar Pradesh,2490,KACHHLA GHAT (ALIGARH),9.9,7.8,1.4
2024,8,August,2,Uttar Pradesh,2490,KACHHLA GHAT (ALIGARH),9.9,7.7,1.1
2024,9,September,1,Uttar Pradesh,2490,KACHHLA GHAT (ALIGARH),9.7,7.7,1.4
2024,9,September,2,Uttar Pradesh,2490,KACHHLA GHAT (ALIGARH),9.8,7.8,1.3
2014,1,January,1,Uttar Pradesh,2498,"RIVER GANGA AT KALA KANKAR, RAEBARELI",8.8,7.76,3.5
2014,2,February,1,Uttar Pradesh,2498,"RIVER GANGA AT KALA KANKAR, RAEBARELI",9.6,7.75,3.1
2014,3,March,1,Uttar Pradesh,2498,"RIVER GANGA AT KALA KANKAR, RAEBARELI",9.2,7.77,3.2
2014,4,April,1,Uttar Pradesh,2498,"RIVER GANGA AT KALA KANKAR, RAEBARELI",8.7,7.51,3.3
2014,5,May,1,Uttar Pradesh,2498,"RIVER GANGA AT KALA KANKAR, RAEBARELI",8.2,7.8,3.5
2014,6,June,1,Uttar Pradesh,2498,"RIVER GANGA AT KALA KANKAR, RAEBARELI",7.8,7.89,3.5
2014,7,July,1,Uttar Pradesh,2498,"RIVER GANGA AT KALA KANKAR, RAEBARELI",7.5,7.69,3.8
2014,8,August,1,Uttar Pradesh,2498,"RIVER GANGA AT KALA KANKAR, RAEBARELI",6.9,7.79,3.8
2014,9,September,1,Uttar Pradesh,2498,"RIVER GANGA AT KALA KANKAR, RAEBARELI",6.6,7.88,4.0
2014,10,October,1,Uttar Pradesh,2498,"RIVER GANGA AT KALA KANKAR, RAEBARELI",8.0,7.79,3.4
2014,11,November,1,Uttar Pradesh,2498,"RIVER GANGA AT KALA KANKAR, RAEBARELI",8.5,7.86,3.3
2015,1,January,1,Uttar Pradesh,2498,"RIVER GANGA AT KALA KANKAR, RAEBARELI",9.2,8.06,4.0
2015,2,February,1,Uttar Pradesh,2498,"RIVER GANGA AT KALA KANKAR, RAEBARELI",9.0,8.02,4.0
2015,3,March,1,Uttar Pradesh,2498,"RIVER GANGA AT KALA KANKAR, RAEBARELI",8.7,7.79,4.1
2015,4,April,1,Uttar Pradesh,2498,"RIVER GANGA AT KALA KANKAR, RAEBARELI",8.5,8.06,4.0
2015,5,May,1,Uttar Pradesh,2498,"RIVER GANGA AT KALA KANKAR, RAEBARELI",8.0,7.78,4.2
2015,6,June,1,Uttar Pradesh,2498,"RIVER GANGA AT KALA KANKAR, RAEBARELI",7.8,8.09,4.0
2015,7,July,1,Uttar Pradesh,2498,"RIVER GANGA AT KALA KANKAR, RAEBARELI",7.3,8.06,4.4
2015,8,August,1,Uttar Pradesh,2498,"RIVER GANGA AT KALA KANKAR, RAEBARELI",7.5,8.09,4.1
2015,9,September,1,Uttar Pradesh,2498,"RIVER GANGA AT KALA KANKAR, RAEBARELI",7.7,7.88,4.1
2015,10,October,1,Uttar Pradesh,2498,"RIVER GANGA AT KALA KANKAR, RAEBARELI",8.2,7.81,4.0
2015,12,December,1,Uttar Pradesh,2498,"RIVER GANGA AT KALA KANKAR, RAEBARELI",9.0,7.81,3.4
2016,1,January,1,Uttar Pradesh,2498,"RIVER GANGA AT KALA KANKAR, RAEBARELI",8.7,7.86,4.0
2016,2,February,1,Uttar Pradesh,2498,"RIVER GANGA AT KALA KANKAR, RAEBARELI",8.4,7.86,4.2
2016,3,March,1,Uttar Pradesh,2498,"RIVER GANGA AT KALA KANKAR, RAEBARELI",8.2,7.87,4.4
2016,4,April,1,Uttar Pradesh,2498,"RIVER GANGA AT KALA KANKAR, RAEBARELI",8.0,7.91,4.2
2016,5,May,1,Uttar Pradesh,2498,"RIVER GANGA AT KALA KANKAR, RAEBARELI",7.8,7.97,4.4
2016,6,June,1,Uttar Pradesh,2498,"RIVER GANGA AT KALA KANKAR, RAEBARELI",7.6,7.96,4.5
2016,7,July,1,Uttar Pradesh,2498,"RIVER GANGA AT KALA KANKAR, RAEBARELI",6.3,8.01,4.8
2016,8,August,1,Uttar Pradesh,2498,"RIVER GANGA AT KALA KANKAR, RAEBARELI",6.3,7.84,4.8
2016,10,October,1,Uttar Pradesh,2498,"RIVER GANGA AT KALA KANKAR, RAEBARELI",7.4,7.78,4.1
2017,1,January,1,Uttar Pradesh,2498,"RIVER GANGA AT KALA KANKAR, RAEBARELI",8.6,7.79,3.7
2017,2,February,1,Uttar Pradesh,2498,"RIVER GANGA AT KALA KANKAR, RAEBARELI",8.5,7.76,3.6
2017,4,April,1,Uttar Pradesh,2498,"RIVER GANGA AT KALA KANKAR, RAEBARELI",7.7,7.89,4.1
2017,5,May,1,Uttar Pradesh,2498,"RIVER GANGA AT KALA KANKAR, RAEBARELI",7.2,7.98,4.3
2017,6,June,1,Uttar Pradesh,2498,"RIVER GANGA AT KALA KANKAR, RAEBARELI",6.9,7.76,4.6
2017,7,July,1,Uttar Pradesh,2498,"RIVER GANGA AT KALA KANKAR, RAEBARELI",7.1,7.77,4.4
2017,8,August,1,Uttar Pradesh,2498,"RIVER GANGA AT KALA KANKAR, RAEBARELI",7.0,7.76,4.3
2017,9,September,1,Uttar Pradesh,2498,"RIVER GANGA AT KALA KANKAR, RAEBARELI",7.2,7.88,4.2
2017,10,October,1,Uttar Pradesh,2498,"RIVER GANGA AT KALA KANKAR, RAEBARELI",7.1,7.77,4.0
2017,11,November,1,Uttar Pradesh,2498,"RIVER GANGA AT KALA KANKAR, RAEBARELI",8.0,7.86,3.9
2018,1,January,1,Uttar Pradesh,2498,"RIVER GANGA AT KALA KANKAR, RAEBARELI",8.9,7.87,3.5
2018,2,February,1,Uttar Pradesh,2498,"RIVER GANGA AT KALA KANKAR, RAEBARELI",9.8,7.92,3.2
2018,3,March,1,Uttar Pradesh,2498,"RIVER GANGA AT KALA KANKAR, RAEBARELI",9.8,7.96,3.6
2018,4,April,1,Uttar Pradesh,2498,"RIVER GANGA AT KALA KANKAR, RAEBARELI",9.9,8.02,3.6
2018,5,May,1,Uttar Pradesh,2498,"RIVER GANGA AT KALA KANKAR, RAEBARELI",9.8,8.02,3.8
2018,6,June,1,Uttar Pradesh,2498,"RIVER GANGA AT KALA KANKAR, RAEBARELI",10.0,7.82,4.4
2018,7,July,1,Uttar Pradesh,2498,"RIVER GANGA AT KALA KANKAR, RAEBARELI",9.1,7.77,4.0
2018,8,August,1,Uttar Pradesh,2498,"RIVER GANGA AT KALA KANKAR, RAEBARELI",8.2,7.73,3.7
2018,9,September,1,Uttar Pradesh,2498,"RIVER GANGA AT KALA KANKAR, RAEBARELI",8.0,7.78,3.8
2018,10,October,1,Uttar Pradesh,2498,"RIVER GANGA AT KALA KANKAR, RAEBARELI",8.2,7.81,3.8
2019,1,January,1,Uttar Pradesh,2498,"RIVER GANGA AT KALA KANKAR, RAEBARELI",10.8,8.5,3.5
2019,2,February,1,Uttar Pradesh,2498,"RIVER GANGA AT KALA KANKAR, RAEBARELI",10.9,8.4,2.7
2019,3,March,1,Uttar Pradesh,2498,"RIVER GANGA AT KALA KANKAR, RAEBARELI",11.0,8.0,3.2
2019,4,April,1,Uttar Pradesh,2498,"RIVER GANGA AT KALA KANKAR, RAEBARELI",6.9,8.5,3.5
2019,5,May,1,Uttar Pradesh,2498,"RIVER GANGA AT KALA KANKAR, RAEBARELI",7.2,8.3,3.9
2019,6,June,1,Uttar Pradesh,2498,"RIVER GANGA AT KALA KANKAR, RAEBARELI",7.3,8.5,3.9
2019,7,July,1,Uttar Pradesh,2498,"RIVER GANGA AT KALA KANKAR, RAEBARELI",7.4,8.5,4.1
2019,8,August,1,Uttar Pradesh,2498,"RIVER GANGA AT KALA KANKAR, RAEBARELI",7.9,8.1,3.7
2019,9,September,1,Uttar Pradesh,2498,"RIVER GANGA AT KALA KANKAR, RAEBARELI",9.2,8.3,3.6
2020,1,January,1,Uttar Pradesh,2498,"RIVER GANGA AT KALA KANKAR, RAEBARELI",10.6,7.8,3.3
2020,8,August,1,Uttar Pradesh,2498,"RIVER GANGA AT KALA KANKAR, RAEBARELI",8.0,7.7,3.8
2020,8,August,2,Uttar Pradesh,2498,"RIVER GANGA AT KALA KANKAR, RAEBARELI",8.2,7.8,3.8
2020,9,September,1,Uttar Pradesh,2498,"RIVER GANGA AT KALA KANKAR, RAEBARELI",8.0,7.8,3.9
2020,9,September,2,Uttar Pradesh,2498,"RIVER GANGA AT KALA KANKAR, RAEBARELI",8.6,7.8,3.8
2020,10,October,1,Uttar Pradesh,2498,"RIVER GANGA AT KALA KANKAR, RAEBARELI",9.0,7.8,3.8
2020,11,November,1,Uttar Pradesh,2498,"RIVER GANGA AT KALA KANKAR, RAEBARELI",9.5,7.8,3.7
2020,11,November,2,Uttar Pradesh,2498,"RIVER GANGA AT KALA KANKAR, RAEBARELI",9.8,7.8,3.7
2020,12,December,1,Uttar Pradesh,2498,"RIVER GANGA AT KALA KANKAR, RAEBARELI",10.2,8.0,3.6
2021,1,January,1,Uttar Pradesh,2498,"RIVER GANGA AT KALA KANKAR, RAEBARELI",10.5,8.09,3.6
2021,1,January,2,Uttar Pradesh,2498,"RIVER GANGA AT KALA KANKAR, RAEBARELI",10.6,8.07,3.5
2021,2,February,1,Uttar Pradesh,2498,"RIVER GANGA AT KALA KANKAR, RAEBARELI",10.4,8.29,3.7
2021,2,February,2,Uttar Pradesh,2498,"RIVER GANGA AT KALA KANKAR, RAEBARELI",11.0,8.19,3.2
2021,3,March,2,Uttar Pradesh,2498,"RIVER GANGA AT KALA KANKAR, RAEBARELI",9.0,8.29,4.3
2021,4,April,1,Uttar Pradesh,2498,"RIVER GANGA AT KALA KANKAR, RAEBARELI",8.1,8.31,4.2
2021,4,April,2,Uttar Pradesh,2498,"RIVER GANGA AT KALA KANKAR, RAEBARELI",8.3,8.29,4.3
2021,5,May,1,Uttar Pradesh,2498,"RIVER GANGA AT KALA KANKAR, RAEBARELI",7.9,7.82,3.6
2021,5,May,2,Uttar Pradesh,2498,"RIVER GANGA AT KALA KANKAR, RAEBARELI",9.0,8.25,4.1
2021,6,June,1,Uttar Pradesh,2498,"RIVER GANGA AT KALA KANKAR, RAEBARELI",7.9,8.42,4.0
2021,6,June,2,Uttar Pradesh,2498,"RIVER GANGA AT KALA KANKAR, RAEBARELI",8.2,8.22,3.9
2021,7,July,2,Uttar Pradesh,2498,"RIVER GANGA AT KALA KANKAR, RAEBARELI",7.1,8.01,4.1
2021,8,August,1,Uttar Pradesh,2498,"RIVER GANGA AT KALA KANKAR, RAEBARELI",7.2,7.89,4.3
2021,8,August,2,Uttar Pradesh,2498,"RIVER GANGA AT KALA KANKAR, RAEBARELI",7.5,7.79,4.1
2021,9,September,1,Uttar Pradesh,2498,"RIVER GANGA AT KALA KANKAR, RAEBARELI",7.1,7.71,4.3
2021,9,September,2,Uttar Pradesh,2498,"RIVER GANGA AT KALA KANKAR, RAEBARELI",7.2,7.61,4.3
2021,10,October,1,Uttar Pradesh,2498,"RIVER GANGA AT KALA KANKAR, RAEBARELI",7.1,7.56,4.3
2021,10,October,2,Uttar Pradesh,2498,"RIVER GANGA AT KALA KANKAR, RAEBARELI",7.2,7.69,4.0
2021,11,November,1,Uttar Pradesh,2498,"RIVER GANGA AT KALA KANKAR, RAEBARELI",7.1,7.59,4.1
2021,11,November,2,Uttar Pradesh,2498,"RIVER GANGA AT KALA KANKAR, RAEBARELI",8.2,7.82,3.8
2021,12,December,1,Uttar Pradesh,2498,"RIVER GANGA AT KALA KANKAR, RAEBARELI",9.0,8.41,4.0
2021,12,December,2,Uttar Pradesh,2498,"RIVER GANGA AT KALA KANKAR, RAEBARELI",9.9,8.31,3.9
2023,1,January,1,Uttar Pradesh,2498,"RIVER GANGA AT KALA KANKAR, RAEBARELI",10.3,7.91,3.8
2023,1,January,2,Uttar Pradesh,2498,"RIVER GANGA AT KALA KANKAR, RAEBARELI",8.7,7.94,2.4
2023,2,February,1,Uttar Pradesh,2498,"RIVER GANGA AT KALA KANKAR, RAEBARELI",10.3,7.98,2.6
2023,2,February,2,Uttar Pradesh,2498,"RIVER GANGA AT KALA KANKAR, RAEBARELI",10.5,7.93,2.7
2023,3,March,1,Uttar Pradesh,2498,"RIVER GANGA AT KALA KANKAR, RAEBARELI",9.6,7.86,2.8
2023,3,March,2,Uttar Pradesh,2498,"RIVER GANGA AT KALA KANKAR, RAEBARELI",9.8,7.94,3.0
2023,4,April,1,Uttar Pradesh,2498,"RIVER GANGA AT KALA KANKAR, RAEBARELI",8.0,7.84,3.1
2023,4,April,2,Uttar Pradesh,2498,"RIVER GANGA AT KALA KANKAR, RAEBARELI",8.4,7.85,3.2
2023,5,May,1,Uttar Pradesh,2498,"RIVER GANGA AT KALA KANKAR, RAEBARELI",7.7,7.9,3.0
2023,5,May,2,Uttar Pradesh,2498,"RIVER GANGA AT KALA KANKAR, RAEBARELI",8.3,7.8,3.2
2023,6,June,1,Uttar Pradesh,2498,"RIVER GANGA AT KALA KANKAR, RAEBARELI",7.4,7.88,3.4
2023,6,June,2,Uttar Pradesh,2498,"RIVER GANGA AT KALA KANKAR, RAEBARELI",7.6,7.82,3.2
2023,7,July,1,Uttar Pradesh,2498,"RIVER GANGA AT KALA KANKAR, RAEBARELI",3.0,7.85,3.0
2023,7,July,2,Uttar Pradesh,2498,"RIVER GANGA AT KALA KANKAR, RAEBARELI",8.0,7.81,2.9
2023,8,August,1,Uttar Pradesh,2498,"RIVER GANGA AT KALA KANKAR, RAEBARELI",7.7,7.84,2.9
2023,8,August,2,Uttar Pradesh,2498,"RIVER GANGA AT KALA KANKAR, RAEBARELI",8.1,7.87,3.1
2023,9,September,1,Uttar Pradesh,2498,"RIVER GANGA AT KALA KANKAR, RAEBARELI",7.6,7.86,3.0
2023,9,September,2,Uttar Pradesh,2498,"RIVER GANGA AT KALA KANKAR, RAEBARELI",7.8,7.85,3.0
2023,10,October,1,Uttar Pradesh,2498,"RIVER GANGA AT KALA KANKAR, RAEBARELI",7.6,7.87,3.0
2023,10,October,2,Uttar Pradesh,2498,"RIVER GANGA AT KALA KANKAR, RAEBARELI",8.2,7.79,3.0
2023,11,November,1,Uttar Pradesh,2498,"RIVER GANGA AT KALA KANKAR, RAEBARELI",8.2,7.9,3.1
2023,11,November,2,Uttar Pradesh,2498,"RIVER GANGA AT KALA KANKAR, RAEBARELI",8.6,7.93,3.2
2023,12,December,1,Uttar Pradesh,2498,"RIVER GANGA AT KALA KANKAR, RAEBARELI",8.5,7.82,3.1
2023,12,December,2,Uttar Pradesh,2498,"RIVER GANGA AT KALA KANKAR, RAEBARELI",8.7,7.9,3.0
2024,1,January,1,Uttar Pradesh,2498,KALA KANKAR (PRATAPGARH),10.6,8.03,2.3
2024,1,January,2,Uttar Pradesh,2498,KALA KANKAR (PRATAPGARH),11.7,8.31,2.1
2024,2,February,1,Uttar Pradesh,2498,KALA KANKAR (PRATAPGARH),12.3,8.03,2.0
2024,2,February,2,Uttar Pradesh,2498,KALA KANKAR (PRATAPGARH),12.3,8.01,2.0
2024,3,March,1,Uttar Pradesh,2498,KALA KANKAR (PRATAPGARH),11.4,8.07,2.2
2024,3,March,2,Uttar Pradesh,2498,KALA KANKAR (PRATAPGARH),10.4,8.06,2.4
2024,4,April,1,Uttar Pradesh,2498,KALA KANKAR (PRATAPGARH),8.9,7.85,2.4
2024,4,April,2,Uttar Pradesh,2498,KALA KANKAR (PRATAPGARH),7.8,7.93,2.8
2024,5,May,1,Uttar Pradesh,2498,KALA KANKAR (PRATAPGARH),7.9,8.05,2.8
2024,5,May,2,Uttar Pradesh,2498,KALA KANKAR (PRATAPGARH),7.9,8.1,3.0
2024,6,June,1,Uttar Pradesh,2498,KALA KANKAR (PRATAPGARH),7.7,8.25,3.0
2024,6,June,2,Uttar Pradesh,2498,KALA KANKAR (PRATAPGARH),7.5,8.24,3.2
2024,7,July,1,Uttar Pradesh,2498,KALA KANKAR (PRATAPGARH),7.7,8.15,2.9
2024,7,July,2,Uttar Pradesh,2498,KALA KANKAR (PRATAPGARH),7.6,8.17,3.0
2024,8,August,1,Uttar Pradesh,2498,KALA KANKAR (PRATAPGARH),7.9,8.2,3.1
2024,8,August,2,Uttar Pradesh,2498,KALA KANKAR (PRATAPGARH),8.5,8.21,2.9
2024,9,September,1,Uttar Pradesh,2498,KALA KANKAR (PRATAPGARH),8.5,8.23,2.9
2024,9,September,2,Uttar Pradesh,2498,KALA KANKAR (PRATAPGARH),8.5,8.27,3.0
2024,10,October,1,Uttar Pradesh,2498,KALA KANKAR (PRATAPGARH),8.7,8.23,3.0
2024,10,October,2,Uttar Pradesh,2498,KALA KANKAR (PRATAPGARH),8.7,8.19,3.0
2024,12,December,1,Uttar Pradesh,2498,KALA KANKAR (PRATAPGARH),9.0,8.16,2.9
2024,12,December,2,Uttar Pradesh,2498,KALA KANKAR (PRATAPGARH),9.4,8.2,2.8
2014,3,March,1,Bihar,2551," BUXAR, RAMREKHAGHAT",7.6,8.25,2.6
2015,2,February,1,Bihar,2551," BUXAR, RAMREKHAGHAT",8.6,8.54,2.6
2015,3,March,1,Bihar,2551," BUXAR, RAMREKHAGHAT",9.0,8.37,2.7
2015,4,April,1,Bihar,2551," BUXAR, RAMREKHAGHAT",9.8,8.34,2.8
2015,5,May,1,Bihar,2551," BUXAR, RAMREKHAGHAT",9.7,8.1,2.6
2015,6,June,1,Bihar,2551," BUXAR, RAMREKHAGHAT",8.0,8.07,2.6
2015,7,July,1,Bihar,2551," BUXAR, RAMREKHAGHAT",8.4,9.28,2.5
2015,8,August,1,Bihar,2551," BUXAR, RAMREKHAGHAT",7.7,9.28,2.8
2017,1,January,1,Bihar,2551," BUXAR, RAMREKHAGHAT",8.4,7.75,0.8
2017,2,February,1,Bihar,2551," BUXAR, RAMREKHAGHAT",9.1,7.97,1.9
2017,3,March,1,Bihar,2551," BUXAR, RAMREKHAGHAT",8.1,8.3,2.7
2017,4,April,1,Bihar,2551," BUXAR, RAMREKHAGHAT",8.6,8.32,2.2
2017,5,May,1,Bihar,2551," BUXAR, RAMREKHAGHAT",7.8,8.34,2.3
2017,6,June,1,Bihar,2551," BUXAR, RAMREKHAGHAT",8.2,8.16,2.4
2017,7,July,1,Bihar,2551," BUXAR, RAMREKHAGHAT",7.4,7.82,2.2
2017,8,August,1,Bihar,2551," BUXAR, RAMREKHAGHAT",7.0,7.44,2.8
2017,9,September,1,Bihar,2551," BUXAR, RAMREKHAGHAT",7.5,7.89,2.1
2017,10,October,1,Bihar,2551," BUXAR, RAMREKHAGHAT",7.6,8.18,2.5
2017,12,December,1,Bihar,2551," BUXAR, RAMREKHAGHAT",8.4,7.89,2.1
2018,1,January,1,Bihar,2551," BUXAR, RAMREKHAGHAT",9.6,7.93,2.0
2018,2,February,1,Bihar,2551," BUXAR, RAMREKHAGHAT",9.0,7.92,2.1
2018,5,May,1,Bihar,2551," BUXAR, RAMREKHAGHAT",9.6,7.93,2.0
2018,7,July,1,Bihar,2551," BUXAR, RAMREKHAGHAT",7.2,8.2,2.3
2018,8,August,1,Bihar,2551," BUXAR, RAMREKHAGHAT",6.8,8.09,2.8
2019,1,January,1,Bihar,2551," BUXAR, RAMREKHAGHAT",7.8,7.5,2.3
2019,2,February,1,Bihar,2551," BUXAR, RAMREKHAGHAT",8.1,7.8,2.3
2020,1,January,1,Bihar,2551," BUXAR, RAMREKHAGHAT",9.0,8.3,1.4
2020,2,February,1,Bihar,2551," BUXAR, RAMREKHAGHAT",8.8,8.3,2.0
2020,3,March,1,Bihar,2551," BUXAR, RAMREKHAGHAT",9.3,7.8,1.4
2020,8,August,2,Bihar,2551," BUXAR, RAMREKHAGHAT",5.9,7.9,2.4
2020,9,September,1,Bihar,2551," BUXAR, RAMREKHAGHAT",5.6,7.7,2.2
2020,9,September,2,Bihar,2551," BUXAR, RAMREKHAGHAT",5.9,7.9,1.5
2021,1,January,1,Bihar,2551," BUXAR, RAMREKHAGHAT",9.2,7.6,1.9
2021,1,January,2,Bihar,2551," BUXAR, RAMREKHAGHAT",8.8,7.8,1.8
2021,2,February,1,Bihar,2551," BUXAR, RAMREKHAGHAT",9.1,7.8,1.5
2021,2,February,2,Bihar,2551," BUXAR, RAMREKHAGHAT",9.9,7.94,1.6
2021,3,March,1,Bihar,2551," BUXAR, RAMREKHAGHAT",7.5,7.61,1.6
2021,3,March,2,Bihar,2551," BUXAR, RAMREKHAGHAT",8.7,7.5,1.0
2021,4,April,1,Bihar,2551," BUXAR, RAMREKHAGHAT",8.1,7.71,1.7
2021,4,April,2,Bihar,2551," BUXAR, RAMREKHAGHAT",8.0,7.87,2.3
2021,5,May,1,Bihar,2551," BUXAR, RAMREKHAGHAT",6.8,7.51,1.7
2021,5,May,2,Bihar,2551," BUXAR, RAMREKHAGHAT",7.6,7.63,2.1
2021,6,June,1,Bihar,2551," BUXAR, RAMREKHAGHAT",8.3,8.41,3.3
2021,6,June,2,Bihar,2551," BUXAR, RAMREKHAGHAT",7.2,8.13,3.0
2021,7,July,1,Bihar,2551," BUXAR, RAMREKHAGHAT",7.2,7.72,1.5
2021,7,July,2,Bihar,2551," BUXAR, RAMREKHAGHAT",7.3,7.86,1.5
2021,8,August,1,Bihar,2551," BUXAR, RAMREKHAGHAT",6.1,7.62,2.0
2021,8,August,2,Bihar,2551," BUXAR, RAMREKHAGHAT",8.8,7.62,2.2
2021,9,September,1,Bihar,2551," BUXAR, RAMREKHAGHAT",7.8,8.33,1.4
2021,9,September,2,Bihar,2551," BUXAR, RAMREKHAGHAT",7.6,7.52,1.4
2021,10,October,1,Bihar,2551," BUXAR, RAMREKHAGHAT",5.2,7.85,1.7
2021,10,October,2,Bihar,2551," BUXAR, RAMREKHAGHAT",7.0,7.71,1.5
2021,11,November,1,Bihar,2551," BUXAR, RAMREKHAGHAT",6.0,7.88,2.9
2021,11,November,2,Bihar,2551," BUXAR, RAMREKHAGHAT",7.9,8.04,2.0
2021,12,December,1,Bihar,2551," BUXAR, RAMREKHAGHAT",10.1,8.41,1.0
2021,12,December,2,Bihar,2551," BUXAR, RAMREKHAGHAT",11.7,8.34,1.3
2022,1,January,1,Bihar,2551," BUXAR, RAMREKHAGHAT",6.5,8.36,2.1
2022,1,January,2,Bihar,2551," BUXAR, RAMREKHAGHAT",9.0,8.27,1.2
2022,2,February,1,Bihar,2551," BUXAR, RAMREKHAGHAT",8.4,8.31,1.8
2022,2,February,2,Bihar,2551," BUXAR, RAMREKHAGHAT",8.5,7.57,1.3
2022,3,March,1,Bihar,2551," BUXAR, RAMREKHAGHAT",9.2,7.35,1.7
2022,3,March,2,Bihar,2551," BUXAR, RAMREKHAGHAT",8.9,8.48,1.8
2022,4,April,1,Bihar,2551," BUXAR, RAMREKHAGHAT",9.1,8.29,1.1
2022,4,April,2,Bihar,2551," BUXAR, RAMREKHAGHAT",11.0,8.24,1.3
2022,5,May,1,Bihar,2551," BUXAR, RAMREKHAGHAT",8.5,7.76,1.0
2022,5,May,2,Bihar,2551," BUXAR, RAMREKHAGHAT",7.2,8.33,2.0
2022,6,June,2,Bihar,2551," BUXAR, RAMREKHAGHAT",8.2,7.43,1.4
2022,7,July,1,Bihar,2551," BUXAR, RAMREKHAGHAT",7.8,8.11,1.8
2022,7,July,2,Bihar,2551," BUXAR, RAMREKHAGHAT",9.2,7.66,1.0
2022,8,August,1,Bihar,2551," BUXAR, RAMREKHAGHAT",7.6,7.3,2.2
2022,8,August,2,Bihar,2551," BUXAR, RAMREKHAGHAT",7.6,7.22,2.0
2022,9,September,1,Bihar,2551," BUXAR, RAMREKHAGHAT",7.5,8.01,1.8
2022,9,September,2,Bihar,2551," BUXAR, RAMREKHAGHAT",5.2,7.01,2.7
2022,10,October,1,Bihar,2551," BUXAR, RAMREKHAGHAT",6.1,7.54,2.4
2022,10,October,2,Bihar,2551," BUXAR, RAMREKHAGHAT",8.4,7.52,1.0
2022,11,November,1,Bihar,2551," BUXAR, RAMREKHAGHAT",8.2,7.73,1.4
2022,11,November,2,Bihar,2551," BUXAR, RAMREKHAGHAT",5.9,7.52,2.2
2022,12,December,1,Bihar,2551," BUXAR, RAMREKHAGHAT",8.8,7.3,1.8
2022,12,December,2,Bihar,2551," BUXAR, RAMREKHAGHAT",9.0,7.51,1.0
2023,1,January,1,Bihar,2551," BUXAR, RAMREKHAGHAT",8.5,7.28,1.6
2023,1,January,2,Bihar,2551," BUXAR, RAMREKHAGHAT",8.5,8.36,1.0
2023,2,February,1,Bihar,2551," BUXAR, RAMREKHAGHAT",8.1,7.61,1.4
2023,2,February,2,Bihar,2551," BUXAR, RAMREKHAGHAT",6.7,7.81,2.5
2023,3,March,1,Bihar,2551," BUXAR, RAMREKHAGHAT",7.7,7.79,1.6
2023,3,March,2,Bihar,2551," BUXAR, RAMREKHAGHAT",8.5,7.68,1.4
2023,4,April,1,Bihar,2551," BUXAR, RAMREKHAGHAT",7.2,7.63,2.0
2023,4,April,2,Bihar,2551," BUXAR, RAMREKHAGHAT",8.0,7.88,2.0
2023,5,May,1,Bihar,2551," BUXAR, RAMREKHAGHAT",7.8,7.48,1.8
2023,5,May,2,Bihar,2551," BUXAR, RAMREKHAGHAT",8.2,8.03,2.6
2023,6,June,1,Bihar,2551," BUXAR, RAMREKHAGHAT",7.8,7.78,2.1
2023,6,June,2,Bihar,2551," BUXAR, RAMREKHAGHAT",8.4,7.93,1.6
2023,7,July,1,Bihar,2551," BUXAR, RAMREKHAGHAT",7.4,7.71,2.3
2023,7,July,2,Bihar,2551," BUXAR, RAMREKHAGHAT",7.1,7.92,1.7
2023,8,August,1,Bihar,2551," BUXAR, RAMREKHAGHAT",7.1,7.99,1.9
2023,8,August,2,Bihar,2551," BUXAR, RAMREKHAGHAT",7.7,7.89,1.7
2023,9,September,1,Bihar,2551," BUXAR, RAMREKHAGHAT",7.4,7.67,1.2
2023,9,September,2,Bihar,2551," BUXAR, RAMREKHAGHAT",7.9,8.07,1.7
2023,10,October,1,Bihar,2551," BUXAR, RAMREKHAGHAT",7.9,7.47,1.4
2023,10,October,2,Bihar,2551," BUXAR, RAMREKHAGHAT",7.7,7.52,1.3
2023,11,November,1,Bihar,2551," BUXAR, RAMREKHAGHAT",8.1,7.79,1.9
2023,11,November,2,Bihar,2551," BUXAR, RAMREKHAGHAT",7.7,7.43,1.4
2023,12,December,1,Bihar,2551," BUXAR, RAMREKHAGHAT",8.3,7.54,1.3
2023,12,December,2,Bihar,2551," BUXAR, RAMREKHAGHAT",8.3,7.52,1.0
2024,1,January,1,Bihar,2551,"BUXAR, RAMREKHAGHAT",8.5,7.77,1.0
2024,1,January,2,Bihar,2551,"BUXAR, RAMREKHAGHAT",8.2,7.82,1.2
2024,2,February,1,Bihar,2551,"BUXAR, RAMREKHAGHAT",8.3,7.72,1.2
2024,2,February,2,Bihar,2551,"BUXAR, RAMREKHAGHAT",7.9,7.42,1.1
2024,3,March,1,Bihar,2551,"BUXAR, RAMREKHAGHAT",7.7,7.51,1.4
2024,3,March,2,Bihar,2551,"BUXAR, RAMREKHAGHAT",7.5,7.72,1.3
2024,4,April,1,Bihar,2551,"BUXAR, RAMREKHAGHAT",7.8,7.63,2.5
2024,4,April,2,Bihar,2551,"BUXAR, RAMREKHAGHAT",7.5,7.57,1.4
2024,5,May,1,Bihar,2551,"BUXAR, RAMREKHAGHAT",7.8,7.53,1.6
2024,5,May,2,Bihar,2551,"BUXAR, RAMREKHAGHAT",7.3,8.2,1.6
2024,6,June,1,Bihar,2551,"BUXAR, RAMREKHAGHAT",8.3,7.69,1.6
2024,6,June,2,Bihar,2551,"BUXAR, RAMREKHAGHAT",7.8,7.78,1.4
2024,7,July,1,Bihar,2551,"BUXAR, RAMREKHAGHAT",7.2,7.52,1.4
2024,7,July,2,Bihar,2551,"BUXAR, RAMREKHAGHAT",7.5,7.42,2.1
2024,8,August,1,Bihar,2551,"BUXAR, RAMREKHAGHAT",7.5,7.85,1.7
2024,8,August,2,Bihar,2551,"BUXAR, RAMREKHAGHAT",7.6,7.77,1.9
2024,9,September,1,Bihar,2551,"BUXAR, RAMREKHAGHAT",7.4,7.69,2.0
2024,9,September,2,Bihar,2551,"BUXAR, RAMREKHAGHAT",7.0,7.77,1.6
2024,10,October,1,Bihar,2551,"BUXAR, RAMREKHAGHAT",7.4,7.37,1.8
2024,10,October,2,Bihar,2551,"BUXAR, RAMREKHAGHAT",7.5,7.15,1.5
2024,11,November,1,Bihar,2551,"BUXAR, RAMREKHAGHAT",7.8,7.81,1.9
2024,11,November,2,Bihar,2551,"BUXAR, RAMREKHAGHAT",7.5,7.57,1.3
2024,12,December,1,Bihar,2551,"BUXAR, RAMREKHAGHAT",7.9,7.5,2.0
2024,12,December,2,Bihar,2551,"BUXAR, RAMREKHAGHAT",7.4,7.31,1.5
2014,1,January,1,Bihar,2552," GANDHIGHAT, NIT PATNA",8.1,7.92,2.8
2014,2,February,1,Bihar,2552," GANDHIGHAT, NIT PATNA",9.2,8.14,2.8
2014,3,March,1,Bihar,2552," GANDHIGHAT, NIT PATNA",8.0,8.18,2.8
2014,5,May,1,Bihar,2552," GANDHIGHAT, NIT PATNA",7.5,8.14,2.6
2014,6,June,1,Bihar,2552," GANDHIGHAT, NIT PATNA",7.6,7.78,2.8
2014,7,July,1,Bihar,2552," GANDHIGHAT, NIT PATNA",7.6,7.56,2.9
2014,8,August,1,Bihar,2552," GANDHIGHAT, NIT PATNA",7.8,7.78,2.8
2014,9,September,1,Bihar,2552," GANDHIGHAT, NIT PATNA",7.6,8.19,2.8
2014,10,October,1,Bihar,2552," GANDHIGHAT, NIT PATNA",7.6,7.68,2.4
2014,11,November,1,Bihar,2552," GANDHIGHAT, NIT PATNA",7.5,7.74,2.9
2015,1,January,1,Bihar,2552," GANDHIGHAT, NIT PATNA",8.8,8.31,2.8
2015,2,February,1,Bihar,2552," GANDHIGHAT, NIT PATNA",8.7,8.86,2.6
2015,3,March,1,Bihar,2552," GANDHIGHAT, NIT PATNA",8.0,8.76,2.8
2015,4,April,1,Bihar,2552," GANDHIGHAT, NIT PATNA",7.4,8.34,2.9
2015,5,May,1,Bihar,2552," GANDHIGHAT, NIT PATNA",8.2,7.92,2.6
2015,6,June,1,Bihar,2552," GANDHIGHAT, NIT PATNA",8.0,8.58,2.7
2015,7,July,1,Bihar,2552," GANDHIGHAT, NIT PATNA",8.4,8.65,2.7
2015,8,August,1,Bihar,2552," GANDHIGHAT, NIT PATNA",7.6,9.08,2.8
2016,1,January,1,Bihar,2552," GANDHIGHAT, NIT PATNA",8.4,8.12,3.0
2017,1,January,1,Bihar,2552," GANDHIGHAT, NIT PATNA",8.0,7.4,2.5
2017,2,February,1,Bihar,2552," GANDHIGHAT, NIT PATNA",9.2,8.84,2.9
2017,3,March,1,Bihar,2552," GANDHIGHAT, NIT PATNA",7.8,8.05,2.6
2017,4,April,1,Bihar,2552," GANDHIGHAT, NIT PATNA",8.7,8.44,2.8
2017,5,May,1,Bihar,2552," GANDHIGHAT, NIT PATNA",7.4,7.8,2.7
2017,6,June,1,Bihar,2552," GANDHIGHAT, NIT PATNA",6.5,8.27,2.9
2017,7,July,1,Bihar,2552," GANDHIGHAT, NIT PATNA",7.0,7.69,2.8
2017,8,August,1,Bihar,2552," GANDHIGHAT, NIT PATNA",7.6,7.34,2.7
2017,9,September,1,Bihar,2552," GANDHIGHAT, NIT PATNA",7.4,7.45,2.7
2017,10,October,1,Bihar,2552," GANDHIGHAT, NIT PATNA",7.4,7.95,2.5
2017,12,December,1,Bihar,2552," GANDHIGHAT, NIT PATNA",8.0,7.83,2.4
2018,1,January,1,Bihar,2552," GANDHIGHAT, NIT PATNA",13.0,7.77,2.4
2019,1,January,1,Bihar,2552," GANDHIGHAT, NIT PATNA",8.8,8.0,2.6
2020,6,June,2,Bihar,2552," GANDHIGHAT, NIT PATNA",6.3,7.8,4.0
2020,7,July,2,Bihar,2552," GANDHIGHAT, NIT PATNA",6.6,7.5,2.0
2020,8,August,2,Bihar,2552," GANDHIGHAT, NIT PATNA",5.8,7.3,2.4
2020,9,September,1,Bihar,2552," GANDHIGHAT, NIT PATNA",5.4,7.5,2.3
2020,9,September,2,Bihar,2552," GANDHIGHAT, NIT PATNA",7.0,7.8,1.6
2021,1,January,1,Bihar,2552," GANDHIGHAT, NIT PATNA",7.8,7.5,1.6
2021,1,January,2,Bihar,2552," GANDHIGHAT, NIT PATNA",8.9,7.6,2.0
2021,2,February,1,Bihar,2552," GANDHIGHAT, NIT PATNA",8.1,7.6,2.0
2021,2,February,2,Bihar,2552," GANDHIGHAT, NIT PATNA",5.2,7.26,2.6
2021,3,March,1,Bihar,2552," GANDHIGHAT, NIT PATNA",6.6,7.51,3.0
2021,3,March,2,Bihar,2552," GANDHIGHAT, NIT PATNA",6.4,7.84,2.6
2021,4,April,1,Bihar,2552," GANDHIGHAT, NIT PATNA",7.9,7.37,2.0
2021,4,April,2,Bihar,2552," GANDHIGHAT, NIT PATNA",7.6,8.04,2.4
2021,5,May,1,Bihar,2552," GANDHIGHAT, NIT PATNA",6.5,7.78,1.8
2021,5,May,2,Bihar,2552," GANDHIGHAT, NIT PATNA",6.3,7.58,2.2
2021,6,June,1,Bihar,2552," GANDHIGHAT, NIT PATNA",6.0,8.02,2.3
2021,6,June,2,Bihar,2552," GANDHIGHAT, NIT PATNA",6.5,7.52,2.1
2021,7,July,1,Bihar,2552," GANDHIGHAT, NIT PATNA",6.2,7.2,2.0
2021,7,July,2,Bihar,2552," GANDHIGHAT, NIT PATNA",4.3,7.83,2.8
2021,8,August,2,Bihar,2552," GANDHIGHAT, NIT PATNA",5.4,7.72,3.0
2021,9,September,1,Bihar,2552," GANDHIGHAT, NIT PATNA",6.1,7.91,2.6
2021,9,September,2,Bihar,2552," GANDHIGHAT, NIT PATNA",6.5,7.82,2.5
2021,10,October,1,Bihar,2552," GANDHIGHAT, NIT PATNA",5.9,7.5,3.0
2021,10,October,2,Bihar,2552," GANDHIGHAT, NIT PATNA",5.6,7.97,3.0
2021,11,November,1,Bihar,2552," GANDHIGHAT, NIT PATNA",7.8,8.0,1.2
2021,11,November,2,Bihar,2552," GANDHIGHAT, NIT PATNA",7.6,8.08,1.8
2021,12,December,1,Bihar,2552," GANDHIGHAT, NIT PATNA",8.7,8.08,2.5
2022,1,January,1,Bihar,2552," GANDHIGHAT, NIT PATNA",7.7,8.01,1.5
2022,1,January,2,Bihar,2552," GANDHIGHAT, NIT PATNA",9.5,8.25,1.0
2022,2,February,1,Bihar,2552," GANDHIGHAT, NIT PATNA",8.8,8.23,1.8
2022,2,February,2,Bihar,2552," GANDHIGHAT, NIT PATNA",8.6,7.89,1.0
2022,3,March,1,Bihar,2552," GANDHIGHAT, NIT PATNA",9.7,7.79,1.5
2022,3,March,2,Bihar,2552," GANDHIGHAT, NIT PATNA",6.8,7.69,2.2
2022,4,April,1,Bihar,2552," GANDHIGHAT, NIT PATNA",7.5,7.96,1.9
2022,4,April,2,Bihar,2552," GANDHIGHAT, NIT PATNA",9.1,7.76,1.0
2022,5,May,1,Bihar,2552," GANDHIGHAT, NIT PATNA",7.8,7.5,1.8
2022,5,May,2,Bihar,2552," GANDHIGHAT, NIT PATNA",7.0,7.92,2.0
2022,6,June,2,Bihar,2552," GANDHIGHAT, NIT PATNA",7.2,8.12,2.4
2022,7,July,1,Bihar,2552," GANDHIGHAT, NIT PATNA",7.8,7.56,2.0
2022,7,July,2,Bihar,2552," GANDHIGHAT, NIT PATNA",7.6,7.54,2.0
2022,8,August,1,Bihar,2552," GANDHIGHAT, NIT PATNA",6.5,7.61,2.4
2022,8,August,2,Bihar,2552," GANDHIGHAT, NIT PATNA",5.6,7.06,2.7
2022,9,September,1,Bihar,2552," GANDHIGHAT, NIT PATNA",6.5,7.6,2.6
2022,9,September,2,Bihar,2552," GANDHIGHAT, NIT PATNA",6.0,6.98,2.1
2022,10,October,1,Bihar,2552," GANDHIGHAT, NIT PATNA",6.9,7.68,1.8
2022,10,October,2,Bihar,2552," GANDHIGHAT, NIT PATNA",7.2,7.69,2.1
2022,11,November,1,Bihar,2552," GANDHIGHAT, NIT PATNA",6.8,7.58,2.3
2022,11,November,2,Bihar,2552," GANDHIGHAT, NIT PATNA",7.8,7.88,1.8
2022,12,December,1,Bihar,2552," GANDHIGHAT, NIT PATNA",8.1,7.78,1.5
2022,12,December,2,Bihar,2552," GANDHIGHAT, NIT PATNA",8.9,8.09,1.0
2024,1,January,1,Bihar,2552,NIT GHANDHI GHAT ( PATNA),7.8,7.54,1.6
2024,1,January,2,Bihar,2552,NIT GHANDHI GHAT ( PATNA),7.6,7.67,1.9
2024,2,February,2,Bihar,2552,NIT GHANDHI GHAT ( PATNA),7.8,7.51,1.7
2024,3,March,1,Bihar,2552,NIT GHANDHI GHAT ( PATNA),7.5,7.65,1.0
2024,3,March,2,Bihar,2552,NIT GHANDHI GHAT ( PATNA),8.0,7.67,1.4
2024,4,April,1,Bihar,2552,NIT GHANDHI GHAT ( PATNA),7.3,7.73,2.1
2024,4,April,2,Bihar,2552,NIT GHANDHI GHAT ( PATNA),7.5,7.79,2.1
2024,5,May,1,Bihar,2552,NIT GHANDHI GHAT ( PATNA),8.1,7.64,2.0
2024,5,May,2,Bihar,2552,NIT GHANDHI GHAT ( PATNA),8.2,7.64,2.0
2024,6,June,1,Bihar,2552,NIT GHANDHI GHAT ( PATNA),7.6,7.69,1.5
2024,6,June,2,Bihar,2552,NIT GHANDHI GHAT ( PATNA),7.6,7.69,1.5
2024,7,July,1,Bihar,2552,NIT GHANDHI GHAT ( PATNA),7.3,7.52,1.8
2024,7,July,2,Bihar,2552,NIT GHANDHI GHAT ( PATNA),7.6,7.54,2.3
2024,8,August,1,Bihar,2552,NIT GHANDHI GHAT ( PATNA),6.2,7.68,2.5
2024,8,August,2,Bihar,2552,NIT GHANDHI GHAT ( PATNA),6.9,7.2,2.7
2024,9,September,1,Bihar,2552,NIT GHANDHI GHAT ( PATNA),6.2,7.1,2.8
2024,9,September,2,Bihar,2552,NIT GHANDHI GHAT ( PATNA),6.3,7.51,2.2
2024,10,October,1,Bihar,2552,NIT GHANDHI GHAT ( PATNA),7.1,7.55,2.2
2024,10,October,2,Bihar,2552,NIT GHANDHI GHAT ( PATNA),7.3,7.66,2.1
2024,11,November,1,Bihar,2552,NIT GHANDHI GHAT ( PATNA),7.0,7.41,1.1
2024,11,November,2,Bihar,2552,NIT GHANDHI GHAT ( PATNA),7.6,7.47,1.9
2024,12,December,1,Bihar,2552,NIT GHANDHI GHAT ( PATNA),7.9,7.6,1.8
2024,12,December,2,Bihar,2552,NIT GHANDHI GHAT ( PATNA),8.3,7.8,2.2
2014,1,January,1,Bihar,2553," KEWALA GHAT,FATUHA, PATNA",8.8,8.12,2.0
2014,2,February,1,Bihar,2553," KEWALA GHAT,FATUHA, PATNA",9.6,8.32,2.5
2014,3,March,1,Bihar,2553," KEWALA GHAT,FATUHA, PATNA",8.6,8.32,2.5
2014,5,May,1,Bihar,2553," KEWALA GHAT,FATUHA, PATNA",7.8,8.28,2.4
2014,6,June,1,Bihar,2553," KEWALA GHAT,FATUHA, PATNA",7.8,7.71,2.5
2014,7,July,1,Bihar,2553," KEWALA GHAT,FATUHA, PATNA",7.9,7.87,2.5
2014,8,August,1,Bihar,2553," KEWALA GHAT,FATUHA, PATNA",8.2,7.79,2.5
2014,9,September,1,Bihar,2553," KEWALA GHAT,FATUHA, PATNA",7.4,7.75,2.2
2014,10,October,1,Bihar,2553," KEWALA GHAT,FATUHA, PATNA",8.0,8.14,2.0
2014,11,November,1,Bihar,2553," KEWALA GHAT,FATUHA, PATNA",7.9,8.07,2.0
2015,1,January,1,Bihar,2553," KEWALA GHAT,FATUHA, PATNA",9.2,8.79,2.0
2015,2,February,1,Bihar,2553," KEWALA GHAT,FATUHA, PATNA",9.0,8.57,2.1
2015,3,March,1,Bihar,2553," KEWALA GHAT,FATUHA, PATNA",8.8,8.81,2.2
2015,4,April,1,Bihar,2553," KEWALA GHAT,FATUHA, PATNA",8.6,8.34,2.2
2015,5,May,1,Bihar,2553," KEWALA GHAT,FATUHA, PATNA",8.1,8.16,2.1
2015,6,June,1,Bihar,2553," KEWALA GHAT,FATUHA, PATNA",7.0,8.43,2.2
2015,7,July,1,Bihar,2553," KEWALA GHAT,FATUHA, PATNA",7.5,8.61,2.5
2015,8,August,1,Bihar,2553," KEWALA GHAT,FATUHA, PATNA",7.8,9.11,2.6
2015,9,September,1,Bihar,2553," KEWALA GHAT,FATUHA, PATNA",8.1,8.75,2.4
2015,10,October,1,Bihar,2553," KEWALA GHAT,FATUHA, PATNA",8.1,8.87,2.5
2015,12,December,1,Bihar,2553," KEWALA GHAT,FATUHA, PATNA",7.4,7.66,2.5
2016,1,January,1,Bihar,2553," KEWALA GHAT,FATUHA, PATNA",8.2,8.21,2.4
2016,4,April,1,Bihar,2553," KEWALA GHAT,FATUHA, PATNA",8.4,7.82,2.6
2016,5,May,1,Bihar,2553," KEWALA GHAT,FATUHA, PATNA",7.2,7.83,2.7
2016,6,June,1,Bihar,2553," KEWALA GHAT,FATUHA, PATNA",7.0,7.48,2.4
2016,7,July,1,Bihar,2553," KEWALA GHAT,FATUHA, PATNA",8.0,7.23,2.7
2016,8,August,1,Bihar,2553," KEWALA GHAT,FATUHA, PATNA",6.8,7.71,2.7
2016,9,September,1,Bihar,2553," KEWALA GHAT,FATUHA, PATNA",7.6,7.89,2.8
2017,1,January,1,Bihar,2553," KEWALA GHAT,FATUHA, PATNA",8.7,7.79,2.5
2017,2,February,1,Bihar,2553," KEWALA GHAT,FATUHA, PATNA",9.2,8.35,3.0
2017,3,March,1,Bihar,2553," KEWALA GHAT,FATUHA, PATNA",8.2,8.03,2.4
2017,4,April,1,Bihar,2553," KEWALA GHAT,FATUHA, PATNA",8.59,8.32,2.1
2017,5,May,1,Bihar,2553," KEWALA GHAT,FATUHA, PATNA",8.2,8.8,2.0
2017,6,June,1,Bihar,2553," KEWALA GHAT,FATUHA, PATNA",6.8,8.19,2.6
2017,7,July,1,Bihar,2553," KEWALA GHAT,FATUHA, PATNA",6.0,7.73,2.8
2017,8,August,1,Bihar,2553," KEWALA GHAT,FATUHA, PATNA",7.3,7.72,2.8
2017,9,September,1,Bihar,2553," KEWALA GHAT,FATUHA, PATNA",7.4,7.58,2.0
2017,10,October,1,Bihar,2553," KEWALA GHAT,FATUHA, PATNA",7.3,8.0,2.4
2017,12,December,1,Bihar,2553," KEWALA GHAT,FATUHA, PATNA",8.4,7.84,2.4
2018,12,December,1,Bihar,2553," KEWALA GHAT,FATUHA, PATNA",7.6,7.56,2.5
2020,6,June,2,Bihar,2553," KEWALA GHAT,FATUHA, PATNA",6.0,8.0,1.8
2020,7,July,2,Bihar,2553," KEWALA GHAT,FATUHA, PATNA",6.0,7.9,2.1
2020,8,August,2,Bihar,2553," KEWALA GHAT,FATUHA, PATNA",5.2,7.9,2.4
2020,9,September,1,Bihar,2553," KEWALA GHAT,FATUHA, PATNA",5.4,7.9,2.4
2020,9,September,2,Bihar,2553," KEWALA GHAT,FATUHA, PATNA",6.0,7.8,1.7
2021,1,January,1,Bihar,2553," KEWALA GHAT,FATUHA, PATNA",6.0,7.7,2.0
2021,1,January,2,Bihar,2553," KEWALA GHAT,FATUHA, PATNA",6.5,7.7,4.0
2021,2,February,1,Bihar,2553," KEWALA GHAT,FATUHA, PATNA",6.0,7.44,2.9
2021,2,February,2,Bihar,2553," KEWALA GHAT,FATUHA, PATNA",7.7,7.6,1.8
2021,3,March,1,Bihar,2553," KEWALA GHAT,FATUHA, PATNA",6.3,7.38,2.4
2021,4,April,1,Bihar,2553," KEWALA GHAT,FATUHA, PATNA",5.7,7.72,3.0
2021,4,April,2,Bihar,2553," KEWALA GHAT,FATUHA, PATNA",7.1,7.6,1.8
2021,5,May,1,Bihar,2553," KEWALA GHAT,FATUHA, PATNA",7.6,7.99,2.1
2021,5,May,2,Bihar,2553," KEWALA GHAT,FATUHA, PATNA",6.4,7.43,2.3
2021,6,June,1,Bihar,2553," KEWALA GHAT,FATUHA, PATNA",5.3,8.39,2.6
2021,6,June,2,Bihar,2553," KEWALA GHAT,FATUHA, PATNA",6.0,7.78,2.8
2021,7,July,1,Bihar,2553," KEWALA GHAT,FATUHA, PATNA",5.5,7.2,4.1
2021,7,July,2,Bihar,2553," KEWALA GHAT,FATUHA, PATNA",5.3,8.11,2.8
2021,8,August,1,Bihar,2553," KEWALA GHAT,FATUHA, PATNA",5.9,7.55,2.3
2021,8,August,2,Bihar,2553," KEWALA GHAT,FATUHA, PATNA",5.4,7.84,2.9
2021,9,September,1,Bihar,2553," KEWALA GHAT,FATUHA, PATNA",5.4,8.04,3.0
2021,9,September,2,Bihar,2553," KEWALA GHAT,FATUHA, PATNA",6.0,8.01,2.5
2021,10,October,1,Bihar,2553," KEWALA GHAT,FATUHA, PATNA",5.8,7.92,3.0
2021,10,October,2,Bihar,2553," KEWALA GHAT,FATUHA, PATNA",7.4,8.13,2.0
2021,11,November,1,Bihar,2553," KEWALA GHAT,FATUHA, PATNA",5.3,7.83,3.0
2021,11,November,2,Bihar,2553," KEWALA GHAT,FATUHA, PATNA",7.2,7.93,2.0
2021,12,December,1,Bihar,2553," KEWALA GHAT,FATUHA, PATNA",8.9,7.78,1.8
2022,1,January,1,Bihar,2553," KEWALA GHAT,FATUHA, PATNA",7.0,7.91,1.8
2022,1,January,2,Bihar,2553," KEWALA GHAT,FATUHA, PATNA",7.8,8.3,2.0
2022,2,February,1,Bihar,2553," KEWALA GHAT,FATUHA, PATNA",8.1,8.02,2.3
2022,2,February,2,Bihar,2553," KEWALA GHAT,FATUHA, PATNA",7.2,8.12,2.0
2022,3,March,1,Bihar,2553," KEWALA GHAT,FATUHA, PATNA",7.8,7.74,2.1
2022,3,March,2,Bihar,2553," KEWALA GHAT,FATUHA, PATNA",7.2,7.5,1.8
2022,4,April,1,Bihar,2553," KEWALA GHAT,FATUHA, PATNA",9.2,7.98,1.4
2022,4,April,2,Bihar,2553," KEWALA GHAT,FATUHA, PATNA",7.1,7.41,1.8
2022,5,May,1,Bihar,2553," KEWALA GHAT,FATUHA, PATNA",6.9,8.13,2.2
2022,5,May,2,Bihar,2553," KEWALA GHAT,FATUHA, PATNA",8.7,7.83,1.8
2022,6,June,2,Bihar,2553," KEWALA GHAT,FATUHA, PATNA",5.8,7.88,3.0
2022,7,July,1,Bihar,2553," KEWALA GHAT,FATUHA, PATNA",7.3,7.66,1.6
2022,7,July,2,Bihar,2553," KEWALA GHAT,FATUHA, PATNA",6.4,7.34,2.3
2022,8,August,1,Bihar,2553," KEWALA GHAT,FATUHA, PATNA",6.0,8.01,3.0
2022,8,August,2,Bihar,2553," KEWALA GHAT,FATUHA, PATNA",6.1,7.26,2.5
2022,9,September,1,Bihar,2553," KEWALA GHAT,FATUHA, PATNA",5.8,7.34,2.5
2022,9,September,2,Bihar,2553," KEWALA GHAT,FATUHA, PATNA",6.2,7.47,2.0
2022,10,October,1,Bihar,2553," KEWALA GHAT,FATUHA, PATNA",7.2,7.47,2.0
2022,10,October,2,Bihar,2553," KEWALA GHAT,FATUHA, PATNA",6.9,7.83,2.5
2022,11,November,1,Bihar,2553," KEWALA GHAT,FATUHA, PATNA",6.7,7.52,2.0
2022,11,November,2,Bihar,2553," KEWALA GHAT,FATUHA, PATNA",8.1,7.65,1.3
2022,12,December,1,Bihar,2553," KEWALA GHAT,FATUHA, PATNA",7.5,7.88,1.5
2022,12,December,2,Bihar,2553," KEWALA GHAT,FATUHA, PATNA",8.2,7.79,1.9
2024,1,January,1,Bihar,2553,"FATUHA, A/c OF RIVER PUNPUN",7.5,7.68,2.1
2024,1,January,2,Bihar,2553,"FATUHA, A/c OF RIVER PUNPUN",7.8,7.76,1.4
2024,2,February,2,Bihar,2553,"FATUHA, A/c OF RIVER PUNPUN",7.3,7.57,1.1
2024,3,March,1,Bihar,2553,"FATUHA, A/c OF RIVER PUNPUN",7.6,7.78,1.0
2024,3,March,2,Bihar,2553,"FATUHA, A/c OF RIVER PUNPUN",7.4,7.69,1.2
2024,4,April,1,Bihar,2553,"FATUHA, A/c OF RIVER PUNPUN",7.9,7.67,2.5
2024,4,April,2,Bihar,2553,"FATUHA, A/c OF RIVER PUNPUN",6.9,7.97,2.5
2024,5,May,1,Bihar,2553,"FATUHA, A/c OF RIVER PUNPUN",7.4,7.45,1.1
2024,5,May,2,Bihar,2553,"FATUHA, A/c OF RIVER PUNPUN",8.1,7.45,1.1
2024,6,June,1,Bihar,2553,"FATUHA, A/c OF RIVER PUNPUN",7.5,7.95,1.7
2024,6,June,2,Bihar,2553,"FATUHA, A/c OF RIVER PUNPUN",7.0,8.15,1.7
2024,7,July,2,Bihar,2553,"FATUHA, A/c OF RIVER PUNPUN",7.1,7.68,2.1
2024,8,August,1,Bihar,2553,"FATUHA, A/c OF RIVER PUNPUN",6.8,7.67,2.7
2024,8,August,2,Bihar,2553,"FATUHA, A/c OF RIVER PUNPUN",7.0,7.2,2.2
2024,9,September,1,Bihar,2553,"FATUHA, A/c OF RIVER PUNPUN",6.7,7.7,2.6
2024,9,September,2,Bihar,2553,"FATUHA, A/c OF RIVER PUNPUN",6.1,7.41,1.0
2024,10,October,1,Bihar,2553,"FATUHA, A/c OF RIVER PUNPUN",6.8,7.72,1.7
2024,10,October,2,Bihar,2553,"FATUHA, A/c OF RIVER PUNPUN",6.5,7.7,1.0
2024,11,November,1,Bihar,2553,"FATUHA, A/c OF RIVER PUNPUN",7.3,7.68,1.9
2024,11,November,2,Bihar,2553,"FATUHA, A/c OF RIVER PUNPUN",6.9,7.93,2.1
2024,12,December,1,Bihar,2553,"FATUHA, A/c OF RIVER PUNPUN",7.7,7.6,2.1
2024,12,December,2,Bihar,2553,"FATUHA, A/c OF RIVER PUNPUN",8.1,7.5,1.7
2015,7,July,1,Bihar,2564," THE BALUGHAT, DORIGANJ, SARAN",8.8,8.49,2.8
2015,9,September,1,Bihar,2564," THE BALUGHAT, DORIGANJ, SARAN",8.5,8.45,2.3
2016,5,May,1,Bihar,2564," THE BALUGHAT, DORIGANJ, SARAN",8.3,7.82,2.7
2016,6,June,1,Bihar,2564," THE BALUGHAT, DORIGANJ, SARAN",8.0,8.4,2.6
2016,7,July,1,Bihar,2564," THE BALUGHAT, DORIGANJ, SARAN",8.2,7.84,2.7
2016,8,August,1,Bihar,2564," THE BALUGHAT, DORIGANJ, SARAN",9.6,7.65,2.8
2016,9,September,1,Bihar,2564," THE BALUGHAT, DORIGANJ, SARAN",7.0,7.83,2.4
2016,12,December,1,Bihar,2564," THE BALUGHAT, DORIGANJ, SARAN",8.7,7.85,2.0
2017,1,January,1,Bihar,2564," THE BALUGHAT, DORIGANJ, SARAN",8.6,7.67,2.6
2017,2,February,1,Bihar,2564," THE BALUGHAT, DORIGANJ, SARAN",8.6,7.93,1.8
2017,3,March,1,Bihar,2564," THE BALUGHAT, DORIGANJ, SARAN",8.8,8.2,1.7
2017,4,April,1,Bihar,2564," THE BALUGHAT, DORIGANJ, SARAN",7.8,8.07,1.9
2017,5,May,1,Bihar,2564," THE BALUGHAT, DORIGANJ, SARAN",8.4,7.82,1.8
2017,6,June,1,Bihar,2564," THE BALUGHAT, DORIGANJ, SARAN",8.0,7.79,2.6
2017,7,July,1,Bihar,2564," THE BALUGHAT, DORIGANJ, SARAN",7.7,7.53,2.0
2017,9,September,1,Bihar,2564," THE BALUGHAT, DORIGANJ, SARAN",7.4,7.7,2.2
2017,10,October,1,Bihar,2564," THE BALUGHAT, DORIGANJ, SARAN",8.4,7.96,2.2
2017,11,November,1,Bihar,2564," THE BALUGHAT, DORIGANJ, SARAN",8.0,7.55,2.0
2018,1,January,1,Bihar,2564," THE BALUGHAT, DORIGANJ, SARAN",10.6,7.01,1.6
2018,2,February,1,Bihar,2564," THE BALUGHAT, DORIGANJ, SARAN",9.6,7.86,1.8
2019,1,January,1,Bihar,2564," THE BALUGHAT, DORIGANJ, SARAN",9.8,7.6,1.7
2020,1,January,1,Bihar,2564," THE BALUGHAT, DORIGANJ, SARAN",9.8,8.0,1.5
2020,7,July,2,Bihar,2564," THE BALUGHAT, DORIGANJ, SARAN",6.6,7.7,1.7
2020,8,August,2,Bihar,2564," THE BALUGHAT, DORIGANJ, SARAN",5.8,7.9,2.3
2020,9,September,1,Bihar,2564," THE BALUGHAT, DORIGANJ, SARAN",6.0,8.0,1.8
2020,9,September,2,Bihar,2564," THE BALUGHAT, DORIGANJ, SARAN",5.7,7.9,2.2
2021,1,January,1,Bihar,2564," THE BALUGHAT, DORIGANJ, SARAN",9.5,8.0,1.4
2021,1,January,2,Bihar,2564," THE BALUGHAT, DORIGANJ, SARAN",7.9,7.9,1.9
2021,2,February,1,Bihar,2564," THE BALUGHAT, DORIGANJ, SARAN",9.4,8.18,1.8
2021,2,February,2,Bihar,2564," THE BALUGHAT, DORIGANJ, SARAN",9.7,8.2,1.3
2021,3,March,1,Bihar,2564," THE BALUGHAT, DORIGANJ, SARAN",8.0,7.56,1.3
2021,3,March,2,Bihar,2564," THE BALUGHAT, DORIGANJ, SARAN",9.3,8.1,1.0
2021,4,April,2,Bihar,2564," THE BALUGHAT, DORIGANJ, SARAN",8.2,7.96,2.1
2021,5,May,1,Bihar,2564," THE BALUGHAT, DORIGANJ, SARAN",8.6,7.81,1.1
2021,5,May,2,Bihar,2564," THE BALUGHAT, DORIGANJ, SARAN",8.1,8.1,1.1
2021,6,June,1,Bihar,2564," THE BALUGHAT, DORIGANJ, SARAN",7.5,7.61,1.8
2021,6,June,2,Bihar,2564," THE BALUGHAT, DORIGANJ, SARAN",7.6,7.73,1.4
2021,7,July,1,Bihar,2564," THE BALUGHAT, DORIGANJ, SARAN",6.5,7.61,1.5
2021,7,July,2,Bihar,2564," THE BALUGHAT, DORIGANJ, SARAN",6.1,7.7,1.8
2021,8,August,1,Bihar,2564," THE BALUGHAT, DORIGANJ, SARAN",5.9,7.87,2.5
2021,9,September,1,Bihar,2564," THE BALUGHAT, DORIGANJ, SARAN",7.0,7.84,1.9
2021,9,September,2,Bihar,2564," THE BALUGHAT, DORIGANJ, SARAN",6.5,7.8,2.3
2021,10,October,1,Bihar,2564," THE BALUGHAT, DORIGANJ, SARAN",6.4,7.85,2.9
2021,10,October,2,Bihar,2564," THE BALUGHAT, DORIGANJ, SARAN",7.2,7.19,1.5
2021,11,November,1,Bihar,2564," THE BALUGHAT, DORIGANJ, SARAN",6.5,7.91,2.5
2021,11,November,2,Bihar,2564," THE BALUGHAT, DORIGANJ, SARAN",7.6,8.09,2.5
2021,12,December,1,Bihar,2564," THE BALUGHAT, DORIGANJ, SARAN",6.8,7.32,1.9
2021,12,December,2,Bihar,2564," THE BALUGHAT, DORIGANJ, SARAN",9.8,8.13,1.0
2022,1,January,1,Bihar,2564," THE BALUGHAT, DORIGANJ, SARAN",7.5,8.4,1.6
2022,1,January,2,Bihar,2564," THE BALUGHAT, DORIGANJ, SARAN",9.2,8.39,1.0
2022,2,February,1,Bihar,2564," THE BALUGHAT, DORIGANJ, SARAN",9.9,8.45,1.4
2022,2,February,2,Bihar,2564," THE BALUGHAT, DORIGANJ, SARAN",10.4,8.15,1.0
2022,3,March,1,Bihar,2564," THE BALUGHAT, DORIGANJ, SARAN",7.0,7.6,2.3
2022,3,March,2,Bihar,2564," THE BALUGHAT, DORIGANJ, SARAN",7.0,7.6,2.3
2022,4,April,1,Bihar,2564," THE BALUGHAT, DORIGANJ, SARAN",8.6,8.08,1.8
2022,4,April,2,Bihar,2564," THE BALUGHAT, DORIGANJ, SARAN",8.1,7.57,2.0
2022,5,May,1,Bihar,2564," THE BALUGHAT, DORIGANJ, SARAN",7.9,7.97,2.0
2022,5,May,2,Bihar,2564," THE BALUGHAT, DORIGANJ, SARAN",7.8,7.93,1.9
2022,6,June,1,Bihar,2564," THE BALUGHAT, DORIGANJ, SARAN",7.6,7.79,2.0
2022,7,July,1,Bihar,2564," THE BALUGHAT, DORIGANJ, SARAN",7.8,7.31,1.8
2022,7,July,2,Bihar,2564," THE BALUGHAT, DORIGANJ, SARAN",7.3,7.41,1.8
2022,8,August,1,Bihar,2564," THE BALUGHAT, DORIGANJ, SARAN",7.3,7.41,1.8
2022,8,August,2,Bihar,2564," THE BALUGHAT, DORIGANJ, SARAN",7.3,7.1,2.0
2022,9,September,1,Bihar,2564," THE BALUGHAT, DORIGANJ, SARAN",6.1,7.69,2.5
2022,9,September,2,Bihar,2564," THE BALUGHAT, DORIGANJ, SARAN",7.2,7.08,1.5
2022,10,October,1,Bihar,2564," THE BALUGHAT, DORIGANJ, SARAN",7.6,7.72,1.8
2022,10,October,2,Bihar,2564," THE BALUGHAT, DORIGANJ, SARAN",5.8,7.28,2.9
2022,11,November,1,Bihar,2564," THE BALUGHAT, DORIGANJ, SARAN",7.5,7.84,2.0
2022,11,November,2,Bihar,2564," THE BALUGHAT, DORIGANJ, SARAN",7.5,7.67,2.0
2022,12,December,1,Bihar,2564," THE BALUGHAT, DORIGANJ, SARAN",7.6,7.2,2.1
2022,12,December,2,Bihar,2564," THE BALUGHAT, DORIGANJ, SARAN",8.3,7.28,1.4
2023,1,January,1,Bihar,2564," THE BALUGHAT, DORIGANJ, SARAN",9.0,7.37,1.1
2023,1,January,2,Bihar,2564," THE BALUGHAT, DORIGANJ, SARAN",7.9,8.35,1.0
2023,2,February,1,Bihar,2564," THE BALUGHAT, DORIGANJ, SARAN",7.8,7.71,1.8
2023,3,March,1,Bihar,2564," THE BALUGHAT, DORIGANJ, SARAN",7.5,7.96,2.2
2023,3,March,2,Bihar,2564," THE BALUGHAT, DORIGANJ, SARAN",7.2,7.7,1.9
2023,4,April,1,Bihar,2564," THE BALUGHAT, DORIGANJ, SARAN",7.3,7.82,2.1
2023,4,April,2,Bihar,2564," THE BALUGHAT, DORIGANJ, SARAN",7.9,7.62,1.5
2023,5,May,1,Bihar,2564," THE BALUGHAT, DORIGANJ, SARAN",8.0,7.81,2.0
2023,5,May,2,Bihar,2564," THE BALUGHAT, DORIGANJ, SARAN",7.9,7.96,2.2
2023,6,June,1,Bihar,2564," THE BALUGHAT, DORIGANJ, SARAN",6.7,7.64,2.7
2023,6,June,2,Bihar,2564," THE BALUGHAT, DORIGANJ, SARAN",7.6,7.98,2.8
2023,7,July,1,Bihar,2564," THE BALUGHAT, DORIGANJ, SARAN",6.6,7.73,2.6
2023,7,July,2,Bihar,2564," THE BALUGHAT, DORIGANJ, SARAN",6.6,7.73,2.6
2023,8,August,1,Bihar,2564," THE BALUGHAT, DORIGANJ, SARAN",7.1,8.01,2.2
2023,8,August,2,Bihar,2564," THE BALUGHAT, DORIGANJ, SARAN",7.2,7.73,2.2
2023,9,September,1,Bihar,2564," THE BALUGHAT, DORIGANJ, SARAN",7.3,7.84,1.7
2023,9,September,2,Bihar,2564," THE BALUGHAT, DORIGANJ, SARAN",7.3,7.89,1.9
2023,10,October,1,Bihar,2564," THE BALUGHAT, DORIGANJ, SARAN",7.3,7.9,1.8
2023,10,October,2,Bihar,2564," THE BALUGHAT, DORIGANJ, SARAN",7.4,7.76,1.9
2023,11,November,1,Bihar,2564," THE BALUGHAT, DORIGANJ, SARAN",7.6,7.96,1.9
2023,11,November,2,Bihar,2564," THE BALUGHAT, DORIGANJ, SARAN",7.3,7.85,2.0
2023,12,December,1,Bihar,2564," THE BALUGHAT, DORIGANJ, SARAN",8.7,7.57,1.6
2023,12,December,2,Bihar,2564," THE BALUGHAT, DORIGANJ, SARAN",7.9,7.55,2.0
2024,1,January,1,Bihar,2564,"BALUGHAT, DORIGANJ, SARAN",7.7,7.97,1.9
2024,1,January,2,Bihar,2564,"BALUGHAT, DORIGANJ, SARAN",7.7,7.87,1.7
2024,2,February,1,Bihar,2564,"BALUGHAT, DORIGANJ, SARAN",7.6,7.95,1.6
2024,2,February,2,Bihar,2564,"BALUGHAT, DORIGANJ, SARAN",7.5,7.39,1.6
2024,3,March,1,Bihar,2564,"BALUGHAT, DORIGANJ, SARAN",7.5,7.61,1.5
2024,3,March,2,Bihar,2564,"BALUGHAT, DORIGANJ, SARAN",7.4,7.79,1.0
2024,4,April,1,Bihar,2564,"BALUGHAT, DORIGANJ, SARAN",7.3,7.96,2.2
2024,4,April,2,Bihar,2564,"BALUGHAT, DORIGANJ, SARAN",7.2,7.91,1.9
2024,5,May,1,Bihar,2564,"BALUGHAT, DORIGANJ, SARAN",8.1,7.46,2.0
2024,5,May,2,Bihar,2564,"BALUGHAT, DORIGANJ, SARAN",7.8,8.1,2.0
2024,6,June,1,Bihar,2564,"BALUGHAT, DORIGANJ, SARAN",7.9,7.87,1.0
2024,6,June,2,Bihar,2564,"BALUGHAT, DORIGANJ, SARAN",7.6,7.98,1.0
2024,7,July,1,Bihar,2564,"BALUGHAT, DORIGANJ, SARAN",7.1,7.71,1.2
2024,7,July,2,Bihar,2564,"BALUGHAT, DORIGANJ, SARAN",7.6,7.33,1.7
2024,8,August,1,Bihar,2564,"BALUGHAT, DORIGANJ, SARAN",7.9,7.82,2.6
2024,8,August,2,Bihar,2564,"BALUGHAT, DORIGANJ, SARAN",7.1,7.78,1.8
2024,9,September,1,Bihar,2564,"BALUGHAT, DORIGANJ, SARAN",7.0,7.6,1.6
2024,9,September,2,Bihar,2564,"BALUGHAT, DORIGANJ, SARAN",7.2,7.78,1.7
2024,10,October,1,Bihar,2564,"BALUGHAT, DORIGANJ, SARAN",7.3,7.55,2.0
2024,10,October,2,Bihar,2564,"BALUGHAT, DORIGANJ, SARAN",7.0,7.94,2.0
2024,11,November,1,Bihar,2564,"BALUGHAT, DORIGANJ, SARAN",6.8,7.89,2.1
2024,11,November,2,Bihar,2564,"BALUGHAT, DORIGANJ, SARAN",7.6,7.36,1.1
2024,12,December,1,Bihar,2564,"BALUGHAT, DORIGANJ, SARAN",8.1,7.3,1.2
2024,12,December,2,Bihar,2564,"BALUGHAT, DORIGANJ, SARAN",7.3,7.28,2.0
2014,2,February,1,Uttarakhand,2725,"GANGA RIVER AFTER CONFLUENCE OF RIVER SONG 
NEAR SATYARAYAN TEMPLE D/S RAIWALA, DEHRADUN",6.2,7.71,10.0
2014,3,March,1,Uttarakhand,2725,"GANGA RIVER AFTER CONFLUENCE OF RIVER SONG 
NEAR SATYARAYAN TEMPLE D/S RAIWALA, DEHRADUN",7.0,7.93,12.0
2014,4,April,1,Uttarakhand,2725,"GANGA RIVER AFTER CONFLUENCE OF RIVER SONG 
NEAR SATYARAYAN TEMPLE D/S RAIWALA, DEHRADUN",7.6,7.92,9.2
2014,5,May,1,Uttarakhand,2725,"GANGA RIVER AFTER CONFLUENCE OF RIVER SONG 
NEAR SATYARAYAN TEMPLE D/S RAIWALA, DEHRADUN",7.0,7.68,8.0
2014,6,June,1,Uttarakhand,2725,"GANGA RIVER AFTER CONFLUENCE OF RIVER SONG 
NEAR SATYARAYAN TEMPLE D/S RAIWALA, DEHRADUN",7.2,7.65,4.4
2014,7,July,1,Uttarakhand,2725,"GANGA RIVER AFTER CONFLUENCE OF RIVER SONG 
NEAR SATYARAYAN TEMPLE D/S RAIWALA, DEHRADUN",7.0,7.69,1.8
2014,8,August,1,Uttarakhand,2725,"GANGA RIVER AFTER CONFLUENCE OF RIVER SONG 
NEAR SATYARAYAN TEMPLE D/S RAIWALA, DEHRADUN",7.0,8.7,2.4
2016,1,January,1,Uttarakhand,2725,"GANGA RIVER AFTER CONFLUENCE OF RIVER SONG 
NEAR SATYARAYAN TEMPLE D/S RAIWALA, DEHRADUN",9.2,7.5,1.2
2016,2,February,1,Uttarakhand,2725,"GANGA RIVER AFTER CONFLUENCE OF RIVER SONG 
NEAR SATYARAYAN TEMPLE D/S RAIWALA, DEHRADUN",9.6,7.56,1.0
2016,3,March,1,Uttarakhand,2725,"GANGA RIVER AFTER CONFLUENCE OF RIVER SONG 
NEAR SATYARAYAN TEMPLE D/S RAIWALA, DEHRADUN",9.4,7.42,1.2
2016,4,April,1,Uttarakhand,2725,"GANGA RIVER AFTER CONFLUENCE OF RIVER SONG 
NEAR SATYARAYAN TEMPLE D/S RAIWALA, DEHRADUN",9.2,7.65,1.0
2016,5,May,1,Uttarakhand,2725,"GANGA RIVER AFTER CONFLUENCE OF RIVER SONG 
NEAR SATYARAYAN TEMPLE D/S RAIWALA, DEHRADUN",8.8,7.52,1.0
2016,6,June,1,Uttarakhand,2725,"GANGA RIVER AFTER CONFLUENCE OF RIVER SONG 
NEAR SATYARAYAN TEMPLE D/S RAIWALA, DEHRADUN",7.8,7.43,1.4
2016,7,July,1,Uttarakhand,2725,"GANGA RIVER AFTER CONFLUENCE OF RIVER SONG 
NEAR SATYARAYAN TEMPLE D/S RAIWALA, DEHRADUN",7.6,7.71,1.2
2016,8,August,1,Uttarakhand,2725,"GANGA RIVER AFTER CONFLUENCE OF RIVER SONG 
NEAR SATYARAYAN TEMPLE D/S RAIWALA, DEHRADUN",8.6,7.62,1.0
2016,9,September,1,Uttarakhand,2725,"GANGA RIVER AFTER CONFLUENCE OF RIVER SONG 
NEAR SATYARAYAN TEMPLE D/S RAIWALA, DEHRADUN",8.4,7.6,1.0
2016,10,October,1,Uttarakhand,2725,"GANGA RIVER AFTER CONFLUENCE OF RIVER SONG 
NEAR SATYARAYAN TEMPLE D/S RAIWALA, DEHRADUN",8.0,7.72,1.0
2018,1,January,1,Uttarakhand,2725,"GANGA RIVER AFTER CONFLUENCE OF RIVER SONG 
NEAR SATYARAYAN TEMPLE D/S RAIWALA, DEHRADUN",9.0,7.52,1.0
2018,2,February,1,Uttarakhand,2725,"GANGA RIVER AFTER CONFLUENCE OF RIVER SONG 
NEAR SATYARAYAN TEMPLE D/S RAIWALA, DEHRADUN",8.8,7.84,1.0
2018,3,March,1,Uttarakhand,2725,"GANGA RIVER AFTER CONFLUENCE OF RIVER SONG 
NEAR SATYARAYAN TEMPLE D/S RAIWALA, DEHRADUN",9.4,7.54,1.0
2018,4,April,1,Uttarakhand,2725,"GANGA RIVER AFTER CONFLUENCE OF RIVER SONG 
NEAR SATYARAYAN TEMPLE D/S RAIWALA, DEHRADUN",9.2,7.55,1.2
2018,5,May,1,Uttarakhand,2725,"GANGA RIVER AFTER CONFLUENCE OF RIVER SONG 
NEAR SATYARAYAN TEMPLE D/S RAIWALA, DEHRADUN",8.8,7.48,1.0
2018,6,June,1,Uttarakhand,2725,"GANGA RIVER AFTER CONFLUENCE OF RIVER SONG 
NEAR SATYARAYAN TEMPLE D/S RAIWALA, DEHRADUN",9.2,7.6,1.0
2018,7,July,1,Uttarakhand,2725,"GANGA RIVER AFTER CONFLUENCE OF RIVER SONG 
NEAR SATYARAYAN TEMPLE D/S RAIWALA, DEHRADUN",8.6,7.68,1.2
2018,8,August,1,Uttarakhand,2725,"GANGA RIVER AFTER CONFLUENCE OF RIVER SONG 
NEAR SATYARAYAN TEMPLE D/S RAIWALA, DEHRADUN",8.4,7.62,1.0
2018,9,September,1,Uttarakhand,2725,"GANGA RIVER AFTER CONFLUENCE OF RIVER SONG 
NEAR SATYARAYAN TEMPLE D/S RAIWALA, DEHRADUN",8.4,7.84,1.0
2018,10,October,1,Uttarakhand,2725,"GANGA RIVER AFTER CONFLUENCE OF RIVER SONG 
NEAR SATYARAYAN TEMPLE D/S RAIWALA, DEHRADUN",8.8,7.75,1.2
2018,12,December,1,Uttarakhand,2725,"GANGA RIVER AFTER CONFLUENCE OF RIVER SONG 
NEAR SATYARAYAN TEMPLE D/S RAIWALA, DEHRADUN",8.6,7.89,1.0
2019,1,January,1,Uttarakhand,2725,"GANGA RIVER AFTER CONFLUENCE OF RIVER SONG 
NEAR SATYARAYAN TEMPLE D/S RAIWALA, DEHRADUN",9.4,7.9,1.0
2019,2,February,1,Uttarakhand,2725,"GANGA RIVER AFTER CONFLUENCE OF RIVER SONG 
NEAR SATYARAYAN TEMPLE D/S RAIWALA, DEHRADUN",9.6,7.4,1.0
2019,3,March,1,Uttarakhand,2725,"GANGA RIVER AFTER CONFLUENCE OF RIVER SONG 
NEAR SATYARAYAN TEMPLE D/S RAIWALA, DEHRADUN",9.4,7.5,1.0
2020,1,January,1,Uttarakhand,2725,"GANGA RIVER AFTER CONFLUENCE OF RIVER SONG 
NEAR SATYARAYAN TEMPLE D/S RAIWALA, DEHRADUN",10.2,7.8,1.0
2020,2,February,1,Uttarakhand,2725,"GANGA RIVER AFTER CONFLUENCE OF RIVER SONG 
NEAR SATYARAYAN TEMPLE D/S RAIWALA, DEHRADUN",10.0,8.4,1.0
2020,3,March,1,Uttarakhand,2725,"GANGA RIVER AFTER CONFLUENCE OF RIVER SONG 
NEAR SATYARAYAN TEMPLE D/S RAIWALA, DEHRADUN",10.8,7.9,1.2
2020,4,April,1,Uttarakhand,2725,"GANGA RIVER AFTER CONFLUENCE OF RIVER SONG 
NEAR SATYARAYAN TEMPLE D/S RAIWALA, DEHRADUN",10.6,8.2,1.2
2020,5,May,1,Uttarakhand,2725,"GANGA RIVER AFTER CONFLUENCE OF RIVER SONG 
NEAR SATYARAYAN TEMPLE D/S RAIWALA, DEHRADUN",8.6,7.7,1.2
2020,6,June,1,Uttarakhand,2725,"GANGA RIVER AFTER CONFLUENCE OF RIVER SONG 
NEAR SATYARAYAN TEMPLE D/S RAIWALA, DEHRADUN",8.8,8.0,1.2
2020,7,July,1,Uttarakhand,2725,"GANGA RIVER AFTER CONFLUENCE OF RIVER SONG 
NEAR SATYARAYAN TEMPLE D/S RAIWALA, DEHRADUN",8.6,7.6,1.4
2020,8,August,1,Uttarakhand,2725,"GANGA RIVER AFTER CONFLUENCE OF RIVER SONG 
NEAR SATYARAYAN TEMPLE D/S RAIWALA, DEHRADUN",8.2,8.1,1.6
2020,8,August,2,Uttarakhand,2725,"GANGA RIVER AFTER CONFLUENCE OF RIVER SONG 
NEAR SATYARAYAN TEMPLE D/S RAIWALA, DEHRADUN",9.0,8.1,2.0
2020,9,September,1,Uttarakhand,2725,"GANGA RIVER AFTER CONFLUENCE OF RIVER SONG 
NEAR SATYARAYAN TEMPLE D/S RAIWALA, DEHRADUN",10.6,8.1,1.2
2020,9,September,2,Uttarakhand,2725,"GANGA RIVER AFTER CONFLUENCE OF RIVER SONG 
NEAR SATYARAYAN TEMPLE D/S RAIWALA, DEHRADUN",8.2,8.1,1.2
2020,10,October,1,Uttarakhand,2725,"GANGA RIVER AFTER CONFLUENCE OF RIVER SONG 
NEAR SATYARAYAN TEMPLE D/S RAIWALA, DEHRADUN",8.6,7.1,1.0
2021,1,January,1,Uttarakhand,2725,"GANGA RIVER AFTER CONFLUENCE OF RIVER SONG 
NEAR SATYARAYAN TEMPLE D/S RAIWALA, DEHRADUN",10.0,7.8,1.6
2021,1,January,2,Uttarakhand,2725,"GANGA RIVER AFTER CONFLUENCE OF RIVER SONG 
NEAR SATYARAYAN TEMPLE D/S RAIWALA, DEHRADUN",10.0,7.8,1.8
2021,2,February,1,Uttarakhand,2725,"GANGA RIVER AFTER CONFLUENCE OF RIVER SONG 
NEAR SATYARAYAN TEMPLE D/S RAIWALA, DEHRADUN",10.8,7.23,1.6
2021,2,February,2,Uttarakhand,2725,"GANGA RIVER AFTER CONFLUENCE OF RIVER SONG 
NEAR SATYARAYAN TEMPLE D/S RAIWALA, DEHRADUN",9.6,8.0,1.8
2021,3,March,1,Uttarakhand,2725,"GANGA RIVER AFTER CONFLUENCE OF RIVER SONG 
NEAR SATYARAYAN TEMPLE D/S RAIWALA, DEHRADUN",9.8,8.0,1.6
2021,3,March,2,Uttarakhand,2725,"GANGA RIVER AFTER CONFLUENCE OF RIVER SONG 
NEAR SATYARAYAN TEMPLE D/S RAIWALA, DEHRADUN",9.2,7.7,1.6
2021,4,April,1,Uttarakhand,2725,"GANGA RIVER AFTER CONFLUENCE OF RIVER SONG 
NEAR SATYARAYAN TEMPLE D/S RAIWALA, DEHRADUN",8.2,7.96,1.4
2021,4,April,2,Uttarakhand,2725,"GANGA RIVER AFTER CONFLUENCE OF RIVER SONG 
NEAR SATYARAYAN TEMPLE D/S RAIWALA, DEHRADUN",8.2,7.96,1.4
2021,5,May,1,Uttarakhand,2725,"GANGA RIVER AFTER CONFLUENCE OF RIVER SONG 
NEAR SATYARAYAN TEMPLE D/S RAIWALA, DEHRADUN",9.4,7.9,1.2
2021,5,May,2,Uttarakhand,2725,"GANGA RIVER AFTER CONFLUENCE OF RIVER SONG 
NEAR SATYARAYAN TEMPLE D/S RAIWALA, DEHRADUN",9.2,7.6,1.2
2021,6,June,1,Uttarakhand,2725,"GANGA RIVER AFTER CONFLUENCE OF RIVER SONG 
NEAR SATYARAYAN TEMPLE D/S RAIWALA, DEHRADUN",9.6,7.05,1.4
2021,6,June,2,Uttarakhand,2725,"GANGA RIVER AFTER CONFLUENCE OF RIVER SONG 
NEAR SATYARAYAN TEMPLE D/S RAIWALA, DEHRADUN",9.4,7.4,1.4
2021,7,July,1,Uttarakhand,2725,"GANGA RIVER AFTER CONFLUENCE OF RIVER SONG 
NEAR SATYARAYAN TEMPLE D/S RAIWALA, DEHRADUN",9.2,7.4,1.6
2021,7,July,2,Uttarakhand,2725,"GANGA RIVER AFTER CONFLUENCE OF RIVER SONG 
NEAR SATYARAYAN TEMPLE D/S RAIWALA, DEHRADUN",9.0,7.7,1.6
2021,8,August,1,Uttarakhand,2725,"GANGA RIVER AFTER CONFLUENCE OF RIVER SONG 
NEAR SATYARAYAN TEMPLE D/S RAIWALA, DEHRADUN",9.6,7.95,1.6
2021,8,August,2,Uttarakhand,2725,"GANGA RIVER AFTER CONFLUENCE OF RIVER SONG 
NEAR SATYARAYAN TEMPLE D/S RAIWALA, DEHRADUN",9.2,8.02,1.4
2021,9,September,1,Uttarakhand,2725,"GANGA RIVER AFTER CONFLUENCE OF RIVER SONG 
NEAR SATYARAYAN TEMPLE D/S RAIWALA, DEHRADUN",9.4,7.75,1.0
2021,9,September,2,Uttarakhand,2725,"GANGA RIVER AFTER CONFLUENCE OF RIVER SONG 
NEAR SATYARAYAN TEMPLE D/S RAIWALA, DEHRADUN",9.0,8.16,1.4
2021,10,October,1,Uttarakhand,2725,"GANGA RIVER AFTER CONFLUENCE OF RIVER SONG 
NEAR SATYARAYAN TEMPLE D/S RAIWALA, DEHRADUN",9.0,8.3,1.4
2021,10,October,2,Uttarakhand,2725,"GANGA RIVER AFTER CONFLUENCE OF RIVER SONG 
NEAR SATYARAYAN TEMPLE D/S RAIWALA, DEHRADUN",9.4,7.9,1.2
2021,11,November,1,Uttarakhand,2725,"GANGA RIVER AFTER CONFLUENCE OF RIVER SONG 
NEAR SATYARAYAN TEMPLE D/S RAIWALA, DEHRADUN",9.1,7.6,1.2
2021,11,November,2,Uttarakhand,2725,"GANGA RIVER AFTER CONFLUENCE OF RIVER SONG 
NEAR SATYARAYAN TEMPLE D/S RAIWALA, DEHRADUN",9.8,7.11,1.2
2022,1,January,1,Uttarakhand,2725,"GANGA RIVER AFTER CONFLUENCE OF RIVER SONG 
NEAR SATYARAYAN TEMPLE D/S RAIWALA, DEHRADUN",9.4,7.2,1.4
2022,1,January,2,Uttarakhand,2725,"GANGA RIVER AFTER CONFLUENCE OF RIVER SONG 
NEAR SATYARAYAN TEMPLE D/S RAIWALA, DEHRADUN",9.6,7.56,1.4
2022,2,February,1,Uttarakhand,2725,"GANGA RIVER AFTER CONFLUENCE OF RIVER SONG 
NEAR SATYARAYAN TEMPLE D/S RAIWALA, DEHRADUN",9.2,8.0,1.4
2022,2,February,2,Uttarakhand,2725,"GANGA RIVER AFTER CONFLUENCE OF RIVER SONG 
NEAR SATYARAYAN TEMPLE D/S RAIWALA, DEHRADUN",9.4,7.6,1.4
2022,3,March,1,Uttarakhand,2725,"GANGA RIVER AFTER CONFLUENCE OF RIVER SONG 
NEAR SATYARAYAN TEMPLE D/S RAIWALA, DEHRADUN",10.2,7.9,1.4
2022,3,March,2,Uttarakhand,2725,"GANGA RIVER AFTER CONFLUENCE OF RIVER SONG 
NEAR SATYARAYAN TEMPLE D/S RAIWALA, DEHRADUN",10.0,7.09,1.0
2022,4,April,1,Uttarakhand,2725,"GANGA RIVER AFTER CONFLUENCE OF RIVER SONG 
NEAR SATYARAYAN TEMPLE D/S RAIWALA, DEHRADUN",9.8,7.8,1.4
2022,4,April,2,Uttarakhand,2725,"GANGA RIVER AFTER CONFLUENCE OF RIVER SONG 
NEAR SATYARAYAN TEMPLE D/S RAIWALA, DEHRADUN",9.6,7.42,1.4
2022,5,May,1,Uttarakhand,2725,"GANGA RIVER AFTER CONFLUENCE OF RIVER SONG 
NEAR SATYARAYAN TEMPLE D/S RAIWALA, DEHRADUN",9.0,7.24,1.4
2022,5,May,2,Uttarakhand,2725,"GANGA RIVER AFTER CONFLUENCE OF RIVER SONG 
NEAR SATYARAYAN TEMPLE D/S RAIWALA, DEHRADUN",8.6,7.21,1.4
2022,6,June,1,Uttarakhand,2725,"GANGA RIVER AFTER CONFLUENCE OF RIVER SONG 
NEAR SATYARAYAN TEMPLE D/S RAIWALA, DEHRADUN",9.2,7.36,1.6
2022,6,June,2,Uttarakhand,2725,"GANGA RIVER AFTER CONFLUENCE OF RIVER SONG 
NEAR SATYARAYAN TEMPLE D/S RAIWALA, DEHRADUN",8.8,7.41,1.6
2022,7,July,1,Uttarakhand,2725,"GANGA RIVER AFTER CONFLUENCE OF RIVER SONG 
NEAR SATYARAYAN TEMPLE D/S RAIWALA, DEHRADUN",8.6,7.57,1.6
2022,7,July,2,Uttarakhand,2725,"GANGA RIVER AFTER CONFLUENCE OF RIVER SONG 
NEAR SATYARAYAN TEMPLE D/S RAIWALA, DEHRADUN",8.8,7.65,1.5
2022,8,August,1,Uttarakhand,2725,"GANGA RIVER AFTER CONFLUENCE OF RIVER SONG 
NEAR SATYARAYAN TEMPLE D/S RAIWALA, DEHRADUN",8.6,7.4,1.6
2022,8,August,2,Uttarakhand,2725,"GANGA RIVER AFTER CONFLUENCE OF RIVER SONG 
NEAR SATYARAYAN TEMPLE D/S RAIWALA, DEHRADUN",8.8,8.23,1.5
2022,9,September,1,Uttarakhand,2725,"GANGA RIVER AFTER CONFLUENCE OF RIVER SONG 
NEAR SATYARAYAN TEMPLE D/S RAIWALA, DEHRADUN",9.0,7.9,1.4
2022,9,September,2,Uttarakhand,2725,"GANGA RIVER AFTER CONFLUENCE OF RIVER SONG 
NEAR SATYARAYAN TEMPLE D/S RAIWALA, DEHRADUN",8.8,8.11,1.5
2022,10,October,1,Uttarakhand,2725,"GANGA RIVER AFTER CONFLUENCE OF RIVER SONG 
NEAR SATYARAYAN TEMPLE D/S RAIWALA, DEHRADUN",9.0,8.4,1.4
2023,1,January,1,Uttarakhand,2725,"GANGA RIVER AFTER CONFLUENCE OF RIVER SONG 
NEAR SATYARAYAN TEMPLE D/S RAIWALA, DEHRADUN",9.6,7.09,1.4
2023,1,January,2,Uttarakhand,2725,"GANGA RIVER AFTER CONFLUENCE OF RIVER SONG 
NEAR SATYARAYAN TEMPLE D/S RAIWALA, DEHRADUN",10.0,7.47,1.4
2023,2,February,1,Uttarakhand,2725,"GANGA RIVER AFTER CONFLUENCE OF RIVER SONG 
NEAR SATYARAYAN TEMPLE D/S RAIWALA, DEHRADUN",9.2,8.11,1.4
2023,2,February,2,Uttarakhand,2725,"GANGA RIVER AFTER CONFLUENCE OF RIVER SONG 
NEAR SATYARAYAN TEMPLE D/S RAIWALA, DEHRADUN",9.4,7.34,1.4
2023,3,March,1,Uttarakhand,2725,"GANGA RIVER AFTER CONFLUENCE OF RIVER SONG 
NEAR SATYARAYAN TEMPLE D/S RAIWALA, DEHRADUN",9.2,7.12,1.4
2023,3,March,2,Uttarakhand,2725,"GANGA RIVER AFTER CONFLUENCE OF RIVER SONG 
NEAR SATYARAYAN TEMPLE D/S RAIWALA, DEHRADUN",9.6,8.13,1.0
2023,4,April,1,Uttarakhand,2725,"GANGA RIVER AFTER CONFLUENCE OF RIVER SONG 
NEAR SATYARAYAN TEMPLE D/S RAIWALA, DEHRADUN",9.4,8.45,1.4
2023,4,April,2,Uttarakhand,2725,"GANGA RIVER AFTER CONFLUENCE OF RIVER SONG 
NEAR SATYARAYAN TEMPLE D/S RAIWALA, DEHRADUN",9.2,8.34,1.4
2023,5,May,1,Uttarakhand,2725,"GANGA RIVER AFTER CONFLUENCE OF RIVER SONG 
NEAR SATYARAYAN TEMPLE D/S RAIWALA, DEHRADUN",9.0,8.3,1.4
2023,5,May,2,Uttarakhand,2725,"GANGA RIVER AFTER CONFLUENCE OF RIVER SONG 
NEAR SATYARAYAN TEMPLE D/S RAIWALA, DEHRADUN",9.2,8.1,1.4
2023,6,June,1,Uttarakhand,2725,"GANGA RIVER AFTER CONFLUENCE OF RIVER SONG 
NEAR SATYARAYAN TEMPLE D/S RAIWALA, DEHRADUN",8.8,7.8,1.6
2023,6,June,2,Uttarakhand,2725,"GANGA RIVER AFTER CONFLUENCE OF RIVER SONG 
NEAR SATYARAYAN TEMPLE D/S RAIWALA, DEHRADUN",8.4,7.8,1.6
2023,7,July,1,Uttarakhand,2725,"GANGA RIVER AFTER CONFLUENCE OF RIVER SONG 
NEAR SATYARAYAN TEMPLE D/S RAIWALA, DEHRADUN",8.8,7.86,1.6
2023,7,July,2,Uttarakhand,2725,"GANGA RIVER AFTER CONFLUENCE OF RIVER SONG 
NEAR SATYARAYAN TEMPLE D/S RAIWALA, DEHRADUN",8.4,8.09,1.5
2023,8,August,1,Uttarakhand,2725,"GANGA RIVER AFTER CONFLUENCE OF RIVER SONG 
NEAR SATYARAYAN TEMPLE D/S RAIWALA, DEHRADUN",8.2,8.26,1.6
2023,8,August,2,Uttarakhand,2725,"GANGA RIVER AFTER CONFLUENCE OF RIVER SONG 
NEAR SATYARAYAN TEMPLE D/S RAIWALA, DEHRADUN",8.4,7.3,1.5
2023,9,September,1,Uttarakhand,2725,"GANGA RIVER AFTER CONFLUENCE OF RIVER SONG 
NEAR SATYARAYAN TEMPLE D/S RAIWALA, DEHRADUN",8.4,7.95,1.4
2023,9,September,2,Uttarakhand,2725,"GANGA RIVER AFTER CONFLUENCE OF RIVER SONG 
NEAR SATYARAYAN TEMPLE D/S RAIWALA, DEHRADUN",8.4,7.95,1.5
2023,10,October,1,Uttarakhand,2725,"GANGA RIVER AFTER CONFLUENCE OF RIVER SONG 
NEAR SATYARAYAN TEMPLE D/S RAIWALA, DEHRADUN",8.8,7.6,1.4
2023,11,November,2,Uttarakhand,2725,"GANGA RIVER AFTER CONFLUENCE OF RIVER SONG 
NEAR SATYARAYAN TEMPLE D/S RAIWALA, DEHRADUN",9.0,7.74,1.3
2023,12,December,1,Uttarakhand,2725,"GANGA RIVER AFTER CONFLUENCE OF RIVER SONG 
NEAR SATYARAYAN TEMPLE D/S RAIWALA, DEHRADUN",9.0,7.77,1.2
2024,1,January,1,Uttarakhand,2725,"A/C SONG, D/S RAIWALA",9.2,8.33,1.1
2024,1,January,2,Uttarakhand,2725,"A/C SONG, D/S RAIWALA",9.4,7.87,1.0
2024,2,February,1,Uttarakhand,2725,"A/C SONG, D/S RAIWALA",9.0,8.07,1.3
2024,2,February,2,Uttarakhand,2725,"A/C SONG, D/S RAIWALA",9.2,7.95,1.2
2024,3,March,1,Uttarakhand,2725,"A/C SONG, D/S RAIWALA",8.6,7.91,1.5
2024,3,March,2,Uttarakhand,2725,"A/C SONG, D/S RAIWALA",8.8,7.76,1.3
2024,4,April,1,Uttarakhand,2725,"A/C SONG, D/S RAIWALA",8.4,8.45,1.7
2024,4,April,2,Uttarakhand,2725,"A/C SONG, D/S RAIWALA",8.2,8.19,1.7
2024,5,May,1,Uttarakhand,2725,"A/C SONG, D/S RAIWALA",8.0,8.09,1.8
2024,5,May,2,Uttarakhand,2725,"A/C SONG, D/S RAIWALA",8.0,7.92,1.6
2024,6,June,1,Uttarakhand,2725,"A/C SONG, D/S RAIWALA",8.4,7.74,1.7
2024,6,June,2,Uttarakhand,2725,"A/C SONG, D/S RAIWALA",8.2,8.02,1.7
2024,7,July,1,Uttarakhand,2725,"A/C SONG, D/S RAIWALA",8.2,7.71,1.7
2024,7,July,2,Uttarakhand,2725,"A/C SONG, D/S RAIWALA",7.9,7.91,1.0
2024,8,August,1,Uttarakhand,2725,"A/C SONG, D/S RAIWALA",8.4,7.85,1.4
2024,8,August,2,Uttarakhand,2725,"A/C SONG, D/S RAIWALA",8.8,7.82,1.0
2024,9,September,1,Uttarakhand,2725,"A/C SONG, D/S RAIWALA",8.6,7.96,1.4
2024,9,September,2,Uttarakhand,2725,"A/C SONG, D/S RAIWALA",8.6,7.96,1.4
2024,10,October,1,Uttarakhand,2725,"A/C SONG, D/S RAIWALA",8.4,8.12,1.0
2024,10,October,2,Uttarakhand,2725,"A/C SONG, D/S RAIWALA",8.9,7.89,1.6
2024,11,November,1,Uttarakhand,2725,"A/C SONG, D/S RAIWALA",9.0,8.21,1.4
2024,11,November,2,Uttarakhand,2725,"A/C SONG, D/S RAIWALA",9.1,7.84,1.0
2024,12,December,1,Uttarakhand,2725,"A/C SONG, D/S RAIWALA",9.1,8.22,1.2
2024,12,December,2,Uttarakhand,2725,"A/C SONG, D/S RAIWALA",9.3,8.12,1.0
2014,2,February,1,Uttarakhand,2727,"GANGA AT UPPER GANGA RIVER D/S ROORKEE, HARIDWAR",7.2,7.69,2.2
2014,3,March,1,Uttarakhand,2727,"GANGA AT UPPER GANGA RIVER D/S ROORKEE, HARIDWAR",7.2,8.09,2.4
2014,4,April,1,Uttarakhand,2727,"GANGA AT UPPER GANGA RIVER D/S ROORKEE, HARIDWAR",7.6,7.15,2.8
2014,5,May,1,Uttarakhand,2727,"GANGA AT UPPER GANGA RIVER D/S ROORKEE, HARIDWAR",7.8,7.58,2.4
2014,6,June,1,Uttarakhand,2727,"GANGA AT UPPER GANGA RIVER D/S ROORKEE, HARIDWAR",7.8,7.91,2.2
2014,7,July,1,Uttarakhand,2727,"GANGA AT UPPER GANGA RIVER D/S ROORKEE, HARIDWAR",8.4,7.64,2.4
2014,8,August,1,Uttarakhand,2727,"GANGA AT UPPER GANGA RIVER D/S ROORKEE, HARIDWAR",8.4,7.64,1.8
2016,1,January,1,Uttarakhand,2727,"GANGA AT UPPER GANGA RIVER D/S ROORKEE, HARIDWAR",10.6,7.52,1.2
2016,2,February,1,Uttarakhand,2727,"GANGA AT UPPER GANGA RIVER D/S ROORKEE, HARIDWAR",9.2,7.82,1.2
2016,3,March,1,Uttarakhand,2727,"GANGA AT UPPER GANGA RIVER D/S ROORKEE, HARIDWAR",10.4,7.58,1.0
2016,4,April,1,Uttarakhand,2727,"GANGA AT UPPER GANGA RIVER D/S ROORKEE, HARIDWAR",9.6,7.48,1.0
2016,5,May,1,Uttarakhand,2727,"GANGA AT UPPER GANGA RIVER D/S ROORKEE, HARIDWAR",8.6,7.82,1.0
2016,6,June,1,Uttarakhand,2727,"GANGA AT UPPER GANGA RIVER D/S ROORKEE, HARIDWAR",9.0,7.78,1.2
2016,7,July,1,Uttarakhand,2727,"GANGA AT UPPER GANGA RIVER D/S ROORKEE, HARIDWAR",9.4,7.71,1.0
2016,9,September,1,Uttarakhand,2727,"GANGA AT UPPER GANGA RIVER D/S ROORKEE, HARIDWAR",8.6,7.62,1.0
2016,10,October,1,Uttarakhand,2727,"GANGA AT UPPER GANGA RIVER D/S ROORKEE, HARIDWAR",10.0,7.65,1.0
2017,1,January,1,Uttarakhand,2727,"GANGA AT UPPER GANGA RIVER D/S ROORKEE, HARIDWAR",10.2,7.56,1.0
2017,2,February,1,Uttarakhand,2727,"GANGA AT UPPER GANGA RIVER D/S ROORKEE, HARIDWAR",9.2,7.81,1.0
2017,3,March,1,Uttarakhand,2727,"GANGA AT UPPER GANGA RIVER D/S ROORKEE, HARIDWAR",9.4,7.8,1.0
2017,4,April,1,Uttarakhand,2727,"GANGA AT UPPER GANGA RIVER D/S ROORKEE, HARIDWAR",9.6,7.58,1.0
2017,5,May,1,Uttarakhand,2727,"GANGA AT UPPER GANGA RIVER D/S ROORKEE, HARIDWAR",8.9,7.48,1.0
2017,6,June,1,Uttarakhand,2727,"GANGA AT UPPER GANGA RIVER D/S ROORKEE, HARIDWAR",9.4,7.42,1.0
2017,7,July,1,Uttarakhand,2727,"GANGA AT UPPER GANGA RIVER D/S ROORKEE, HARIDWAR",9.4,7.71,1.0
2017,8,August,1,Uttarakhand,2727,"GANGA AT UPPER GANGA RIVER D/S ROORKEE, HARIDWAR",9.2,8.21,1.0
2017,9,September,1,Uttarakhand,2727,"GANGA AT UPPER GANGA RIVER D/S ROORKEE, HARIDWAR",8.8,7.75,1.0
2017,11,November,1,Uttarakhand,2727,"GANGA AT UPPER GANGA RIVER D/S ROORKEE, HARIDWAR",8.4,7.65,1.0
2018,1,January,1,Uttarakhand,2727,"GANGA AT UPPER GANGA RIVER D/S ROORKEE, HARIDWAR",9.4,7.93,1.0
2018,2,February,1,Uttarakhand,2727,"GANGA AT UPPER GANGA RIVER D/S ROORKEE, HARIDWAR",9.2,7.87,1.0
2018,3,March,1,Uttarakhand,2727,"GANGA AT UPPER GANGA RIVER D/S ROORKEE, HARIDWAR",9.4,7.69,1.0
2018,4,April,1,Uttarakhand,2727,"GANGA AT UPPER GANGA RIVER D/S ROORKEE, HARIDWAR",9.6,7.64,1.0
2018,5,May,1,Uttarakhand,2727,"GANGA AT UPPER GANGA RIVER D/S ROORKEE, HARIDWAR",9.4,7.81,1.0
2018,6,June,1,Uttarakhand,2727,"GANGA AT UPPER GANGA RIVER D/S ROORKEE, HARIDWAR",9.2,8.0,1.0
2018,7,July,1,Uttarakhand,2727,"GANGA AT UPPER GANGA RIVER D/S ROORKEE, HARIDWAR",9.0,7.71,1.0
2018,8,August,1,Uttarakhand,2727,"GANGA AT UPPER GANGA RIVER D/S ROORKEE, HARIDWAR",8.2,8.27,1.0
2018,9,September,1,Uttarakhand,2727,"GANGA AT UPPER GANGA RIVER D/S ROORKEE, HARIDWAR",8.6,8.12,1.0
2018,10,October,1,Uttarakhand,2727,"GANGA AT UPPER GANGA RIVER D/S ROORKEE, HARIDWAR",9.0,8.06,1.0
2021,1,January,1,Uttarakhand,2727,"GANGA AT UPPER GANGA RIVER D/S ROORKEE, HARIDWAR",9.6,7.8,1.4
2021,1,January,2,Uttarakhand,2727,"GANGA AT UPPER GANGA RIVER D/S ROORKEE, HARIDWAR",10.6,7.2,1.2
2021,2,February,1,Uttarakhand,2727,"GANGA AT UPPER GANGA RIVER D/S ROORKEE, HARIDWAR",10.2,6.8,1.4
2021,2,February,2,Uttarakhand,2727,"GANGA AT UPPER GANGA RIVER D/S ROORKEE, HARIDWAR",8.6,7.4,1.6
2021,3,March,1,Uttarakhand,2727,"GANGA AT UPPER GANGA RIVER D/S ROORKEE, HARIDWAR",9.6,8.26,1.4
2021,3,March,2,Uttarakhand,2727,"GANGA AT UPPER GANGA RIVER D/S ROORKEE, HARIDWAR",9.8,8.2,1.2
2021,4,April,1,Uttarakhand,2727,"GANGA AT UPPER GANGA RIVER D/S ROORKEE, HARIDWAR",8.6,7.86,1.2
2021,4,April,2,Uttarakhand,2727,"GANGA AT UPPER GANGA RIVER D/S ROORKEE, HARIDWAR",8.4,7.5,1.4
2021,5,May,1,Uttarakhand,2727,"GANGA AT UPPER GANGA RIVER D/S ROORKEE, HARIDWAR",9.2,7.55,1.2
2021,5,May,2,Uttarakhand,2727,"GANGA AT UPPER GANGA RIVER D/S ROORKEE, HARIDWAR",8.8,8.2,1.4
2021,6,June,1,Uttarakhand,2727,"GANGA AT UPPER GANGA RIVER D/S ROORKEE, HARIDWAR",9.2,7.8,1.8
2021,6,June,2,Uttarakhand,2727,"GANGA AT UPPER GANGA RIVER D/S ROORKEE, HARIDWAR",8.4,7.5,1.6
2021,7,July,1,Uttarakhand,2727,"GANGA AT UPPER GANGA RIVER D/S ROORKEE, HARIDWAR",9.0,7.52,1.4
2021,7,July,2,Uttarakhand,2727,"GANGA AT UPPER GANGA RIVER D/S ROORKEE, HARIDWAR",9.2,8.1,1.2
2021,8,August,1,Uttarakhand,2727,"GANGA AT UPPER GANGA RIVER D/S ROORKEE, HARIDWAR",8.2,7.03,1.4
2021,8,August,2,Uttarakhand,2727,"GANGA AT UPPER GANGA RIVER D/S ROORKEE, HARIDWAR",8.9,6.4,1.6
2021,9,September,2,Uttarakhand,2727,"GANGA AT UPPER GANGA RIVER D/S ROORKEE, HARIDWAR",8.6,7.6,1.0
2021,10,October,1,Uttarakhand,2727,"GANGA AT UPPER GANGA RIVER D/S ROORKEE, HARIDWAR",9.0,7.2,1.5
2021,10,October,2,Uttarakhand,2727,"GANGA AT UPPER GANGA RIVER D/S ROORKEE, HARIDWAR",9.2,7.2,1.2
2021,11,November,1,Uttarakhand,2727,"GANGA AT UPPER GANGA RIVER D/S ROORKEE, HARIDWAR",9.3,7.34,2.0
2021,11,November,2,Uttarakhand,2727,"GANGA AT UPPER GANGA RIVER D/S ROORKEE, HARIDWAR",9.7,7.78,1.0
2022,1,January,1,Uttarakhand,2727,"GANGA AT UPPER GANGA RIVER D/S ROORKEE, HARIDWAR",9.2,8.3,1.4
2022,1,January,2,Uttarakhand,2727,"GANGA AT UPPER GANGA RIVER D/S ROORKEE, HARIDWAR",8.2,7.9,2.2
2022,2,February,1,Uttarakhand,2727,"GANGA AT UPPER GANGA RIVER D/S ROORKEE, HARIDWAR",9.5,7.4,1.2
2022,2,February,2,Uttarakhand,2727,"GANGA AT UPPER GANGA RIVER D/S ROORKEE, HARIDWAR",9.0,7.8,1.5
2022,3,March,1,Uttarakhand,2727,"GANGA AT UPPER GANGA RIVER D/S ROORKEE, HARIDWAR",9.3,7.7,1.2
2022,3,March,2,Uttarakhand,2727,"GANGA AT UPPER GANGA RIVER D/S ROORKEE, HARIDWAR",7.4,7.6,1.8
2022,4,April,2,Uttarakhand,2727,"GANGA AT UPPER GANGA RIVER D/S ROORKEE, HARIDWAR",9.5,7.5,1.1
2022,5,May,1,Uttarakhand,2727,"GANGA AT UPPER GANGA RIVER D/S ROORKEE, HARIDWAR",8.1,7.2,1.2
2022,5,May,2,Uttarakhand,2727,"GANGA AT UPPER GANGA RIVER D/S ROORKEE, HARIDWAR",9.1,7.1,1.6
2022,6,June,1,Uttarakhand,2727,"GANGA AT UPPER GANGA RIVER D/S ROORKEE, HARIDWAR",7.2,7.8,2.8
2022,6,June,2,Uttarakhand,2727,"GANGA AT UPPER GANGA RIVER D/S ROORKEE, HARIDWAR",7.6,8.3,2.4
2022,7,July,1,Uttarakhand,2727,"GANGA AT UPPER GANGA RIVER D/S ROORKEE, HARIDWAR",8.3,8.0,1.5
2022,7,July,2,Uttarakhand,2727,"GANGA AT UPPER GANGA RIVER D/S ROORKEE, HARIDWAR",8.2,7.4,1.7
2022,8,August,1,Uttarakhand,2727,"GANGA AT UPPER GANGA RIVER D/S ROORKEE, HARIDWAR",8.1,8.4,1.2
2022,8,August,2,Uttarakhand,2727,"GANGA AT UPPER GANGA RIVER D/S ROORKEE, HARIDWAR",8.0,7.5,1.4
2022,9,September,1,Uttarakhand,2727,"GANGA AT UPPER GANGA RIVER D/S ROORKEE, HARIDWAR",8.2,7.6,2.8
2022,10,October,1,Uttarakhand,2727,"GANGA AT UPPER GANGA RIVER D/S ROORKEE, HARIDWAR",6.2,8.1,2.0
2023,1,January,1,Uttarakhand,2727,"GANGA AT UPPER GANGA RIVER D/S ROORKEE, HARIDWAR",9.7,7.72,2.2
2023,1,January,2,Uttarakhand,2727,"GANGA AT UPPER GANGA RIVER D/S ROORKEE, HARIDWAR",9.6,7.75,1.6
2023,2,February,1,Uttarakhand,2727,"GANGA AT UPPER GANGA RIVER D/S ROORKEE, HARIDWAR",9.0,7.68,1.5
2023,2,February,2,Uttarakhand,2727,"GANGA AT UPPER GANGA RIVER D/S ROORKEE, HARIDWAR",9.5,8.3,2.0
2023,3,March,1,Uttarakhand,2727,"GANGA AT UPPER GANGA RIVER D/S ROORKEE, HARIDWAR",8.6,8.2,1.6
2023,3,March,2,Uttarakhand,2727,"GANGA AT UPPER GANGA RIVER D/S ROORKEE, HARIDWAR",8.9,8.14,2.4
2023,4,April,1,Uttarakhand,2727,"GANGA AT UPPER GANGA RIVER D/S ROORKEE, HARIDWAR",9.0,8.2,2.2
2023,4,April,2,Uttarakhand,2727,"GANGA AT UPPER GANGA RIVER D/S ROORKEE, HARIDWAR",8.2,8.2,1.6
2023,5,May,1,Uttarakhand,2727,"GANGA AT UPPER GANGA RIVER D/S ROORKEE, HARIDWAR",8.6,7.7,1.2
2023,5,May,2,Uttarakhand,2727,"GANGA AT UPPER GANGA RIVER D/S ROORKEE, HARIDWAR",8.8,7.69,2.2
2023,6,June,1,Uttarakhand,2727,"GANGA AT UPPER GANGA RIVER D/S ROORKEE, HARIDWAR",7.8,8.2,2.0
2023,6,June,2,Uttarakhand,2727,"GANGA AT UPPER GANGA RIVER D/S ROORKEE, HARIDWAR",7.8,8.0,1.9
2023,7,July,1,Uttarakhand,2727,"GANGA AT UPPER GANGA RIVER D/S ROORKEE, HARIDWAR",8.0,8.18,2.2
2023,7,July,2,Uttarakhand,2727,"GANGA AT UPPER GANGA RIVER D/S ROORKEE, HARIDWAR",7.8,8.12,2.2
2023,8,August,1,Uttarakhand,2727,"GANGA AT UPPER GANGA RIVER D/S ROORKEE, HARIDWAR",7.4,7.52,2.4
2023,8,August,2,Uttarakhand,2727,"GANGA AT UPPER GANGA RIVER D/S ROORKEE, HARIDWAR",7.8,7.46,2.2
2023,9,September,1,Uttarakhand,2727,"GANGA AT UPPER GANGA RIVER D/S ROORKEE, HARIDWAR",8.1,7.42,1.8
2023,9,September,2,Uttarakhand,2727,"GANGA AT UPPER GANGA RIVER D/S ROORKEE, HARIDWAR",8.2,7.46,1.6
2023,10,October,2,Uttarakhand,2727,"GANGA AT UPPER GANGA RIVER D/S ROORKEE, HARIDWAR",7.6,8.1,1.9
2023,11,November,2,Uttarakhand,2727,"GANGA AT UPPER GANGA RIVER D/S ROORKEE, HARIDWAR",8.4,7.69,1.8
2023,12,December,1,Uttarakhand,2727,"GANGA AT UPPER GANGA RIVER D/S ROORKEE, HARIDWAR",9.0,7.81,1.4
2024,1,January,1,Uttarakhand,2727, ROORKEE D/S,8.7,7.6,1.4
2024,1,January,2,Uttarakhand,2727, ROORKEE D/S,9.2,7.4,1.4
2024,2,February,1,Uttarakhand,2727, ROORKEE D/S,8.8,7.2,1.6
2024,2,February,2,Uttarakhand,2727, ROORKEE D/S,8.5,8.2,1.4
2024,3,March,1,Uttarakhand,2727, ROORKEE D/S,8.6,7.9,1.8
2024,3,March,2,Uttarakhand,2727, ROORKEE D/S,9.0,7.2,1.4
2024,4,April,1,Uttarakhand,2727, ROORKEE D/S,8.4,8.4,2.2
2024,4,April,2,Uttarakhand,2727, ROORKEE D/S,8.8,7.1,2.0
2024,5,May,1,Uttarakhand,2727, ROORKEE D/S,8.0,7.4,2.4
2024,5,May,2,Uttarakhand,2727, ROORKEE D/S,7.8,7.8,2.2
2024,6,June,1,Uttarakhand,2727, ROORKEE D/S,7.6,7.12,2.4
2024,6,June,2,Uttarakhand,2727, ROORKEE D/S,7.1,7.71,2.2
2024,7,July,2,Uttarakhand,2727, ROORKEE D/S,7.6,7.21,2.6
2024,8,August,1,Uttarakhand,2727, ROORKEE D/S,7.7,7.19,2.1
2024,9,September,1,Uttarakhand,2727, ROORKEE D/S,7.6,7.41,2.4
2024,9,September,2,Uttarakhand,2727, ROORKEE D/S,7.6,7.41,2.4
2024,10,October,1,Uttarakhand,2727, ROORKEE D/S,8.9,8.1,1.2
2024,11,November,1,Uttarakhand,2727, ROORKEE D/S,8.8,8.2,1.4
2024,11,November,2,Uttarakhand,2727, ROORKEE D/S,8.6,7.36,1.4
2024,12,December,1,Uttarakhand,2727, ROORKEE D/S,10.0,7.4,2.0
2024,12,December,2,Uttarakhand,2727, ROORKEE D/S,11.1,7.4,1.6
2017,1,January,1,Bihar,3113, D/S BUXAR NEAR VEER KUNWAR SINGH ROAD BRIDGE,8.6,7.68,0.5
2017,2,February,1,Bihar,3113, D/S BUXAR NEAR VEER KUNWAR SINGH ROAD BRIDGE,9.0,8.08,1.6
2017,3,March,1,Bihar,3113, D/S BUXAR NEAR VEER KUNWAR SINGH ROAD BRIDGE,8.6,8.27,2.4
2017,4,April,1,Bihar,3113, D/S BUXAR NEAR VEER KUNWAR SINGH ROAD BRIDGE,7.5,8.27,2.3
2017,5,May,1,Bihar,3113, D/S BUXAR NEAR VEER KUNWAR SINGH ROAD BRIDGE,7.8,8.13,2.1
2017,6,June,1,Bihar,3113, D/S BUXAR NEAR VEER KUNWAR SINGH ROAD BRIDGE,8.9,8.24,2.5
2017,7,July,1,Bihar,3113, D/S BUXAR NEAR VEER KUNWAR SINGH ROAD BRIDGE,7.2,7.63,2.6
2017,8,August,1,Bihar,3113, D/S BUXAR NEAR VEER KUNWAR SINGH ROAD BRIDGE,7.2,7.41,2.6
2017,9,September,1,Bihar,3113, D/S BUXAR NEAR VEER KUNWAR SINGH ROAD BRIDGE,7.4,8.19,2.6
2017,10,October,1,Bihar,3113, D/S BUXAR NEAR VEER KUNWAR SINGH ROAD BRIDGE,7.6,7.98,2.5
2018,1,January,1,Bihar,3113, D/S BUXAR NEAR VEER KUNWAR SINGH ROAD BRIDGE,9.3,7.92,2.4
2019,1,January,1,Bihar,3113, D/S BUXAR NEAR VEER KUNWAR SINGH ROAD BRIDGE,7.9,7.6,2.2
2020,1,January,1,Bihar,3113, D/S BUXAR NEAR VEER KUNWAR SINGH ROAD BRIDGE,9.0,8.2,1.6
2020,3,March,1,Bihar,3113, D/S BUXAR NEAR VEER KUNWAR SINGH ROAD BRIDGE,9.3,8.2,1.7
2020,4,April,1,Bihar,3113, D/S BUXAR NEAR VEER KUNWAR SINGH ROAD BRIDGE,9.5,8.4,2.0
2020,5,May,1,Bihar,3113, D/S BUXAR NEAR VEER KUNWAR SINGH ROAD BRIDGE,9.5,8.4,2.0
2020,6,June,1,Bihar,3113, D/S BUXAR NEAR VEER KUNWAR SINGH ROAD BRIDGE,7.0,7.8,2.1
2020,8,August,2,Bihar,3113, D/S BUXAR NEAR VEER KUNWAR SINGH ROAD BRIDGE,5.9,7.7,1.7
2020,9,September,1,Bihar,3113, D/S BUXAR NEAR VEER KUNWAR SINGH ROAD BRIDGE,5.6,7.6,2.1
2020,9,September,2,Bihar,3113, D/S BUXAR NEAR VEER KUNWAR SINGH ROAD BRIDGE,5.9,8.2,1.1
2021,1,January,1,Bihar,3113, D/S BUXAR NEAR VEER KUNWAR SINGH ROAD BRIDGE,7.8,7.7,1.7
2021,1,January,2,Bihar,3113, D/S BUXAR NEAR VEER KUNWAR SINGH ROAD BRIDGE,9.0,7.8,1.3
2021,2,February,1,Bihar,3113, D/S BUXAR NEAR VEER KUNWAR SINGH ROAD BRIDGE,10.2,7.8,1.2
2021,2,February,2,Bihar,3113, D/S BUXAR NEAR VEER KUNWAR SINGH ROAD BRIDGE,7.1,7.44,1.9
2021,3,March,1,Bihar,3113, D/S BUXAR NEAR VEER KUNWAR SINGH ROAD BRIDGE,7.2,7.55,1.7
2021,3,March,2,Bihar,3113, D/S BUXAR NEAR VEER KUNWAR SINGH ROAD BRIDGE,7.9,7.54,1.0
2021,4,April,1,Bihar,3113, D/S BUXAR NEAR VEER KUNWAR SINGH ROAD BRIDGE,7.6,7.75,1.9
2021,4,April,2,Bihar,3113, D/S BUXAR NEAR VEER KUNWAR SINGH ROAD BRIDGE,7.9,7.82,2.1
2021,5,May,1,Bihar,3113, D/S BUXAR NEAR VEER KUNWAR SINGH ROAD BRIDGE,6.6,7.55,1.8
2021,5,May,2,Bihar,3113, D/S BUXAR NEAR VEER KUNWAR SINGH ROAD BRIDGE,7.9,7.49,2.1
2021,6,June,1,Bihar,3113, D/S BUXAR NEAR VEER KUNWAR SINGH ROAD BRIDGE,10.7,8.37,6.4
2021,6,June,2,Bihar,3113, D/S BUXAR NEAR VEER KUNWAR SINGH ROAD BRIDGE,6.5,8.33,3.3
2021,7,July,1,Bihar,3113, D/S BUXAR NEAR VEER KUNWAR SINGH ROAD BRIDGE,5.1,7.59,1.8
2021,7,July,2,Bihar,3113, D/S BUXAR NEAR VEER KUNWAR SINGH ROAD BRIDGE,6.5,8.1,1.7
2021,8,August,1,Bihar,3113, D/S BUXAR NEAR VEER KUNWAR SINGH ROAD BRIDGE,5.9,7.7,2.4
2021,8,August,2,Bihar,3113, D/S BUXAR NEAR VEER KUNWAR SINGH ROAD BRIDGE,5.7,7.59,2.8
2021,9,September,1,Bihar,3113, D/S BUXAR NEAR VEER KUNWAR SINGH ROAD BRIDGE,8.0,7.68,1.1
2021,9,September,2,Bihar,3113, D/S BUXAR NEAR VEER KUNWAR SINGH ROAD BRIDGE,6.2,7.65,2.0
2021,10,October,1,Bihar,3113, D/S BUXAR NEAR VEER KUNWAR SINGH ROAD BRIDGE,6.4,7.98,1.8
2021,10,October,2,Bihar,3113, D/S BUXAR NEAR VEER KUNWAR SINGH ROAD BRIDGE,7.2,7.55,1.0
2021,11,November,1,Bihar,3113, D/S BUXAR NEAR VEER KUNWAR SINGH ROAD BRIDGE,5.7,7.88,3.0
2021,11,November,2,Bihar,3113, D/S BUXAR NEAR VEER KUNWAR SINGH ROAD BRIDGE,8.6,7.94,1.9
2021,12,December,1,Bihar,3113, D/S BUXAR NEAR VEER KUNWAR SINGH ROAD BRIDGE,10.0,8.43,1.1
2021,12,December,2,Bihar,3113, D/S BUXAR NEAR VEER KUNWAR SINGH ROAD BRIDGE,10.9,8.21,1.6
2022,1,January,1,Bihar,3113, D/S BUXAR NEAR VEER KUNWAR SINGH ROAD BRIDGE,7.0,8.19,1.9
2022,1,January,2,Bihar,3113, D/S BUXAR NEAR VEER KUNWAR SINGH ROAD BRIDGE,9.5,8.36,1.0
2022,2,February,1,Bihar,3113, D/S BUXAR NEAR VEER KUNWAR SINGH ROAD BRIDGE,11.9,8.36,1.2
2022,2,February,2,Bihar,3113, D/S BUXAR NEAR VEER KUNWAR SINGH ROAD BRIDGE,9.5,7.63,1.0
2022,3,March,1,Bihar,3113, D/S BUXAR NEAR VEER KUNWAR SINGH ROAD BRIDGE,9.2,7.69,1.3
2022,3,March,2,Bihar,3113, D/S BUXAR NEAR VEER KUNWAR SINGH ROAD BRIDGE,8.8,8.42,1.6
2022,4,April,1,Bihar,3113, D/S BUXAR NEAR VEER KUNWAR SINGH ROAD BRIDGE,8.9,7.91,1.0
2022,4,April,2,Bihar,3113, D/S BUXAR NEAR VEER KUNWAR SINGH ROAD BRIDGE,8.9,7.91,1.0
2022,5,May,1,Bihar,3113, D/S BUXAR NEAR VEER KUNWAR SINGH ROAD BRIDGE,8.3,8.27,1.0
2022,5,May,2,Bihar,3113, D/S BUXAR NEAR VEER KUNWAR SINGH ROAD BRIDGE,7.0,8.02,2.1
2022,6,June,2,Bihar,3113, D/S BUXAR NEAR VEER KUNWAR SINGH ROAD BRIDGE,7.3,7.58,1.9
2022,7,July,1,Bihar,3113, D/S BUXAR NEAR VEER KUNWAR SINGH ROAD BRIDGE,7.6,8.06,1.7
2022,7,July,2,Bihar,3113, D/S BUXAR NEAR VEER KUNWAR SINGH ROAD BRIDGE,9.8,7.55,1.0
2022,8,August,1,Bihar,3113, D/S BUXAR NEAR VEER KUNWAR SINGH ROAD BRIDGE,7.4,7.3,2.1
2022,8,August,2,Bihar,3113, D/S BUXAR NEAR VEER KUNWAR SINGH ROAD BRIDGE,7.4,7.76,1.7
2022,9,September,1,Bihar,3113, D/S BUXAR NEAR VEER KUNWAR SINGH ROAD BRIDGE,7.3,7.76,1.7
2022,9,September,2,Bihar,3113, D/S BUXAR NEAR VEER KUNWAR SINGH ROAD BRIDGE,5.8,6.98,2.5
2022,10,October,1,Bihar,3113, D/S BUXAR NEAR VEER KUNWAR SINGH ROAD BRIDGE,6.7,7.51,1.9
2022,10,October,2,Bihar,3113, D/S BUXAR NEAR VEER KUNWAR SINGH ROAD BRIDGE,7.2,7.53,2.2
2022,11,November,1,Bihar,3113, D/S BUXAR NEAR VEER KUNWAR SINGH ROAD BRIDGE,7.8,7.78,2.1
2022,11,November,2,Bihar,3113, D/S BUXAR NEAR VEER KUNWAR SINGH ROAD BRIDGE,8.1,7.48,1.9
2022,12,December,1,Bihar,3113, D/S BUXAR NEAR VEER KUNWAR SINGH ROAD BRIDGE,9.2,7.5,2.0
2022,12,December,2,Bihar,3113, D/S BUXAR NEAR VEER KUNWAR SINGH ROAD BRIDGE,9.6,7.34,1.0
2023,1,January,1,Bihar,3113, D/S BUXAR NEAR VEER KUNWAR SINGH ROAD BRIDGE,8.9,7.33,1.0
2023,1,January,2,Bihar,3113, D/S BUXAR NEAR VEER KUNWAR SINGH ROAD BRIDGE,8.3,8.21,1.9
2023,2,February,1,Bihar,3113, D/S BUXAR NEAR VEER KUNWAR SINGH ROAD BRIDGE,6.5,7.74,2.5
2023,2,February,2,Bihar,3113, D/S BUXAR NEAR VEER KUNWAR SINGH ROAD BRIDGE,8.0,7.74,1.8
2023,3,March,1,Bihar,3113, D/S BUXAR NEAR VEER KUNWAR SINGH ROAD BRIDGE,7.4,7.9,1.6
2023,3,March,2,Bihar,3113, D/S BUXAR NEAR VEER KUNWAR SINGH ROAD BRIDGE,8.2,7.81,1.8
2023,4,April,1,Bihar,3113, D/S BUXAR NEAR VEER KUNWAR SINGH ROAD BRIDGE,8.6,7.54,1.3
2023,4,April,2,Bihar,3113, D/S BUXAR NEAR VEER KUNWAR SINGH ROAD BRIDGE,7.9,7.92,1.9
2023,5,May,1,Bihar,3113, D/S BUXAR NEAR VEER KUNWAR SINGH ROAD BRIDGE,7.7,7.55,2.6
2023,5,May,2,Bihar,3113, D/S BUXAR NEAR VEER KUNWAR SINGH ROAD BRIDGE,8.4,7.98,2.1
2023,6,June,1,Bihar,3113, D/S BUXAR NEAR VEER KUNWAR SINGH ROAD BRIDGE,8.7,7.81,1.0
2023,6,June,2,Bihar,3113, D/S BUXAR NEAR VEER KUNWAR SINGH ROAD BRIDGE,8.3,7.91,1.8
2023,7,July,1,Bihar,3113, D/S BUXAR NEAR VEER KUNWAR SINGH ROAD BRIDGE,7.7,7.56,1.8
2023,7,July,2,Bihar,3113, D/S BUXAR NEAR VEER KUNWAR SINGH ROAD BRIDGE,7.4,7.98,1.5
2023,8,August,1,Bihar,3113, D/S BUXAR NEAR VEER KUNWAR SINGH ROAD BRIDGE,7.4,7.84,1.8
2023,8,August,2,Bihar,3113, D/S BUXAR NEAR VEER KUNWAR SINGH ROAD BRIDGE,7.4,7.83,1.2
2023,9,September,1,Bihar,3113, D/S BUXAR NEAR VEER KUNWAR SINGH ROAD BRIDGE,7.2,7.52,1.4
2023,9,September,2,Bihar,3113, D/S BUXAR NEAR VEER KUNWAR SINGH ROAD BRIDGE,7.7,8.02,1.8
2023,10,October,1,Bihar,3113, D/S BUXAR NEAR VEER KUNWAR SINGH ROAD BRIDGE,7.8,7.61,1.4
2023,10,October,2,Bihar,3113, D/S BUXAR NEAR VEER KUNWAR SINGH ROAD BRIDGE,7.9,7.6,1.4
2023,11,November,1,Bihar,3113, D/S BUXAR NEAR VEER KUNWAR SINGH ROAD BRIDGE,7.8,7.42,1.4
2023,11,November,2,Bihar,3113, D/S BUXAR NEAR VEER KUNWAR SINGH ROAD BRIDGE,7.7,7.58,1.9
2023,12,December,1,Bihar,3113, D/S BUXAR NEAR VEER KUNWAR SINGH ROAD BRIDGE,8.0,7.87,1.1
2023,12,December,2,Bihar,3113, D/S BUXAR NEAR VEER KUNWAR SINGH ROAD BRIDGE,8.1,7.81,1.3
2024,1,January,1,Bihar,3113,BUXAR D/S,8.4,7.66,1.0
2024,1,January,2,Bihar,3113,BUXAR D/S,7.9,7.88,1.4
2024,2,February,1,Bihar,3113,BUXAR D/S,8.2,7.69,1.2
2024,2,February,2,Bihar,3113,BUXAR D/S,8.3,7.59,1.0
2024,3,March,1,Bihar,3113,BUXAR D/S,8.4,7.22,1.0
2024,3,March,2,Bihar,3113,BUXAR D/S,8.0,7.34,1.0
2024,4,April,1,Bihar,3113,BUXAR D/S,8.1,7.78,2.5
2024,4,April,2,Bihar,3113,BUXAR D/S,7.8,7.63,1.4
2024,5,May,1,Bihar,3113,BUXAR D/S,8.2,7.68,1.4
2024,5,May,2,Bihar,3113,BUXAR D/S,7.4,8.1,1.3
2024,6,June,1,Bihar,3113,BUXAR D/S,8.0,7.69,1.0
2024,6,June,2,Bihar,3113,BUXAR D/S,8.3,7.91,1.2
2024,7,July,1,Bihar,3113,BUXAR D/S,8.1,7.7,1.6
2024,7,July,2,Bihar,3113,BUXAR D/S,8.2,7.38,1.9
2024,8,August,1,Bihar,3113,BUXAR D/S,8.0,7.8,2.0
2024,8,August,2,Bihar,3113,BUXAR D/S,7.5,7.32,1.3
2024,9,September,1,Bihar,3113,BUXAR D/S,7.6,7.72,1.5
2024,9,September,2,Bihar,3113,BUXAR D/S,7.7,7.32,2.9
2024,10,October,1,Bihar,3113,BUXAR D/S,7.7,7.34,1.0
2024,10,October,2,Bihar,3113,BUXAR D/S,7.8,7.69,2.0
2024,11,November,1,Bihar,3113,BUXAR D/S,7.6,7.74,1.3
2024,11,November,2,Bihar,3113,BUXAR D/S,7.8,7.43,1.7
2024,12,December,1,Bihar,3113,BUXAR D/S,9.0,7.3,1.2
2024,12,December,2,Bihar,3113,BUXAR D/S,7.9,7.24,1.0
2017,1,January,1,Bihar,3116, U/S MUNGER KASHATHARNI GHAT,7.7,7.8,2.6
2017,2,February,1,Bihar,3116, U/S MUNGER KASHATHARNI GHAT,9.2,8.0,2.0
2017,3,March,1,Bihar,3116, U/S MUNGER KASHATHARNI GHAT,9.2,8.0,2.8
2017,4,April,1,Bihar,3116, U/S MUNGER KASHATHARNI GHAT,8.4,7.9,1.8
2017,5,May,1,Bihar,3116, U/S MUNGER KASHATHARNI GHAT,7.3,8.0,1.8
2017,6,June,1,Bihar,3116, U/S MUNGER KASHATHARNI GHAT,7.4,7.88,1.6
2017,7,July,1,Bihar,3116, U/S MUNGER KASHATHARNI GHAT,7.2,7.8,2.5
2017,8,August,1,Bihar,3116, U/S MUNGER KASHATHARNI GHAT,6.0,7.6,2.8
2017,9,September,1,Bihar,3116, U/S MUNGER KASHATHARNI GHAT,7.6,7.6,2.4
2017,10,October,1,Bihar,3116, U/S MUNGER KASHATHARNI GHAT,7.2,7.6,2.4
2017,12,December,1,Bihar,3116, U/S MUNGER KASHATHARNI GHAT,8.3,7.81,2.1
2018,1,January,1,Bihar,3116, U/S MUNGER KASHATHARNI GHAT,9.6,7.31,2.0
2019,1,January,1,Bihar,3116, U/S MUNGER KASHATHARNI GHAT,9.7,7.8,1.5
2019,2,February,1,Bihar,3116, U/S MUNGER KASHATHARNI GHAT,9.3,7.8,1.9
2019,3,March,1,Bihar,3116, U/S MUNGER KASHATHARNI GHAT,8.5,7.8,2.0
2019,6,June,1,Bihar,3116, U/S MUNGER KASHATHARNI GHAT,6.0,7.8,1.1
2020,8,August,1,Bihar,3116, U/S MUNGER KASHATHARNI GHAT,5.3,7.6,1.7
2020,8,August,2,Bihar,3116, U/S MUNGER KASHATHARNI GHAT,5.4,7.6,1.7
2021,1,January,1,Bihar,3116, U/S MUNGER KASHATHARNI GHAT,9.6,7.8,1.6
2021,1,January,2,Bihar,3116, U/S MUNGER KASHATHARNI GHAT,9.6,7.8,2.1
2021,2,February,1,Bihar,3116, U/S MUNGER KASHATHARNI GHAT,11.1,7.9,1.2
2021,2,February,2,Bihar,3116, U/S MUNGER KASHATHARNI GHAT,9.3,7.75,1.9
2021,3,March,1,Bihar,3116, U/S MUNGER KASHATHARNI GHAT,9.4,7.55,1.1
2021,3,March,2,Bihar,3116, U/S MUNGER KASHATHARNI GHAT,10.4,7.85,1.4
2021,4,April,1,Bihar,3116, U/S MUNGER KASHATHARNI GHAT,9.0,7.98,2.4
2021,4,April,2,Bihar,3116, U/S MUNGER KASHATHARNI GHAT,8.4,8.32,1.6
2021,5,May,1,Bihar,3116, U/S MUNGER KASHATHARNI GHAT,8.5,7.72,1.1
2021,5,May,2,Bihar,3116, U/S MUNGER KASHATHARNI GHAT,9.2,8.52,1.2
2021,6,June,1,Bihar,3116, U/S MUNGER KASHATHARNI GHAT,6.5,7.24,1.2
2021,6,June,2,Bihar,3116, U/S MUNGER KASHATHARNI GHAT,8.9,8.47,1.4
2021,7,July,1,Bihar,3116, U/S MUNGER KASHATHARNI GHAT,7.5,7.44,1.1
2021,7,July,2,Bihar,3116, U/S MUNGER KASHATHARNI GHAT,6.5,7.58,2.0
2021,8,August,1,Bihar,3116, U/S MUNGER KASHATHARNI GHAT,5.4,7.99,2.8
2021,8,August,2,Bihar,3116, U/S MUNGER KASHATHARNI GHAT,6.9,8.02,2.2
2021,9,September,1,Bihar,3116, U/S MUNGER KASHATHARNI GHAT,6.2,7.84,2.2
2021,9,September,2,Bihar,3116, U/S MUNGER KASHATHARNI GHAT,6.7,7.53,1.7
2021,10,October,1,Bihar,3116, U/S MUNGER KASHATHARNI GHAT,6.6,7.74,2.5
2021,10,October,2,Bihar,3116, U/S MUNGER KASHATHARNI GHAT,6.0,7.58,1.2
2021,11,November,1,Bihar,3116, U/S MUNGER KASHATHARNI GHAT,6.8,7.95,2.5
2021,11,November,2,Bihar,3116, U/S MUNGER KASHATHARNI GHAT,7.7,7.79,2.1
2021,12,December,1,Bihar,3116, U/S MUNGER KASHATHARNI GHAT,8.9,7.79,1.5
2021,12,December,2,Bihar,3116, U/S MUNGER KASHATHARNI GHAT,9.3,8.09,1.7
2022,1,January,1,Bihar,3116, U/S MUNGER KASHATHARNI GHAT,7.7,8.3,1.4
2022,1,January,2,Bihar,3116, U/S MUNGER KASHATHARNI GHAT,8.5,8.26,1.0
2022,2,February,1,Bihar,3116, U/S MUNGER KASHATHARNI GHAT,11.0,8.4,1.0
2022,2,February,2,Bihar,3116, U/S MUNGER KASHATHARNI GHAT,9.0,8.16,1.0
2022,3,March,1,Bihar,3116, U/S MUNGER KASHATHARNI GHAT,8.2,7.95,1.2
2022,3,March,2,Bihar,3116, U/S MUNGER KASHATHARNI GHAT,7.5,7.33,1.8
2022,4,April,1,Bihar,3116, U/S MUNGER KASHATHARNI GHAT,7.9,7.79,1.9
2022,4,April,2,Bihar,3116, U/S MUNGER KASHATHARNI GHAT,8.5,7.59,1.3
2022,5,May,1,Bihar,3116, U/S MUNGER KASHATHARNI GHAT,8.4,7.7,1.3
2022,5,May,2,Bihar,3116, U/S MUNGER KASHATHARNI GHAT,9.1,7.62,1.2
2022,6,June,1,Bihar,3116, U/S MUNGER KASHATHARNI GHAT,8.5,8.23,1.6
2022,6,June,2,Bihar,3116, U/S MUNGER KASHATHARNI GHAT,6.8,7.9,2.2
2022,7,July,1,Bihar,3116, U/S MUNGER KASHATHARNI GHAT,6.2,7.64,2.7
2022,7,July,2,Bihar,3116, U/S MUNGER KASHATHARNI GHAT,8.3,7.19,2.1
2022,8,August,1,Bihar,3116, U/S MUNGER KASHATHARNI GHAT,5.8,7.82,2.5
2022,8,August,2,Bihar,3116, U/S MUNGER KASHATHARNI GHAT,6.5,7.67,2.0
2022,9,September,1,Bihar,3116, U/S MUNGER KASHATHARNI GHAT,6.1,7.2,2.1
2022,9,September,2,Bihar,3116, U/S MUNGER KASHATHARNI GHAT,7.5,7.27,1.2
2022,10,October,1,Bihar,3116, U/S MUNGER KASHATHARNI GHAT,5.6,7.64,2.8
2022,10,October,2,Bihar,3116, U/S MUNGER KASHATHARNI GHAT,6.2,7.34,2.6
2022,11,November,1,Bihar,3116, U/S MUNGER KASHATHARNI GHAT,7.6,7.54,1.9
2022,11,November,2,Bihar,3116, U/S MUNGER KASHATHARNI GHAT,8.6,7.74,1.4
2022,12,December,1,Bihar,3116, U/S MUNGER KASHATHARNI GHAT,9.0,7.26,1.0
2022,12,December,2,Bihar,3116, U/S MUNGER KASHATHARNI GHAT,7.6,7.1,1.8
2023,1,January,1,Bihar,3116, U/S MUNGER KASHATHARNI GHAT,9.0,8.29,1.0
2023,1,January,2,Bihar,3116, U/S MUNGER KASHATHARNI GHAT,10.0,8.11,1.1
2023,2,February,1,Bihar,3116, U/S MUNGER KASHATHARNI GHAT,8.4,7.67,2.1
2023,2,February,2,Bihar,3116, U/S MUNGER KASHATHARNI GHAT,9.1,8.15,1.0
2023,3,March,1,Bihar,3116, U/S MUNGER KASHATHARNI GHAT,8.1,7.91,1.3
2023,3,March,2,Bihar,3116, U/S MUNGER KASHATHARNI GHAT,7.5,8.04,1.1
2023,4,April,1,Bihar,3116, U/S MUNGER KASHATHARNI GHAT,8.2,7.95,1.6
2023,4,April,2,Bihar,3116, U/S MUNGER KASHATHARNI GHAT,7.5,7.56,2.0
2023,5,May,1,Bihar,3116, U/S MUNGER KASHATHARNI GHAT,8.3,7.99,1.4
2023,5,May,2,Bihar,3116, U/S MUNGER KASHATHARNI GHAT,8.5,7.71,1.4
2023,6,June,1,Bihar,3116, U/S MUNGER KASHATHARNI GHAT,7.4,7.76,3.0
2023,6,June,2,Bihar,3116, U/S MUNGER KASHATHARNI GHAT,7.8,7.57,1.8
2023,7,July,1,Bihar,3116, U/S MUNGER KASHATHARNI GHAT,6.7,8.17,2.0
2023,7,July,2,Bihar,3116, U/S MUNGER KASHATHARNI GHAT,7.6,7.72,1.4
2023,8,August,1,Bihar,3116, U/S MUNGER KASHATHARNI GHAT,7.4,7.89,1.9
2023,8,August,2,Bihar,3116, U/S MUNGER KASHATHARNI GHAT,7.2,8.01,1.7
2023,9,September,1,Bihar,3116, U/S MUNGER KASHATHARNI GHAT,7.4,7.69,1.3
2023,9,September,2,Bihar,3116, U/S MUNGER KASHATHARNI GHAT,7.5,7.65,1.3
2023,10,October,1,Bihar,3116, U/S MUNGER KASHATHARNI GHAT,7.2,7.81,1.8
2023,10,October,2,Bihar,3116, U/S MUNGER KASHATHARNI GHAT,7.5,7.37,1.3
2023,11,November,1,Bihar,3116, U/S MUNGER KASHATHARNI GHAT,7.6,7.71,1.4
2023,11,November,2,Bihar,3116, U/S MUNGER KASHATHARNI GHAT,8.9,7.44,1.1
2023,12,December,1,Bihar,3116, U/S MUNGER KASHATHARNI GHAT,7.4,7.52,1.8
2023,12,December,2,Bihar,3116, U/S MUNGER KASHATHARNI GHAT,6.7,7.51,2.3
2024,1,January,1,Bihar,3116,U/S MUNGER,8.4,7.54,1.4
2024,1,January,2,Bihar,3116,U/S MUNGER,8.1,7.34,1.4
2024,2,February,1,Bihar,3116,U/S MUNGER,7.2,7.55,1.3
2024,2,February,2,Bihar,3116,U/S MUNGER,8.3,7.62,1.1
2024,3,March,1,Bihar,3116,U/S MUNGER,7.9,7.68,1.0
2024,3,March,2,Bihar,3116,U/S MUNGER,7.7,7.62,1.3
2024,4,April,1,Bihar,3116,U/S MUNGER,8.4,7.7,1.0
2024,4,April,2,Bihar,3116,U/S MUNGER,7.7,7.44,1.3
2024,5,May,1,Bihar,3116,U/S MUNGER,8.7,7.36,1.1
2024,5,May,2,Bihar,3116,U/S MUNGER,8.3,7.44,1.3
2024,6,June,1,Bihar,3116,U/S MUNGER,8.2,7.91,1.3
2024,6,June,2,Bihar,3116,U/S MUNGER,8.1,7.92,1.0
2024,7,July,1,Bihar,3116,U/S MUNGER,7.8,7.3,1.2
2024,7,July,2,Bihar,3116,U/S MUNGER,7.4,7.34,1.6
2024,8,August,1,Bihar,3116,U/S MUNGER,7.7,7.47,1.7
2024,8,August,2,Bihar,3116,U/S MUNGER,7.9,7.4,1.7
2024,9,September,1,Bihar,3116,U/S MUNGER,7.6,7.72,1.8
2024,9,September,2,Bihar,3116,U/S MUNGER,7.6,7.61,1.5
2024,10,October,1,Bihar,3116,U/S MUNGER,7.2,7.4,1.7
2024,10,October,2,Bihar,3116,U/S MUNGER,7.2,7.85,1.9
2024,11,November,1,Bihar,3116,U/S MUNGER,7.4,7.73,1.8
2024,11,November,2,Bihar,3116,U/S MUNGER,8.1,7.46,1.9
2024,12,December,1,Bihar,3116,U/S MUNGER,7.5,7.8,1.1
2024,12,December,2,Bihar,3116,U/S MUNGER,7.6,7.9,1.4
2017,1,January,1,Bihar,3117,"RIVER GANGA AT U/S SULTANGANJ, BHAGALPUR",7.8,7.8,2.8
2017,2,February,1,Bihar,3117,"RIVER GANGA AT U/S SULTANGANJ, BHAGALPUR",9.2,7.8,1.7
2017,3,March,1,Bihar,3117,"RIVER GANGA AT U/S SULTANGANJ, BHAGALPUR",8.2,8.0,1.6
2017,4,April,1,Bihar,3117,"RIVER GANGA AT U/S SULTANGANJ, BHAGALPUR",9.1,7.8,2.0
2017,5,May,1,Bihar,3117,"RIVER GANGA AT U/S SULTANGANJ, BHAGALPUR",7.6,7.8,2.4
2017,6,June,1,Bihar,3117,"RIVER GANGA AT U/S SULTANGANJ, BHAGALPUR",6.7,8.0,2.0
2017,7,July,1,Bihar,3117,"RIVER GANGA AT U/S SULTANGANJ, BHAGALPUR",5.2,7.73,2.8
2017,8,August,1,Bihar,3117,"RIVER GANGA AT U/S SULTANGANJ, BHAGALPUR",6.1,7.8,2.6
2017,9,September,1,Bihar,3117,"RIVER GANGA AT U/S SULTANGANJ, BHAGALPUR",7.5,7.7,2.3
2017,10,October,1,Bihar,3117,"RIVER GANGA AT U/S SULTANGANJ, BHAGALPUR",7.1,7.5,2.5
2017,11,November,1,Bihar,3117,"RIVER GANGA AT U/S SULTANGANJ, BHAGALPUR",8.0,7.6,2.0
2018,1,January,1,Bihar,3117,"RIVER GANGA AT U/S SULTANGANJ, BHAGALPUR",10.6,7.88,1.9
2018,2,February,1,Bihar,3117,"RIVER GANGA AT U/S SULTANGANJ, BHAGALPUR",8.9,7.79,1.8
2018,7,July,1,Bihar,3117,"RIVER GANGA AT U/S SULTANGANJ, BHAGALPUR",7.4,7.6,1.9
2018,9,September,1,Bihar,3117,"RIVER GANGA AT U/S SULTANGANJ, BHAGALPUR",6.5,7.71,2.4
2018,12,December,1,Bihar,3117,"RIVER GANGA AT U/S SULTANGANJ, BHAGALPUR",10.0,8.12,2.3
2019,1,January,1,Bihar,3117,"RIVER GANGA AT U/S SULTANGANJ, BHAGALPUR",9.5,8.1,1.8
2019,2,February,1,Bihar,3117,"RIVER GANGA AT U/S SULTANGANJ, BHAGALPUR",9.2,7.8,1.7
2019,3,March,1,Bihar,3117,"RIVER GANGA AT U/S SULTANGANJ, BHAGALPUR",8.2,7.7,2.3
2019,4,April,1,Bihar,3117,"RIVER GANGA AT U/S SULTANGANJ, BHAGALPUR",7.8,8.1,1.8
2020,1,January,1,Bihar,3117,"RIVER GANGA AT U/S SULTANGANJ, BHAGALPUR",9.6,8.1,1.3
2020,2,February,1,Bihar,3117,"RIVER GANGA AT U/S SULTANGANJ, BHAGALPUR",9.5,7.8,1.7
2020,6,June,1,Bihar,3117,"RIVER GANGA AT U/S SULTANGANJ, BHAGALPUR",6.3,7.7,2.4
2020,8,August,1,Bihar,3117,"RIVER GANGA AT U/S SULTANGANJ, BHAGALPUR",5.2,7.6,2.3
2020,8,August,2,Bihar,3117,"RIVER GANGA AT U/S SULTANGANJ, BHAGALPUR",5.0,7.9,2.6
2020,9,September,1,Bihar,3117,"RIVER GANGA AT U/S SULTANGANJ, BHAGALPUR",6.0,7.8,1.7
2020,9,September,2,Bihar,3117,"RIVER GANGA AT U/S SULTANGANJ, BHAGALPUR",6.9,8.1,1.6
2020,10,October,1,Bihar,3117,"RIVER GANGA AT U/S SULTANGANJ, BHAGALPUR",6.8,8.2,1.5
2020,10,October,2,Bihar,3117,"RIVER GANGA AT U/S SULTANGANJ, BHAGALPUR",7.5,8.0,1.4
2020,11,November,2,Bihar,3117,"RIVER GANGA AT U/S SULTANGANJ, BHAGALPUR",8.3,8.1,2.2
2021,1,January,1,Bihar,3117,"RIVER GANGA AT U/S SULTANGANJ, BHAGALPUR",9.8,7.9,2.0
2021,1,January,2,Bihar,3117,"RIVER GANGA AT U/S SULTANGANJ, BHAGALPUR",9.9,8.0,1.5
2021,2,February,1,Bihar,3117,"RIVER GANGA AT U/S SULTANGANJ, BHAGALPUR",10.4,7.8,1.8
2021,2,February,2,Bihar,3117,"RIVER GANGA AT U/S SULTANGANJ, BHAGALPUR",10.0,7.76,1.6
2021,3,March,1,Bihar,3117,"RIVER GANGA AT U/S SULTANGANJ, BHAGALPUR",8.9,7.52,2.0
2021,3,March,2,Bihar,3117,"RIVER GANGA AT U/S SULTANGANJ, BHAGALPUR",10.3,7.73,1.5
2021,4,April,1,Bihar,3117,"RIVER GANGA AT U/S SULTANGANJ, BHAGALPUR",8.5,8.18,2.2
2021,4,April,2,Bihar,3117,"RIVER GANGA AT U/S SULTANGANJ, BHAGALPUR",8.7,8.19,1.8
2021,5,May,1,Bihar,3117,"RIVER GANGA AT U/S SULTANGANJ, BHAGALPUR",9.1,8.41,1.3
2021,5,May,2,Bihar,3117,"RIVER GANGA AT U/S SULTANGANJ, BHAGALPUR",8.3,7.51,1.2
2021,6,June,1,Bihar,3117,"RIVER GANGA AT U/S SULTANGANJ, BHAGALPUR",7.8,8.44,1.7
2021,6,June,2,Bihar,3117,"RIVER GANGA AT U/S SULTANGANJ, BHAGALPUR",6.4,7.3,1.2
2021,7,July,1,Bihar,3117,"RIVER GANGA AT U/S SULTANGANJ, BHAGALPUR",7.2,7.65,1.2
2021,8,August,2,Bihar,3117,"RIVER GANGA AT U/S SULTANGANJ, BHAGALPUR",7.1,7.65,1.9
2021,9,September,1,Bihar,3117,"RIVER GANGA AT U/S SULTANGANJ, BHAGALPUR",6.9,7.32,1.3
2021,9,September,2,Bihar,3117,"RIVER GANGA AT U/S SULTANGANJ, BHAGALPUR",7.6,7.31,1.6
2021,10,October,1,Bihar,3117,"RIVER GANGA AT U/S SULTANGANJ, BHAGALPUR",6.5,7.72,2.0
2021,10,October,2,Bihar,3117,"RIVER GANGA AT U/S SULTANGANJ, BHAGALPUR",6.6,7.7,2.3
2021,11,November,1,Bihar,3117,"RIVER GANGA AT U/S SULTANGANJ, BHAGALPUR",7.4,8.0,1.7
2021,11,November,2,Bihar,3117,"RIVER GANGA AT U/S SULTANGANJ, BHAGALPUR",7.5,7.72,1.9
2021,12,December,1,Bihar,3117,"RIVER GANGA AT U/S SULTANGANJ, BHAGALPUR",9.1,7.98,1.7
2021,12,December,2,Bihar,3117,"RIVER GANGA AT U/S SULTANGANJ, BHAGALPUR",9.0,7.95,1.3
2022,1,January,1,Bihar,3117,"RIVER GANGA AT U/S SULTANGANJ, BHAGALPUR",8.0,8.28,1.6
2022,1,January,2,Bihar,3117,"RIVER GANGA AT U/S SULTANGANJ, BHAGALPUR",9.5,8.3,1.0
2022,2,February,1,Bihar,3117,"RIVER GANGA AT U/S SULTANGANJ, BHAGALPUR",10.5,8.2,1.0
2022,2,February,2,Bihar,3117,"RIVER GANGA AT U/S SULTANGANJ, BHAGALPUR",8.9,7.99,1.0
2022,3,March,1,Bihar,3117,"RIVER GANGA AT U/S SULTANGANJ, BHAGALPUR",8.1,7.7,1.3
2022,3,March,2,Bihar,3117,"RIVER GANGA AT U/S SULTANGANJ, BHAGALPUR",7.9,7.75,2.0
2022,4,April,1,Bihar,3117,"RIVER GANGA AT U/S SULTANGANJ, BHAGALPUR",8.3,8.17,1.0
2022,4,April,2,Bihar,3117,"RIVER GANGA AT U/S SULTANGANJ, BHAGALPUR",9.5,7.86,1.4
2022,5,May,1,Bihar,3117,"RIVER GANGA AT U/S SULTANGANJ, BHAGALPUR",8.2,7.91,1.6
2022,5,May,2,Bihar,3117,"RIVER GANGA AT U/S SULTANGANJ, BHAGALPUR",8.1,7.77,2.1
2022,6,June,1,Bihar,3117,"RIVER GANGA AT U/S SULTANGANJ, BHAGALPUR",8.9,8.15,1.4
2022,6,June,2,Bihar,3117,"RIVER GANGA AT U/S SULTANGANJ, BHAGALPUR",6.9,7.79,2.0
2022,7,July,1,Bihar,3117,"RIVER GANGA AT U/S SULTANGANJ, BHAGALPUR",6.1,7.72,3.0
2022,7,July,2,Bihar,3117,"RIVER GANGA AT U/S SULTANGANJ, BHAGALPUR",8.1,7.66,1.7
2022,8,August,1,Bihar,3117,"RIVER GANGA AT U/S SULTANGANJ, BHAGALPUR",6.4,7.54,2.1
2022,8,August,2,Bihar,3117,"RIVER GANGA AT U/S SULTANGANJ, BHAGALPUR",6.6,7.34,2.8
2022,9,September,1,Bihar,3117,"RIVER GANGA AT U/S SULTANGANJ, BHAGALPUR",6.0,7.2,2.1
2022,9,September,2,Bihar,3117,"RIVER GANGA AT U/S SULTANGANJ, BHAGALPUR",6.4,7.35,1.7
2022,10,October,1,Bihar,3117,"RIVER GANGA AT U/S SULTANGANJ, BHAGALPUR",5.6,7.58,2.7
2022,10,October,2,Bihar,3117,"RIVER GANGA AT U/S SULTANGANJ, BHAGALPUR",6.8,7.38,1.8
2022,11,November,1,Bihar,3117,"RIVER GANGA AT U/S SULTANGANJ, BHAGALPUR",6.3,7.45,1.8
2022,11,November,2,Bihar,3117,"RIVER GANGA AT U/S SULTANGANJ, BHAGALPUR",8.5,7.28,1.4
2022,12,December,1,Bihar,3117,"RIVER GANGA AT U/S SULTANGANJ, BHAGALPUR",8.8,7.51,1.0
2022,12,December,2,Bihar,3117,"RIVER GANGA AT U/S SULTANGANJ, BHAGALPUR",7.8,7.4,1.7
2023,1,January,1,Bihar,3117,"RIVER GANGA AT U/S SULTANGANJ, BHAGALPUR",9.6,8.31,1.0
2023,1,January,2,Bihar,3117,"RIVER GANGA AT U/S SULTANGANJ, BHAGALPUR",9.8,8.15,1.0
2023,2,February,1,Bihar,3117,"RIVER GANGA AT U/S SULTANGANJ, BHAGALPUR",8.0,8.07,2.3
2023,2,February,2,Bihar,3117,"RIVER GANGA AT U/S SULTANGANJ, BHAGALPUR",7.8,7.38,2.0
2023,3,March,1,Bihar,3117,"RIVER GANGA AT U/S SULTANGANJ, BHAGALPUR",7.3,8.0,1.3
2023,3,March,2,Bihar,3117,"RIVER GANGA AT U/S SULTANGANJ, BHAGALPUR",7.3,7.79,1.1
2023,4,April,1,Bihar,3117,"RIVER GANGA AT U/S SULTANGANJ, BHAGALPUR",8.2,7.88,1.5
2023,4,April,2,Bihar,3117,"RIVER GANGA AT U/S SULTANGANJ, BHAGALPUR",7.6,7.81,2.0
2023,5,May,1,Bihar,3117,"RIVER GANGA AT U/S SULTANGANJ, BHAGALPUR",8.1,8.13,1.9
2023,5,May,2,Bihar,3117,"RIVER GANGA AT U/S SULTANGANJ, BHAGALPUR",8.0,7.39,1.3
2023,6,June,1,Bihar,3117,"RIVER GANGA AT U/S SULTANGANJ, BHAGALPUR",6.7,7.69,2.5
2023,6,June,2,Bihar,3117,"RIVER GANGA AT U/S SULTANGANJ, BHAGALPUR",7.6,7.36,2.0
2023,7,July,1,Bihar,3117,"RIVER GANGA AT U/S SULTANGANJ, BHAGALPUR",6.8,8.12,2.0
2023,7,July,2,Bihar,3117,"RIVER GANGA AT U/S SULTANGANJ, BHAGALPUR",7.8,7.72,1.6
2023,8,August,1,Bihar,3117,"RIVER GANGA AT U/S SULTANGANJ, BHAGALPUR",7.3,7.93,1.7
2023,8,August,2,Bihar,3117,"RIVER GANGA AT U/S SULTANGANJ, BHAGALPUR",7.1,7.95,1.9
2023,9,September,1,Bihar,3117,"RIVER GANGA AT U/S SULTANGANJ, BHAGALPUR",7.5,7.71,1.5
2023,9,September,2,Bihar,3117,"RIVER GANGA AT U/S SULTANGANJ, BHAGALPUR",7.4,7.69,1.3
2023,10,October,1,Bihar,3117,"RIVER GANGA AT U/S SULTANGANJ, BHAGALPUR",7.5,7.79,1.3
2023,10,October,2,Bihar,3117,"RIVER GANGA AT U/S SULTANGANJ, BHAGALPUR",7.8,7.22,1.4
2023,11,November,1,Bihar,3117,"RIVER GANGA AT U/S SULTANGANJ, BHAGALPUR",7.8,7.76,1.3
2023,11,November,2,Bihar,3117,"RIVER GANGA AT U/S SULTANGANJ, BHAGALPUR",8.8,7.23,1.2
2023,12,December,1,Bihar,3117,"RIVER GANGA AT U/S SULTANGANJ, BHAGALPUR",7.2,7.48,1.4
2023,12,December,2,Bihar,3117,"RIVER GANGA AT U/S SULTANGANJ, BHAGALPUR",6.9,7.68,1.8
2024,1,January,1,Bihar,3117,U/S SULTANGANJ,8.5,7.48,1.3
2024,1,January,2,Bihar,3117,U/S SULTANGANJ,7.8,7.41,1.3
2024,2,February,1,Bihar,3117,U/S SULTANGANJ,7.0,7.6,1.9
2024,2,February,2,Bihar,3117,U/S SULTANGANJ,8.2,7.36,1.0
2024,3,March,1,Bihar,3117,U/S SULTANGANJ,8.2,7.72,1.0
2024,3,March,2,Bihar,3117,U/S SULTANGANJ,8.0,7.7,1.0
2024,4,April,1,Bihar,3117,U/S SULTANGANJ,8.0,7.71,1.2
2024,4,April,2,Bihar,3117,U/S SULTANGANJ,7.5,7.47,1.0
2024,5,May,1,Bihar,3117,U/S SULTANGANJ,8.1,7.2,1.6
2024,5,May,2,Bihar,3117,U/S SULTANGANJ,8.1,7.28,1.0
2024,6,June,1,Bihar,3117,U/S SULTANGANJ,8.3,7.6,1.3
2024,6,June,2,Bihar,3117,U/S SULTANGANJ,7.4,7.78,1.6
2024,7,July,1,Bihar,3117,U/S SULTANGANJ,7.6,7.19,1.2
2024,7,July,2,Bihar,3117,U/S SULTANGANJ,7.6,7.25,1.2
2024,8,August,1,Bihar,3117,U/S SULTANGANJ,7.5,7.3,1.9
2024,8,August,2,Bihar,3117,U/S SULTANGANJ,7.6,7.5,1.9
2024,9,September,1,Bihar,3117,U/S SULTANGANJ,7.5,7.43,1.4
2024,9,September,2,Bihar,3117,U/S SULTANGANJ,7.7,7.59,2.8
2024,10,October,1,Bihar,3117,U/S SULTANGANJ,7.0,7.32,1.7
2024,10,October,2,Bihar,3117,U/S SULTANGANJ,6.6,7.67,1.4
2024,11,November,1,Bihar,3117,U/S SULTANGANJ,7.1,7.61,1.1
2024,11,November,2,Bihar,3117,U/S SULTANGANJ,8.6,7.52,1.4
2024,12,December,1,Bihar,3117,U/S SULTANGANJ,7.9,7.56,1.2
2024,12,December,2,Bihar,3117,U/S SULTANGANJ,7.8,7.4,2.2
2017,1,January,1,Bihar,3118, D/S BHAGALPUR NEAR BARARIGHAT,7.8,7.9,2.1
2017,2,February,1,Bihar,3118, D/S BHAGALPUR NEAR BARARIGHAT,9.2,7.8,1.8
2017,3,March,1,Bihar,3118, D/S BHAGALPUR NEAR BARARIGHAT,8.9,8.0,2.6
2017,4,April,1,Bihar,3118, D/S BHAGALPUR NEAR BARARIGHAT,9.1,7.8,2.2
2017,5,May,1,Bihar,3118, D/S BHAGALPUR NEAR BARARIGHAT,6.8,8.0,2.8
2017,6,June,1,Bihar,3118, D/S BHAGALPUR NEAR BARARIGHAT,7.3,7.66,2.3
2017,7,July,1,Bihar,3118, D/S BHAGALPUR NEAR BARARIGHAT,6.8,7.6,2.5
2017,9,September,1,Bihar,3118, D/S BHAGALPUR NEAR BARARIGHAT,7.4,7.6,2.4
2018,1,January,1,Bihar,3118, D/S BHAGALPUR NEAR BARARIGHAT,6.0,7.15,2.7
2018,12,December,1,Bihar,3118, D/S BHAGALPUR NEAR BARARIGHAT,8.4,8.17,2.2
2019,1,January,1,Bihar,3118, D/S BHAGALPUR NEAR BARARIGHAT,8.4,8.1,2.0
2019,7,July,1,Bihar,3118, D/S BHAGALPUR NEAR BARARIGHAT,6.0,7.6,2.4
2020,7,July,2,Bihar,3118, D/S BHAGALPUR NEAR BARARIGHAT,6.0,7.7,2.8
2020,8,August,2,Bihar,3118, D/S BHAGALPUR NEAR BARARIGHAT,6.1,7.5,2.0
2020,9,September,1,Bihar,3118, D/S BHAGALPUR NEAR BARARIGHAT,5.9,7.6,2.1
2020,9,September,2,Bihar,3118, D/S BHAGALPUR NEAR BARARIGHAT,6.3,7.7,1.9
2021,1,January,1,Bihar,3118, D/S BHAGALPUR NEAR BARARIGHAT,3.7,7.6,3.0
2021,1,January,2,Bihar,3118, D/S BHAGALPUR NEAR BARARIGHAT,5.2,7.8,2.4
2021,2,February,1,Bihar,3118, D/S BHAGALPUR NEAR BARARIGHAT,7.8,7.8,3.0
2021,2,February,2,Bihar,3118, D/S BHAGALPUR NEAR BARARIGHAT,7.9,7.76,2.9
2021,3,March,1,Bihar,3118, D/S BHAGALPUR NEAR BARARIGHAT,5.9,7.24,3.2
2021,3,March,2,Bihar,3118, D/S BHAGALPUR NEAR BARARIGHAT,7.5,7.69,6.6
2021,4,April,1,Bihar,3118, D/S BHAGALPUR NEAR BARARIGHAT,10.0,8.54,3.0
2021,4,April,2,Bihar,3118, D/S BHAGALPUR NEAR BARARIGHAT,8.0,8.39,2.9
2021,5,May,1,Bihar,3118, D/S BHAGALPUR NEAR BARARIGHAT,6.1,8.27,2.1
2021,5,May,2,Bihar,3118, D/S BHAGALPUR NEAR BARARIGHAT,7.0,8.4,2.1
2021,6,June,1,Bihar,3118, D/S BHAGALPUR NEAR BARARIGHAT,7.1,7.55,1.9
2021,6,June,2,Bihar,3118, D/S BHAGALPUR NEAR BARARIGHAT,7.1,7.62,1.8
2021,7,July,1,Bihar,3118, D/S BHAGALPUR NEAR BARARIGHAT,6.2,7.05,2.2
2021,7,July,2,Bihar,3118, D/S BHAGALPUR NEAR BARARIGHAT,7.2,7.47,2.0
2021,8,August,1,Bihar,3118, D/S BHAGALPUR NEAR BARARIGHAT,5.8,7.63,2.0
2021,8,August,2,Bihar,3118, D/S BHAGALPUR NEAR BARARIGHAT,6.2,7.65,2.5
2021,9,September,1,Bihar,3118, D/S BHAGALPUR NEAR BARARIGHAT,6.4,7.42,2.4
2021,9,September,2,Bihar,3118, D/S BHAGALPUR NEAR BARARIGHAT,6.8,7.52,1.8
2021,10,October,1,Bihar,3118, D/S BHAGALPUR NEAR BARARIGHAT,6.1,7.15,2.5
2021,10,October,2,Bihar,3118, D/S BHAGALPUR NEAR BARARIGHAT,5.8,7.48,3.0
2021,11,November,1,Bihar,3118, D/S BHAGALPUR NEAR BARARIGHAT,5.9,7.96,3.0
2021,11,November,2,Bihar,3118, D/S BHAGALPUR NEAR BARARIGHAT,5.2,7.19,3.0
2021,12,December,1,Bihar,3118, D/S BHAGALPUR NEAR BARARIGHAT,7.1,7.68,2.0
2021,12,December,2,Bihar,3118, D/S BHAGALPUR NEAR BARARIGHAT,8.2,8.15,1.9
2022,1,January,1,Bihar,3118, D/S BHAGALPUR NEAR BARARIGHAT,9.0,8.13,2.8
2022,2,February,1,Bihar,3118, D/S BHAGALPUR NEAR BARARIGHAT,8.7,8.09,2.3
2022,2,February,2,Bihar,3118, D/S BHAGALPUR NEAR BARARIGHAT,6.2,7.54,3.0
2022,3,March,1,Bihar,3118, D/S BHAGALPUR NEAR BARARIGHAT,6.4,8.0,2.1
2022,3,March,2,Bihar,3118, D/S BHAGALPUR NEAR BARARIGHAT,6.9,7.95,2.3
2022,4,April,1,Bihar,3118, D/S BHAGALPUR NEAR BARARIGHAT,9.9,8.29,2.1
2022,4,April,2,Bihar,3118, D/S BHAGALPUR NEAR BARARIGHAT,7.7,8.19,1.6
2022,5,May,1,Bihar,3118, D/S BHAGALPUR NEAR BARARIGHAT,7.8,7.63,1.7
2022,5,May,2,Bihar,3118, D/S BHAGALPUR NEAR BARARIGHAT,12.5,8.33,3.0
2022,6,June,1,Bihar,3118, D/S BHAGALPUR NEAR BARARIGHAT,7.3,7.22,2.5
2022,6,June,2,Bihar,3118, D/S BHAGALPUR NEAR BARARIGHAT,6.6,8.17,1.9
2022,7,July,1,Bihar,3118, D/S BHAGALPUR NEAR BARARIGHAT,6.3,7.34,2.0
2022,7,July,2,Bihar,3118, D/S BHAGALPUR NEAR BARARIGHAT,9.0,7.54,2.5
2022,8,August,1,Bihar,3118, D/S BHAGALPUR NEAR BARARIGHAT,6.0,7.92,2.5
2022,8,August,2,Bihar,3118, D/S BHAGALPUR NEAR BARARIGHAT,5.5,7.36,2.2
2022,9,September,1,Bihar,3118, D/S BHAGALPUR NEAR BARARIGHAT,7.5,7.26,1.6
2022,9,September,2,Bihar,3118, D/S BHAGALPUR NEAR BARARIGHAT,6.2,7.1,2.1
2022,10,October,1,Bihar,3118, D/S BHAGALPUR NEAR BARARIGHAT,6.0,7.14,2.9
2022,10,October,2,Bihar,3118, D/S BHAGALPUR NEAR BARARIGHAT,6.7,7.32,2.5
2022,11,November,1,Bihar,3118, D/S BHAGALPUR NEAR BARARIGHAT,4.9,7.47,2.6
2022,11,November,2,Bihar,3118, D/S BHAGALPUR NEAR BARARIGHAT,8.4,7.63,2.1
2022,12,December,1,Bihar,3118, D/S BHAGALPUR NEAR BARARIGHAT,8.1,7.63,1.6
2022,12,December,2,Bihar,3118, D/S BHAGALPUR NEAR BARARIGHAT,8.2,7.2,1.4
2023,1,January,1,Bihar,3118, D/S BHAGALPUR NEAR BARARIGHAT,8.8,8.18,1.6
2023,1,January,2,Bihar,3118, D/S BHAGALPUR NEAR BARARIGHAT,9.7,8.01,2.0
2023,2,February,1,Bihar,3118, D/S BHAGALPUR NEAR BARARIGHAT,8.2,7.34,1.2
2023,2,February,2,Bihar,3118, D/S BHAGALPUR NEAR BARARIGHAT,6.8,8.09,2.2
2023,3,March,1,Bihar,3118, D/S BHAGALPUR NEAR BARARIGHAT,7.0,8.11,2.3
2023,3,March,2,Bihar,3118, D/S BHAGALPUR NEAR BARARIGHAT,7.5,7.64,1.5
2023,4,April,1,Bihar,3118, D/S BHAGALPUR NEAR BARARIGHAT,6.7,7.78,1.9
2023,4,April,2,Bihar,3118, D/S BHAGALPUR NEAR BARARIGHAT,5.5,7.61,2.6
2023,7,July,1,Bihar,3118, D/S BHAGALPUR NEAR BARARIGHAT,6.4,7.94,2.4
2023,7,July,2,Bihar,3118, D/S BHAGALPUR NEAR BARARIGHAT,7.0,7.74,1.9
2023,8,August,1,Bihar,3118, D/S BHAGALPUR NEAR BARARIGHAT,6.6,7.62,2.4
2023,8,August,2,Bihar,3118, D/S BHAGALPUR NEAR BARARIGHAT,7.3,7.7,1.9
2023,9,September,1,Bihar,3118, D/S BHAGALPUR NEAR BARARIGHAT,7.1,7.89,2.3
2023,9,September,2,Bihar,3118, D/S BHAGALPUR NEAR BARARIGHAT,7.5,7.8,2.1
2023,10,October,1,Bihar,3118, D/S BHAGALPUR NEAR BARARIGHAT,7.3,7.24,2.2
2023,10,October,2,Bihar,3118, D/S BHAGALPUR NEAR BARARIGHAT,7.2,7.6,1.7
2023,11,November,1,Bihar,3118, D/S BHAGALPUR NEAR BARARIGHAT,7.6,7.78,2.1
2023,11,November,2,Bihar,3118, D/S BHAGALPUR NEAR BARARIGHAT,8.0,7.46,1.1
2023,12,December,1,Bihar,3118, D/S BHAGALPUR NEAR BARARIGHAT,7.3,7.47,2.2
2023,12,December,2,Bihar,3118, D/S BHAGALPUR NEAR BARARIGHAT,6.9,7.58,1.3
2024,1,January,1,Bihar,3118,D/S BHAGALPUR,7.6,7.47,2.1
2024,1,January,2,Bihar,3118,D/S BHAGALPUR,8.2,7.41,1.4
2024,2,February,1,Bihar,3118,D/S BHAGALPUR,8.0,7.65,1.2
2024,2,February,2,Bihar,3118,D/S BHAGALPUR,7.8,7.46,1.4
2024,3,March,1,Bihar,3118,D/S BHAGALPUR,7.2,7.56,1.2
2024,3,March,2,Bihar,3118,D/S BHAGALPUR,7.4,7.56,1.0
2024,4,April,1,Bihar,3118,D/S BHAGALPUR,5.2,7.84,1.2
2024,4,April,2,Bihar,3118,D/S BHAGALPUR,7.1,7.41,1.2
2024,5,May,1,Bihar,3118,D/S BHAGALPUR,8.6,7.29,1.2
2024,5,May,2,Bihar,3118,D/S BHAGALPUR,7.7,7.62,1.2
2024,6,June,1,Bihar,3118,D/S BHAGALPUR,7.2,7.5,1.1
2024,6,June,2,Bihar,3118,D/S BHAGALPUR,7.5,7.78,2.1
2024,7,July,1,Bihar,3118,D/S BHAGALPUR,7.2,7.48,1.7
2024,7,July,2,Bihar,3118,D/S BHAGALPUR,7.1,7.52,1.8
2024,8,August,1,Bihar,3118,D/S BHAGALPUR,7.2,7.33,1.5
2024,8,August,2,Bihar,3118,D/S BHAGALPUR,7.4,7.4,2.1
2024,9,September,1,Bihar,3118,D/S BHAGALPUR,7.4,7.65,1.9
2024,9,September,2,Bihar,3118,D/S BHAGALPUR,7.6,7.44,1.0
2024,10,October,1,Bihar,3118,D/S BHAGALPUR,6.9,7.3,1.0
2024,10,October,2,Bihar,3118,D/S BHAGALPUR,6.5,7.85,1.3
2024,11,November,1,Bihar,3118,D/S BHAGALPUR,7.1,7.88,1.4
2024,11,November,2,Bihar,3118,D/S BHAGALPUR,7.9,7.56,2.2
2024,12,December,1,Bihar,3118,D/S BHAGALPUR,7.8,7.75,1.6
2024,12,December,2,Bihar,3118,D/S BHAGALPUR,6.4,8.01,2.1
2017,1,January,1,Bihar,3122," MALSALAMI, PATNA CITY, PATNA",9.0,7.76,2.9
2017,2,February,1,Bihar,3122," MALSALAMI, PATNA CITY, PATNA",8.8,8.48,2.6
2017,3,March,1,Bihar,3122," MALSALAMI, PATNA CITY, PATNA",9.0,7.96,2.2
2017,4,April,1,Bihar,3122," MALSALAMI, PATNA CITY, PATNA",9.0,8.7,2.7
2017,5,May,1,Bihar,3122," MALSALAMI, PATNA CITY, PATNA",8.2,8.2,2.4
2017,6,June,1,Bihar,3122," MALSALAMI, PATNA CITY, PATNA",7.8,8.43,2.1
2017,7,July,1,Bihar,3122," MALSALAMI, PATNA CITY, PATNA",6.2,7.81,2.6
2017,8,August,1,Bihar,3122," MALSALAMI, PATNA CITY, PATNA",7.4,7.52,2.3
2017,9,September,1,Bihar,3122," MALSALAMI, PATNA CITY, PATNA",7.3,7.8,2.7
2017,10,October,1,Bihar,3122," MALSALAMI, PATNA CITY, PATNA",7.6,7.97,2.2
2017,12,December,1,Bihar,3122," MALSALAMI, PATNA CITY, PATNA",8.0,7.92,2.6
2018,12,December,1,Bihar,3122," MALSALAMI, PATNA CITY, PATNA",8.7,6.9,2.0
2019,1,January,1,Bihar,3122," MALSALAMI, PATNA CITY, PATNA",9.4,7.3,1.9
2020,2,February,1,Bihar,3122," MALSALAMI, PATNA CITY, PATNA",9.8,8.1,1.7
2021,1,January,1,Bihar,3122," MALSALAMI, PATNA CITY, PATNA",9.5,8.2,1.2
2021,1,January,2,Bihar,3122," MALSALAMI, PATNA CITY, PATNA",9.4,8.0,1.6
2021,2,February,1,Bihar,3122," MALSALAMI, PATNA CITY, PATNA",8.7,7.84,1.7
2021,2,February,2,Bihar,3122," MALSALAMI, PATNA CITY, PATNA",10.0,7.9,1.3
2021,3,March,1,Bihar,3122," MALSALAMI, PATNA CITY, PATNA",7.7,7.63,1.7
2021,4,April,1,Bihar,3122," MALSALAMI, PATNA CITY, PATNA",9.0,8.04,1.6
2021,4,April,2,Bihar,3122," MALSALAMI, PATNA CITY, PATNA",9.1,7.94,1.4
2021,5,May,1,Bihar,3122," MALSALAMI, PATNA CITY, PATNA",7.5,7.98,1.1
2021,8,August,2,Bihar,3122," MALSALAMI, PATNA CITY, PATNA",6.2,7.93,2.0
2021,9,September,1,Bihar,3122," MALSALAMI, PATNA CITY, PATNA",6.6,7.77,2.0
2021,9,September,2,Bihar,3122," MALSALAMI, PATNA CITY, PATNA",6.5,8.21,2.5
2021,10,October,1,Bihar,3122," MALSALAMI, PATNA CITY, PATNA",7.4,8.04,1.8
2021,10,October,2,Bihar,3122," MALSALAMI, PATNA CITY, PATNA",7.0,8.16,2.1
2021,11,November,1,Bihar,3122," MALSALAMI, PATNA CITY, PATNA",10.1,8.06,1.4
2022,1,January,1,Bihar,3122," MALSALAMI, PATNA CITY, PATNA",9.0,8.41,1.0
2022,1,January,2,Bihar,3122," MALSALAMI, PATNA CITY, PATNA",8.9,8.15,1.0
2022,2,February,1,Bihar,3122," MALSALAMI, PATNA CITY, PATNA",9.3,8.33,1.0
2022,2,February,2,Bihar,3122," MALSALAMI, PATNA CITY, PATNA",9.4,8.0,1.0
2022,3,March,1,Bihar,3122," MALSALAMI, PATNA CITY, PATNA",10.0,7.79,1.0
2022,3,March,2,Bihar,3122," MALSALAMI, PATNA CITY, PATNA",8.0,7.78,1.8
2022,4,April,1,Bihar,3122," MALSALAMI, PATNA CITY, PATNA",9.6,8.48,1.0
2022,4,April,2,Bihar,3122," MALSALAMI, PATNA CITY, PATNA",7.7,7.97,1.8
2022,5,May,1,Bihar,3122," MALSALAMI, PATNA CITY, PATNA",7.9,7.88,1.9
2022,5,May,2,Bihar,3122," MALSALAMI, PATNA CITY, PATNA",8.8,7.87,1.8
2022,6,June,2,Bihar,3122," MALSALAMI, PATNA CITY, PATNA",7.8,8.21,2.1
2022,7,July,1,Bihar,3122," MALSALAMI, PATNA CITY, PATNA",7.5,7.46,2.1
2022,7,July,2,Bihar,3122," MALSALAMI, PATNA CITY, PATNA",6.9,7.49,2.7
2022,8,August,1,Bihar,3122," MALSALAMI, PATNA CITY, PATNA",5.6,7.18,2.6
2022,8,August,2,Bihar,3122," MALSALAMI, PATNA CITY, PATNA",6.3,7.69,2.6
2022,9,September,1,Bihar,3122," MALSALAMI, PATNA CITY, PATNA",5.9,7.6,2.3
2022,9,September,2,Bihar,3122," MALSALAMI, PATNA CITY, PATNA",6.2,7.16,2.1
2022,10,October,1,Bihar,3122," MALSALAMI, PATNA CITY, PATNA",6.4,7.82,1.7
2022,10,October,2,Bihar,3122," MALSALAMI, PATNA CITY, PATNA",7.3,7.59,1.9
2022,11,November,1,Bihar,3122," MALSALAMI, PATNA CITY, PATNA",6.6,7.62,1.8
2022,11,November,2,Bihar,3122," MALSALAMI, PATNA CITY, PATNA",8.6,7.44,1.3
2022,12,December,1,Bihar,3122," MALSALAMI, PATNA CITY, PATNA",7.7,7.64,1.2
2022,12,December,2,Bihar,3122," MALSALAMI, PATNA CITY, PATNA",8.5,8.05,1.3
2024,1,January,1,Bihar,3122,MALSALAMI (PATNA),7.8,7.33,1.7
2024,1,January,2,Bihar,3122,MALSALAMI (PATNA),7.8,7.78,1.3
2024,2,February,1,Bihar,3122,MALSALAMI (PATNA),7.6,7.38,1.1
2024,2,February,2,Bihar,3122,MALSALAMI (PATNA),7.6,7.38,1.1
2024,3,March,1,Bihar,3122,MALSALAMI (PATNA),7.7,7.75,1.0
2024,3,March,2,Bihar,3122,MALSALAMI (PATNA),7.9,7.55,1.0
2024,4,April,1,Bihar,3122,MALSALAMI (PATNA),7.5,7.47,2.3
2024,4,April,2,Bihar,3122,MALSALAMI (PATNA),7.7,7.52,2.3
2024,5,May,1,Bihar,3122,MALSALAMI (PATNA),8.3,7.63,2.2
2024,5,May,2,Bihar,3122,MALSALAMI (PATNA),8.0,7.63,2.2
2024,6,June,1,Bihar,3122,MALSALAMI (PATNA),7.4,8.17,1.1
2024,6,June,2,Bihar,3122,MALSALAMI (PATNA),7.1,8.12,1.4
2024,7,July,1,Bihar,3122,MALSALAMI (PATNA),7.2,7.45,1.4
2024,7,July,2,Bihar,3122,MALSALAMI (PATNA),7.5,7.33,1.2
2024,8,August,1,Bihar,3122,MALSALAMI (PATNA),6.0,7.6,1.9
2024,8,August,2,Bihar,3122,MALSALAMI (PATNA),7.2,7.2,1.9
2024,9,September,1,Bihar,3122,MALSALAMI (PATNA),6.0,7.1,1.4
2024,9,September,2,Bihar,3122,MALSALAMI (PATNA),6.2,7.52,1.0
2024,10,October,1,Bihar,3122,MALSALAMI (PATNA),6.9,7.72,2.4
2024,10,October,2,Bihar,3122,MALSALAMI (PATNA),7.2,7.8,1.0
2024,11,November,1,Bihar,3122,MALSALAMI (PATNA),7.5,7.82,2.4
2024,11,November,2,Bihar,3122,MALSALAMI (PATNA),7.5,7.72,1.3
2024,12,December,1,Bihar,3122,MALSALAMI (PATNA),8.0,7.81,1.3
2024,12,December,2,Bihar,3122,MALSALAMI (PATNA),8.4,7.8,1.0
2017,1,January,1,Bihar,3123," BARAHIYA, NEPALITOLA, MARANCHI, HATHIDAH AT MOKAMA, PATNA",8.4,8.0,4.2
2017,2,February,1,Bihar,3123," BARAHIYA, NEPALITOLA, MARANCHI, HATHIDAH AT MOKAMA, PATNA",9.2,8.0,1.7
2017,3,March,1,Bihar,3123," BARAHIYA, NEPALITOLA, MARANCHI, HATHIDAH AT MOKAMA, PATNA",6.5,7.49,2.3
2017,4,April,1,Bihar,3123," BARAHIYA, NEPALITOLA, MARANCHI, HATHIDAH AT MOKAMA, PATNA",6.9,7.6,2.4
2017,5,May,1,Bihar,3123," BARAHIYA, NEPALITOLA, MARANCHI, HATHIDAH AT MOKAMA, PATNA",7.7,7.72,2.6
2017,6,June,1,Bihar,3123," BARAHIYA, NEPALITOLA, MARANCHI, HATHIDAH AT MOKAMA, PATNA",8.4,7.61,2.6
2017,7,July,1,Bihar,3123," BARAHIYA, NEPALITOLA, MARANCHI, HATHIDAH AT MOKAMA, PATNA",7.6,7.72,2.3
2017,9,September,1,Bihar,3123," BARAHIYA, NEPALITOLA, MARANCHI, HATHIDAH AT MOKAMA, PATNA",7.5,7.41,2.7
2018,1,January,1,Bihar,3123," BARAHIYA, NEPALITOLA, MARANCHI, HATHIDAH AT MOKAMA, PATNA",9.6,7.55,2.0
2020,7,July,2,Bihar,3123," BARAHIYA, NEPALITOLA, MARANCHI, HATHIDAH AT MOKAMA, PATNA",7.0,7.7,1.6
2020,8,August,2,Bihar,3123," BARAHIYA, NEPALITOLA, MARANCHI, HATHIDAH AT MOKAMA, PATNA",5.5,7.9,2.4
2020,9,September,1,Bihar,3123," BARAHIYA, NEPALITOLA, MARANCHI, HATHIDAH AT MOKAMA, PATNA",6.5,7.8,1.9
2020,9,September,2,Bihar,3123," BARAHIYA, NEPALITOLA, MARANCHI, HATHIDAH AT MOKAMA, PATNA",6.9,8.1,2.1
2021,1,January,1,Bihar,3123," BARAHIYA, NEPALITOLA, MARANCHI, HATHIDAH AT MOKAMA, PATNA",9.5,8.2,1.7
2021,1,January,2,Bihar,3123," BARAHIYA, NEPALITOLA, MARANCHI, HATHIDAH AT MOKAMA, PATNA",9.1,8.1,1.3
2021,2,February,1,Bihar,3123," BARAHIYA, NEPALITOLA, MARANCHI, HATHIDAH AT MOKAMA, PATNA",9.1,8.42,1.9
2021,2,February,2,Bihar,3123," BARAHIYA, NEPALITOLA, MARANCHI, HATHIDAH AT MOKAMA, PATNA",12.8,8.55,1.3
2021,3,March,1,Bihar,3123," BARAHIYA, NEPALITOLA, MARANCHI, HATHIDAH AT MOKAMA, PATNA",9.0,7.35,1.5
2021,3,March,2,Bihar,3123," BARAHIYA, NEPALITOLA, MARANCHI, HATHIDAH AT MOKAMA, PATNA",9.7,8.03,2.1
2021,4,April,1,Bihar,3123," BARAHIYA, NEPALITOLA, MARANCHI, HATHIDAH AT MOKAMA, PATNA",8.0,7.7,2.2
2021,4,April,2,Bihar,3123," BARAHIYA, NEPALITOLA, MARANCHI, HATHIDAH AT MOKAMA, PATNA",9.7,8.5,1.2
2021,5,May,1,Bihar,3123," BARAHIYA, NEPALITOLA, MARANCHI, HATHIDAH AT MOKAMA, PATNA",7.6,7.83,1.2
2021,5,May,2,Bihar,3123," BARAHIYA, NEPALITOLA, MARANCHI, HATHIDAH AT MOKAMA, PATNA",9.0,7.79,1.1
2021,6,June,1,Bihar,3123," BARAHIYA, NEPALITOLA, MARANCHI, HATHIDAH AT MOKAMA, PATNA",5.4,7.57,2.3
2021,6,June,2,Bihar,3123," BARAHIYA, NEPALITOLA, MARANCHI, HATHIDAH AT MOKAMA, PATNA",7.6,7.81,2.3
2021,7,July,1,Bihar,3123," BARAHIYA, NEPALITOLA, MARANCHI, HATHIDAH AT MOKAMA, PATNA",6.8,7.23,1.2
2021,7,July,2,Bihar,3123," BARAHIYA, NEPALITOLA, MARANCHI, HATHIDAH AT MOKAMA, PATNA",6.9,7.63,2.0
2021,8,August,1,Bihar,3123," BARAHIYA, NEPALITOLA, MARANCHI, HATHIDAH AT MOKAMA, PATNA",6.6,7.74,2.3
2021,8,August,2,Bihar,3123," BARAHIYA, NEPALITOLA, MARANCHI, HATHIDAH AT MOKAMA, PATNA",6.4,7.74,1.9
2021,9,September,1,Bihar,3123," BARAHIYA, NEPALITOLA, MARANCHI, HATHIDAH AT MOKAMA, PATNA",7.0,7.66,1.3
2021,9,September,2,Bihar,3123," BARAHIYA, NEPALITOLA, MARANCHI, HATHIDAH AT MOKAMA, PATNA",6.2,7.64,1.6
2021,10,October,1,Bihar,3123," BARAHIYA, NEPALITOLA, MARANCHI, HATHIDAH AT MOKAMA, PATNA",6.8,7.74,2.5
2021,10,October,2,Bihar,3123," BARAHIYA, NEPALITOLA, MARANCHI, HATHIDAH AT MOKAMA, PATNA",5.9,7.39,2.8
2021,11,November,1,Bihar,3123," BARAHIYA, NEPALITOLA, MARANCHI, HATHIDAH AT MOKAMA, PATNA",7.4,7.97,1.7
2021,11,November,2,Bihar,3123," BARAHIYA, NEPALITOLA, MARANCHI, HATHIDAH AT MOKAMA, PATNA",6.4,7.45,2.5
2021,12,December,1,Bihar,3123," BARAHIYA, NEPALITOLA, MARANCHI, HATHIDAH AT MOKAMA, PATNA",9.1,8.15,1.3
2021,12,December,2,Bihar,3123," BARAHIYA, NEPALITOLA, MARANCHI, HATHIDAH AT MOKAMA, PATNA",11.2,8.04,1.6
2022,2,February,1,Bihar,3123," BARAHIYA, NEPALITOLA, MARANCHI, HATHIDAH AT MOKAMA, PATNA",9.9,8.23,1.0
2022,2,February,2,Bihar,3123," BARAHIYA, NEPALITOLA, MARANCHI, HATHIDAH AT MOKAMA, PATNA",13.4,8.12,1.0
2022,3,March,1,Bihar,3123," BARAHIYA, NEPALITOLA, MARANCHI, HATHIDAH AT MOKAMA, PATNA",8.1,7.87,1.4
2022,3,March,2,Bihar,3123," BARAHIYA, NEPALITOLA, MARANCHI, HATHIDAH AT MOKAMA, PATNA",8.5,7.6,1.4
2022,4,April,1,Bihar,3123," BARAHIYA, NEPALITOLA, MARANCHI, HATHIDAH AT MOKAMA, PATNA",8.1,8.13,1.8
2022,4,April,2,Bihar,3123," BARAHIYA, NEPALITOLA, MARANCHI, HATHIDAH AT MOKAMA, PATNA",8.5,8.04,1.7
2022,5,May,1,Bihar,3123," BARAHIYA, NEPALITOLA, MARANCHI, HATHIDAH AT MOKAMA, PATNA",7.3,8.16,1.6
2022,5,May,2,Bihar,3123," BARAHIYA, NEPALITOLA, MARANCHI, HATHIDAH AT MOKAMA, PATNA",8.0,7.57,2.1
2022,6,June,1,Bihar,3123," BARAHIYA, NEPALITOLA, MARANCHI, HATHIDAH AT MOKAMA, PATNA",6.9,7.95,1.8
2022,6,June,2,Bihar,3123," BARAHIYA, NEPALITOLA, MARANCHI, HATHIDAH AT MOKAMA, PATNA",9.2,7.99,2.3
2022,7,July,1,Bihar,3123," BARAHIYA, NEPALITOLA, MARANCHI, HATHIDAH AT MOKAMA, PATNA",6.3,7.25,2.6
2022,7,July,2,Bihar,3123," BARAHIYA, NEPALITOLA, MARANCHI, HATHIDAH AT MOKAMA, PATNA",10.2,7.61,1.0
2022,9,September,1,Bihar,3123," BARAHIYA, NEPALITOLA, MARANCHI, HATHIDAH AT MOKAMA, PATNA",5.1,7.42,2.9
2022,9,September,2,Bihar,3123," BARAHIYA, NEPALITOLA, MARANCHI, HATHIDAH AT MOKAMA, PATNA",7.3,7.33,2.0
2022,10,October,1,Bihar,3123," BARAHIYA, NEPALITOLA, MARANCHI, HATHIDAH AT MOKAMA, PATNA",7.1,7.35,1.5
2022,10,October,2,Bihar,3123," BARAHIYA, NEPALITOLA, MARANCHI, HATHIDAH AT MOKAMA, PATNA",7.6,7.84,1.8
2022,11,November,1,Bihar,3123," BARAHIYA, NEPALITOLA, MARANCHI, HATHIDAH AT MOKAMA, PATNA",6.8,7.68,2.5
2022,11,November,2,Bihar,3123," BARAHIYA, NEPALITOLA, MARANCHI, HATHIDAH AT MOKAMA, PATNA",7.3,7.69,1.7
2022,12,December,1,Bihar,3123," BARAHIYA, NEPALITOLA, MARANCHI, HATHIDAH AT MOKAMA, PATNA",8.0,7.73,2.1
2024,1,January,1,Bihar,3123,BARAHIA,8.2,7.56,1.0
2024,1,January,2,Bihar,3123,BARAHIA,8.2,7.91,1.0
2024,2,February,1,Bihar,3123,BARAHIA,8.3,7.77,1.3
2024,2,February,2,Bihar,3123,BARAHIA,8.2,7.74,1.0
2024,3,March,1,Bihar,3123,BARAHIA,8.3,7.67,1.0
2024,3,March,2,Bihar,3123,BARAHIA,8.1,7.64,1.0
2024,4,April,1,Bihar,3123,BARAHIA,6.9,7.87,1.1
2024,4,April,2,Bihar,3123,BARAHIA,8.4,7.85,1.1
2024,5,May,1,Bihar,3123,BARAHIA,8.8,7.18,1.0
2024,5,May,2,Bihar,3123,BARAHIA,7.4,7.73,1.2
2024,7,July,1,Bihar,3123,BARAHIA,7.3,7.21,1.6
2024,7,July,2,Bihar,3123,BARAHIA,7.3,7.74,1.1
2024,8,August,1,Bihar,3123,BARAHIA,7.0,7.78,1.6
2024,8,August,2,Bihar,3123,BARAHIA,6.8,7.91,1.6
2024,9,September,1,Bihar,3123,BARAHIA,7.2,7.94,1.6
2024,9,September,2,Bihar,3123,BARAHIA,6.9,7.56,1.0
2024,10,October,1,Bihar,3123,BARAHIA,6.5,7.81,1.0
2024,10,October,2,Bihar,3123,BARAHIA,7.7,7.52,1.6
2024,11,November,1,Bihar,3123,BARAHIA,8.5,7.55,1.9
2024,11,November,2,Bihar,3123,BARAHIA,8.5,7.54,1.7
2024,12,December,1,Bihar,3123,BARAHIA,9.5,7.5,1.1
2024,12,December,2,Bihar,3123,BARAHIA,8.0,7.68,2.0
2020,6,June,2,Bihar,4398,"RIVER GANGA AT WATER INTAKE POINT, BHAGALPUR",8.8,7.7,2.4
2020,7,July,2,Bihar,4398,"RIVER GANGA AT WATER INTAKE POINT, BHAGALPUR",6.4,7.6,1.8
2020,8,August,1,Bihar,4398,"RIVER GANGA AT WATER INTAKE POINT, BHAGALPUR",5.5,7.5,2.1
2020,8,August,2,Bihar,4398,"RIVER GANGA AT WATER INTAKE POINT, BHAGALPUR",6.0,7.6,1.8
2021,1,January,1,Bihar,4398,"RIVER GANGA AT WATER INTAKE POINT, BHAGALPUR",6.9,7.6,2.0
2021,1,January,2,Bihar,4398,"RIVER GANGA AT WATER INTAKE POINT, BHAGALPUR",9.8,7.9,3.0
2021,2,February,1,Bihar,4398,"RIVER GANGA AT WATER INTAKE POINT, BHAGALPUR",7.5,7.7,3.2
2021,2,February,2,Bihar,4398,"RIVER GANGA AT WATER INTAKE POINT, BHAGALPUR",7.1,7.87,3.0
2021,3,March,1,Bihar,4398,"RIVER GANGA AT WATER INTAKE POINT, BHAGALPUR",8.4,7.4,3.0
2021,4,April,1,Bihar,4398,"RIVER GANGA AT WATER INTAKE POINT, BHAGALPUR",9.5,8.55,3.1
2021,4,April,2,Bihar,4398,"RIVER GANGA AT WATER INTAKE POINT, BHAGALPUR",8.0,8.1,3.0
2021,5,May,1,Bihar,4398,"RIVER GANGA AT WATER INTAKE POINT, BHAGALPUR",6.4,8.38,2.3
2021,5,May,2,Bihar,4398,"RIVER GANGA AT WATER INTAKE POINT, BHAGALPUR",7.2,8.09,1.9
2021,6,June,1,Bihar,4398,"RIVER GANGA AT WATER INTAKE POINT, BHAGALPUR",7.3,7.74,1.8
2021,6,June,2,Bihar,4398,"RIVER GANGA AT WATER INTAKE POINT, BHAGALPUR",6.9,8.07,1.9
2021,7,July,1,Bihar,4398,"RIVER GANGA AT WATER INTAKE POINT, BHAGALPUR",7.4,7.41,2.2
2021,7,July,2,Bihar,4398,"RIVER GANGA AT WATER INTAKE POINT, BHAGALPUR",6.3,7.31,2.1
2021,8,August,1,Bihar,4398,"RIVER GANGA AT WATER INTAKE POINT, BHAGALPUR",5.8,7.58,2.3
2021,8,August,2,Bihar,4398,"RIVER GANGA AT WATER INTAKE POINT, BHAGALPUR",6.9,7.59,1.7
2021,9,September,1,Bihar,4398,"RIVER GANGA AT WATER INTAKE POINT, BHAGALPUR",6.7,7.29,1.6
2021,9,September,2,Bihar,4398,"RIVER GANGA AT WATER INTAKE POINT, BHAGALPUR",6.2,7.57,2.8
2021,10,October,1,Bihar,4398,"RIVER GANGA AT WATER INTAKE POINT, BHAGALPUR",6.7,7.58,2.1
2021,10,October,2,Bihar,4398,"RIVER GANGA AT WATER INTAKE POINT, BHAGALPUR",5.8,7.63,3.0
2021,11,November,1,Bihar,4398,"RIVER GANGA AT WATER INTAKE POINT, BHAGALPUR",6.7,7.9,2.4
2021,11,November,2,Bihar,4398,"RIVER GANGA AT WATER INTAKE POINT, BHAGALPUR",7.4,7.42,1.6
2021,12,December,1,Bihar,4398,"RIVER GANGA AT WATER INTAKE POINT, BHAGALPUR",8.2,7.32,3.2
2021,12,December,2,Bihar,4398,"RIVER GANGA AT WATER INTAKE POINT, BHAGALPUR",7.7,8.2,2.5
2022,1,January,1,Bihar,4398,"RIVER GANGA AT WATER INTAKE POINT, BHAGALPUR",7.7,8.19,1.9
2022,1,January,2,Bihar,4398,"RIVER GANGA AT WATER INTAKE POINT, BHAGALPUR",9.2,8.01,1.4
2022,2,February,1,Bihar,4398,"RIVER GANGA AT WATER INTAKE POINT, BHAGALPUR",10.0,8.5,2.0
2022,2,February,2,Bihar,4398,"RIVER GANGA AT WATER INTAKE POINT, BHAGALPUR",8.7,7.48,2.9
2022,3,March,1,Bihar,4398,"RIVER GANGA AT WATER INTAKE POINT, BHAGALPUR",7.5,7.79,2.0
2022,3,March,2,Bihar,4398,"RIVER GANGA AT WATER INTAKE POINT, BHAGALPUR",8.0,7.37,2.0
2022,4,April,1,Bihar,4398,"RIVER GANGA AT WATER INTAKE POINT, BHAGALPUR",9.3,8.39,1.7
2022,4,April,2,Bihar,4398,"RIVER GANGA AT WATER INTAKE POINT, BHAGALPUR",7.9,8.02,1.7
2022,5,May,1,Bihar,4398,"RIVER GANGA AT WATER INTAKE POINT, BHAGALPUR",8.0,7.68,1.8
2022,5,May,2,Bihar,4398,"RIVER GANGA AT WATER INTAKE POINT, BHAGALPUR",8.0,7.8,3.0
2022,6,June,1,Bihar,4398,"RIVER GANGA AT WATER INTAKE POINT, BHAGALPUR",7.6,7.62,2.6
2022,6,June,2,Bihar,4398,"RIVER GANGA AT WATER INTAKE POINT, BHAGALPUR",6.3,7.93,2.6
2022,7,July,1,Bihar,4398,"RIVER GANGA AT WATER INTAKE POINT, BHAGALPUR",6.0,7.89,2.8
2022,7,July,2,Bihar,4398,"RIVER GANGA AT WATER INTAKE POINT, BHAGALPUR",8.1,7.22,1.0
2022,8,August,1,Bihar,4398,"RIVER GANGA AT WATER INTAKE POINT, BHAGALPUR",6.2,7.54,2.5
2022,8,August,2,Bihar,4398,"RIVER GANGA AT WATER INTAKE POINT, BHAGALPUR",6.3,7.4,2.4
2022,9,September,1,Bihar,4398,"RIVER GANGA AT WATER INTAKE POINT, BHAGALPUR",6.0,7.19,1.2
2022,9,September,2,Bihar,4398,"RIVER GANGA AT WATER INTAKE POINT, BHAGALPUR",6.2,7.1,2.4
2022,10,October,1,Bihar,4398,"RIVER GANGA AT WATER INTAKE POINT, BHAGALPUR",5.5,7.58,2.5
2022,10,October,2,Bihar,4398,"RIVER GANGA AT WATER INTAKE POINT, BHAGALPUR",6.7,7.28,1.7
2022,11,November,1,Bihar,4398,"RIVER GANGA AT WATER INTAKE POINT, BHAGALPUR",6.1,7.35,2.3
2022,11,November,2,Bihar,4398,"RIVER GANGA AT WATER INTAKE POINT, BHAGALPUR",8.2,7.67,1.5
2022,12,December,1,Bihar,4398,"RIVER GANGA AT WATER INTAKE POINT, BHAGALPUR",8.7,7.38,1.1
2022,12,December,2,Bihar,4398,"RIVER GANGA AT WATER INTAKE POINT, BHAGALPUR",7.8,7.1,1.5
2023,1,January,1,Bihar,4398,"RIVER GANGA AT WATER INTAKE POINT, BHAGALPUR",9.4,8.07,1.0
2023,1,January,2,Bihar,4398,"RIVER GANGA AT WATER INTAKE POINT, BHAGALPUR",9.6,7.97,1.7
2023,2,February,1,Bihar,4398,"RIVER GANGA AT WATER INTAKE POINT, BHAGALPUR",7.5,7.58,2.0
2023,2,February,2,Bihar,4398,"RIVER GANGA AT WATER INTAKE POINT, BHAGALPUR",7.7,7.92,2.1
2023,3,March,1,Bihar,4398,"RIVER GANGA AT WATER INTAKE POINT, BHAGALPUR",7.2,8.04,2.1
2023,3,March,2,Bihar,4398,"RIVER GANGA AT WATER INTAKE POINT, BHAGALPUR",7.1,8.02,1.5
2023,4,April,1,Bihar,4398,"RIVER GANGA AT WATER INTAKE POINT, BHAGALPUR",8.1,7.97,2.7
2023,4,April,2,Bihar,4398,"RIVER GANGA AT WATER INTAKE POINT, BHAGALPUR",7.3,7.69,2.5
2023,7,July,1,Bihar,4398,"RIVER GANGA AT WATER INTAKE POINT, BHAGALPUR",6.3,7.76,2.3
2023,7,July,2,Bihar,4398,"RIVER GANGA AT WATER INTAKE POINT, BHAGALPUR",7.3,7.83,1.7
2023,8,August,1,Bihar,4398,"RIVER GANGA AT WATER INTAKE POINT, BHAGALPUR",6.9,7.88,2.2
2023,8,August,2,Bihar,4398,"RIVER GANGA AT WATER INTAKE POINT, BHAGALPUR",7.0,7.8,1.6
2023,9,September,1,Bihar,4398,"RIVER GANGA AT WATER INTAKE POINT, BHAGALPUR",7.3,7.62,1.9
2023,9,September,2,Bihar,4398,"RIVER GANGA AT WATER INTAKE POINT, BHAGALPUR",7.3,7.64,1.8
2023,10,October,1,Bihar,4398,"RIVER GANGA AT WATER INTAKE POINT, BHAGALPUR",7.6,7.36,1.7
2023,10,October,2,Bihar,4398,"RIVER GANGA AT WATER INTAKE POINT, BHAGALPUR",7.2,7.7,1.8
2023,11,November,1,Bihar,4398,"RIVER GANGA AT WATER INTAKE POINT, BHAGALPUR",7.6,7.85,2.2
2023,11,November,2,Bihar,4398,"RIVER GANGA AT WATER INTAKE POINT, BHAGALPUR",8.5,7.32,1.2
2023,12,December,1,Bihar,4398,"RIVER GANGA AT WATER INTAKE POINT, BHAGALPUR",7.6,7.15,2.0
2023,12,December,2,Bihar,4398,"RIVER GANGA AT WATER INTAKE POINT, BHAGALPUR",6.8,7.24,1.9
2024,1,January,1,Bihar,4398,"WATER INTAKE POINT, BHAGALPUR",7.7,7.1,1.7
2024,1,January,2,Bihar,4398,"WATER INTAKE POINT, BHAGALPUR",7.8,7.54,1.5
2024,2,February,1,Bihar,4398,"WATER INTAKE POINT, BHAGALPUR",6.5,7.36,2.1
2024,2,February,2,Bihar,4398,"WATER INTAKE POINT, BHAGALPUR",7.5,7.2,2.0
2024,3,March,1,Bihar,4398,"WATER INTAKE POINT, BHAGALPUR",7.6,7.58,1.6
2024,3,March,2,Bihar,4398,"WATER INTAKE POINT, BHAGALPUR",7.9,7.85,1.4
2024,4,April,1,Bihar,4398,"WATER INTAKE POINT, BHAGALPUR",7.3,7.78,1.5
2024,4,April,2,Bihar,4398,"WATER INTAKE POINT, BHAGALPUR",7.2,7.34,1.4
2024,5,May,1,Bihar,4398,"WATER INTAKE POINT, BHAGALPUR",8.2,7.15,1.4
2024,5,May,2,Bihar,4398,"WATER INTAKE POINT, BHAGALPUR",7.5,7.6,1.4
2024,6,June,1,Bihar,4398,"WATER INTAKE POINT, BHAGALPUR",7.0,8.13,1.2
2024,6,June,2,Bihar,4398,"WATER INTAKE POINT, BHAGALPUR",7.9,8.12,2.0
2024,7,July,1,Bihar,4398,"WATER INTAKE POINT, BHAGALPUR",7.0,7.23,1.4
2024,7,July,2,Bihar,4398,"WATER INTAKE POINT, BHAGALPUR",7.1,7.22,1.1
2024,8,August,1,Bihar,4398,"WATER INTAKE POINT, BHAGALPUR",7.5,7.41,2.0
2024,8,August,2,Bihar,4398,"WATER INTAKE POINT, BHAGALPUR",7.5,7.3,1.8
2024,9,September,1,Bihar,4398,"WATER INTAKE POINT, BHAGALPUR",7.7,7.8,2.0
2024,9,September,2,Bihar,4398,"WATER INTAKE POINT, BHAGALPUR",7.8,7.6,2.6
2024,10,October,1,Bihar,4398,"WATER INTAKE POINT, BHAGALPUR",7.2,7.42,1.1
2024,10,October,2,Bihar,4398,"WATER INTAKE POINT, BHAGALPUR",5.9,7.66,1.5
2024,11,November,1,Bihar,4398,"WATER INTAKE POINT, BHAGALPUR",7.0,7.56,1.5
2024,11,November,2,Bihar,4398,"WATER INTAKE POINT, BHAGALPUR",8.2,7.44,2.0
2024,12,December,1,Bihar,4398,"WATER INTAKE POINT, BHAGALPUR",8.1,7.3,2.4
2024,12,December,2,Bihar,4398,"WATER INTAKE POINT, BHAGALPUR",7.6,7.4,1.8
2017,12,December,1,Bihar,10113," U/S JAIL GHAT, BUXAR",9.0,7.9,2.0
2018,1,January,1,Bihar,10113," U/S JAIL GHAT, BUXAR",10.0,7.81,2.4
2018,2,February,1,Bihar,10113," U/S JAIL GHAT, BUXAR",8.6,7.87,2.7
2018,4,April,1,Bihar,10113," U/S JAIL GHAT, BUXAR",8.0,7.74,2.5
2018,5,May,1,Bihar,10113," U/S JAIL GHAT, BUXAR",9.0,7.72,2.5
2018,6,June,1,Bihar,10113," U/S JAIL GHAT, BUXAR",7.9,7.68,2.0
2018,7,July,1,Bihar,10113," U/S JAIL GHAT, BUXAR",7.2,8.14,2.1
2018,8,August,1,Bihar,10113," U/S JAIL GHAT, BUXAR",7.0,7.85,2.5
2018,9,September,1,Bihar,10113," U/S JAIL GHAT, BUXAR",7.1,6.98,2.3
2018,10,October,1,Bihar,10113," U/S JAIL GHAT, BUXAR",7.9,7.13,2.3
2019,1,January,1,Bihar,10113," U/S JAIL GHAT, BUXAR",8.1,7.7,1.8
2019,2,February,1,Bihar,10113," U/S JAIL GHAT, BUXAR",8.6,7.1,1.9
2019,3,March,1,Bihar,10113," U/S JAIL GHAT, BUXAR",8.1,8.2,1.9
2019,6,June,1,Bihar,10113," U/S JAIL GHAT, BUXAR",6.5,7.9,1.5
2019,7,July,1,Bihar,10113," U/S JAIL GHAT, BUXAR",6.8,8.1,2.7
2020,3,March,1,Bihar,10113," U/S JAIL GHAT, BUXAR",9.5,8.4,1.4
2020,4,April,1,Bihar,10113," U/S JAIL GHAT, BUXAR",9.4,8.1,1.6
2020,5,May,1,Bihar,10113," U/S JAIL GHAT, BUXAR",9.8,8.3,1.4
2020,6,June,1,Bihar,10113," U/S JAIL GHAT, BUXAR",6.5,8.1,2.2
2020,7,July,1,Bihar,10113," U/S JAIL GHAT, BUXAR",6.4,7.8,1.9
2020,8,August,1,Bihar,10113," U/S JAIL GHAT, BUXAR",6.7,7.7,2.1
2020,9,September,1,Bihar,10113," U/S JAIL GHAT, BUXAR",5.6,7.7,1.9
2020,9,September,2,Bihar,10113," U/S JAIL GHAT, BUXAR",5.7,7.8,1.6
2021,1,January,1,Bihar,10113," U/S JAIL GHAT, BUXAR",12.0,8.0,1.0
2021,1,January,2,Bihar,10113," U/S JAIL GHAT, BUXAR",9.9,8.2,2.3
2021,2,February,1,Bihar,10113," U/S JAIL GHAT, BUXAR",11.9,7.9,1.3
2021,2,February,2,Bihar,10113," U/S JAIL GHAT, BUXAR",10.9,7.44,1.4
2021,3,March,1,Bihar,10113," U/S JAIL GHAT, BUXAR",7.9,7.66,1.7
2021,3,March,2,Bihar,10113," U/S JAIL GHAT, BUXAR",9.3,8.27,1.1
2021,4,April,1,Bihar,10113," U/S JAIL GHAT, BUXAR",8.3,7.97,1.9
2021,5,May,1,Bihar,10113," U/S JAIL GHAT, BUXAR",7.8,7.76,1.4
2021,5,May,2,Bihar,10113," U/S JAIL GHAT, BUXAR",7.3,8.02,1.8
2021,6,June,1,Bihar,10113," U/S JAIL GHAT, BUXAR",8.2,7.48,1.8
2021,6,June,2,Bihar,10113," U/S JAIL GHAT, BUXAR",7.9,8.09,1.2
2021,7,July,1,Bihar,10113," U/S JAIL GHAT, BUXAR",6.4,7.43,1.2
2021,8,August,1,Bihar,10113," U/S JAIL GHAT, BUXAR",8.5,8.18,1.9
2021,8,August,2,Bihar,10113," U/S JAIL GHAT, BUXAR",7.5,7.64,1.9
2021,9,September,1,Bihar,10113," U/S JAIL GHAT, BUXAR",5.7,7.4,1.0
2021,9,September,2,Bihar,10113," U/S JAIL GHAT, BUXAR",7.4,7.52,1.3
2021,10,October,1,Bihar,10113," U/S JAIL GHAT, BUXAR",6.5,7.91,2.6
2021,10,October,2,Bihar,10113," U/S JAIL GHAT, BUXAR",8.2,8.13,1.0
2021,11,November,1,Bihar,10113," U/S JAIL GHAT, BUXAR",12.5,8.61,2.0
2021,11,November,2,Bihar,10113," U/S JAIL GHAT, BUXAR",11.1,8.29,1.4
2022,1,January,1,Bihar,10113," U/S JAIL GHAT, BUXAR",6.3,8.69,1.8
2022,1,January,2,Bihar,10113," U/S JAIL GHAT, BUXAR",9.6,8.27,1.0
2022,2,February,1,Bihar,10113," U/S JAIL GHAT, BUXAR",11.7,8.79,1.0
2022,2,February,2,Bihar,10113," U/S JAIL GHAT, BUXAR",9.8,8.23,1.0
2022,3,March,1,Bihar,10113," U/S JAIL GHAT, BUXAR",9.4,8.73,1.0
2022,3,March,2,Bihar,10113," U/S JAIL GHAT, BUXAR",9.2,8.63,1.0
2022,4,April,1,Bihar,10113," U/S JAIL GHAT, BUXAR",9.4,7.98,1.0
2022,4,April,2,Bihar,10113," U/S JAIL GHAT, BUXAR",9.4,7.98,1.0
2022,5,May,1,Bihar,10113," U/S JAIL GHAT, BUXAR",8.9,8.0,1.0
2022,5,May,2,Bihar,10113," U/S JAIL GHAT, BUXAR",9.2,8.13,1.2
2022,6,June,2,Bihar,10113," U/S JAIL GHAT, BUXAR",8.1,7.92,1.4
2022,7,July,1,Bihar,10113," U/S JAIL GHAT, BUXAR",8.1,8.16,1.0
2022,7,July,2,Bihar,10113," U/S JAIL GHAT, BUXAR",10.2,7.5,1.0
2022,8,August,1,Bihar,10113," U/S JAIL GHAT, BUXAR",7.7,7.4,1.9
2022,8,August,2,Bihar,10113," U/S JAIL GHAT, BUXAR",7.1,7.54,2.0
2022,9,September,1,Bihar,10113," U/S JAIL GHAT, BUXAR",7.7,7.83,1.7
2022,9,September,2,Bihar,10113," U/S JAIL GHAT, BUXAR",5.4,7.1,2.2
2022,10,October,1,Bihar,10113," U/S JAIL GHAT, BUXAR",7.5,7.63,1.1
2022,10,October,2,Bihar,10113," U/S JAIL GHAT, BUXAR",8.0,7.82,1.4
2022,11,November,1,Bihar,10113," U/S JAIL GHAT, BUXAR",8.4,7.78,1.0
2022,11,November,2,Bihar,10113," U/S JAIL GHAT, BUXAR",8.3,7.36,1.5
2022,12,December,1,Bihar,10113," U/S JAIL GHAT, BUXAR",8.7,7.2,2.0
2022,12,December,2,Bihar,10113," U/S JAIL GHAT, BUXAR",9.3,7.42,1.0
2023,1,January,1,Bihar,10113," U/S JAIL GHAT, BUXAR",8.8,7.22,1.0
2023,1,January,2,Bihar,10113," U/S JAIL GHAT, BUXAR",8.7,8.22,1.0
2023,2,February,1,Bihar,10113," U/S JAIL GHAT, BUXAR",6.9,8.12,2.2
2023,2,February,2,Bihar,10113," U/S JAIL GHAT, BUXAR",8.5,7.65,1.8
2023,3,March,1,Bihar,10113," U/S JAIL GHAT, BUXAR",8.1,8.2,1.3
2023,3,March,2,Bihar,10113," U/S JAIL GHAT, BUXAR",8.8,7.75,1.5
2023,4,April,1,Bihar,10113," U/S JAIL GHAT, BUXAR",7.7,7.58,2.0
2023,4,April,2,Bihar,10113," U/S JAIL GHAT, BUXAR",8.5,7.49,1.8
2023,5,May,1,Bihar,10113," U/S JAIL GHAT, BUXAR",7.8,7.33,2.5
2023,5,May,2,Bihar,10113," U/S JAIL GHAT, BUXAR",8.5,8.21,2.1
2023,6,June,1,Bihar,10113," U/S JAIL GHAT, BUXAR",8.2,7.89,2.1
2023,6,June,2,Bihar,10113," U/S JAIL GHAT, BUXAR",8.8,7.72,1.0
2023,7,July,1,Bihar,10113," U/S JAIL GHAT, BUXAR",7.5,7.62,2.0
2023,7,July,2,Bihar,10113," U/S JAIL GHAT, BUXAR",7.3,7.82,1.3
2023,8,August,1,Bihar,10113," U/S JAIL GHAT, BUXAR",7.5,7.9,1.6
2023,8,August,2,Bihar,10113," U/S JAIL GHAT, BUXAR",7.9,7.96,1.5
2023,9,September,1,Bihar,10113," U/S JAIL GHAT, BUXAR",7.1,7.63,1.5
2023,9,September,2,Bihar,10113," U/S JAIL GHAT, BUXAR",7.6,7.94,1.8
2023,10,October,1,Bihar,10113," U/S JAIL GHAT, BUXAR",7.8,7.79,1.5
2023,10,October,2,Bihar,10113," U/S JAIL GHAT, BUXAR",7.8,7.74,1.1
2023,11,November,1,Bihar,10113," U/S JAIL GHAT, BUXAR",8.3,7.88,1.3
2023,11,November,2,Bihar,10113," U/S JAIL GHAT, BUXAR",7.6,7.69,1.9
2023,12,December,1,Bihar,10113," U/S JAIL GHAT, BUXAR",8.4,7.45,1.7
2023,12,December,2,Bihar,10113," U/S JAIL GHAT, BUXAR",8.2,7.48,1.2
2024,1,January,1,Bihar,10113,"U/S JAIL GHAT, BUXAR ",8.8,7.72,1.0
2024,1,January,2,Bihar,10113,"U/S JAIL GHAT, BUXAR ",8.3,7.78,1.0
2024,2,February,1,Bihar,10113,"U/S JAIL GHAT, BUXAR ",8.6,7.66,1.0
2024,2,February,2,Bihar,10113,"U/S JAIL GHAT, BUXAR ",7.6,7.36,1.3
2024,3,March,1,Bihar,10113,"U/S JAIL GHAT, BUXAR ",7.9,7.48,1.3
2024,3,March,2,Bihar,10113,"U/S JAIL GHAT, BUXAR ",7.6,7.8,1.0
2024,4,April,1,Bihar,10113,"U/S JAIL GHAT, BUXAR ",7.6,7.91,2.3
2024,4,April,2,Bihar,10113,"U/S JAIL GHAT, BUXAR ",7.7,7.39,1.5
2024,5,May,1,Bihar,10113,"U/S JAIL GHAT, BUXAR ",7.5,7.41,1.7
2024,5,May,2,Bihar,10113,"U/S JAIL GHAT, BUXAR ",8.1,8.22,1.7
2024,6,June,1,Bihar,10113,"U/S JAIL GHAT, BUXAR ",8.1,7.72,1.7
2024,6,June,2,Bihar,10113,"U/S JAIL GHAT, BUXAR ",8.2,7.81,1.0
2024,7,July,2,Bihar,10113,"U/S JAIL GHAT, BUXAR ",7.3,7.61,1.6
2024,8,August,1,Bihar,10113,"U/S JAIL GHAT, BUXAR ",7.9,7.63,1.9
2024,8,August,2,Bihar,10113,"U/S JAIL GHAT, BUXAR ",7.8,7.65,1.5
2024,9,September,1,Bihar,10113,"U/S JAIL GHAT, BUXAR ",7.8,7.54,1.9
2024,9,September,2,Bihar,10113,"U/S JAIL GHAT, BUXAR ",7.2,7.65,1.3
2024,10,October,1,Bihar,10113,"U/S JAIL GHAT, BUXAR ",7.6,7.33,1.0
2024,10,October,2,Bihar,10113,"U/S JAIL GHAT, BUXAR ",7.9,7.97,1.8
2024,11,November,1,Bihar,10113,"U/S JAIL GHAT, BUXAR ",8.1,7.82,1.4
2024,11,November,2,Bihar,10113,"U/S JAIL GHAT, BUXAR ",7.7,7.52,1.2
2024,12,December,1,Bihar,10113,"U/S JAIL GHAT, BUXAR ",7.8,7.3,1.6
2024,12,December,2,Bihar,10113,"U/S JAIL GHAT, BUXAR ",7.2,7.46,2.1
2017,10,October,2,Bihar,10114," MAA AMBIKA ASTHAN, AAMI, SARAN",7.4,7.15,2.3
2017,12,December,1,Bihar,10114," MAA AMBIKA ASTHAN, AAMI, SARAN",8.2,7.46,2.8
2019,2,February,1,Bihar,10114," MAA AMBIKA ASTHAN, AAMI, SARAN",8.2,7.8,2.1
2020,6,June,2,Bihar,10114," MAA AMBIKA ASTHAN, AAMI, SARAN",6.1,7.7,2.3
2020,7,July,2,Bihar,10114," MAA AMBIKA ASTHAN, AAMI, SARAN",6.2,7.7,1.5
2020,8,August,2,Bihar,10114," MAA AMBIKA ASTHAN, AAMI, SARAN",6.0,7.9,1.9
2020,9,September,1,Bihar,10114," MAA AMBIKA ASTHAN, AAMI, SARAN",5.8,7.9,1.9
2020,9,September,2,Bihar,10114," MAA AMBIKA ASTHAN, AAMI, SARAN",5.8,8.0,1.7
2021,1,January,1,Bihar,10114," MAA AMBIKA ASTHAN, AAMI, SARAN",9.0,7.7,1.4
2021,1,January,2,Bihar,10114," MAA AMBIKA ASTHAN, AAMI, SARAN",8.2,7.7,1.8
2021,2,February,1,Bihar,10114," MAA AMBIKA ASTHAN, AAMI, SARAN",9.6,7.7,1.2
2021,2,February,2,Bihar,10114," MAA AMBIKA ASTHAN, AAMI, SARAN",9.2,8.07,1.7
2021,3,March,1,Bihar,10114," MAA AMBIKA ASTHAN, AAMI, SARAN",7.5,7.35,1.5
2021,3,March,2,Bihar,10114," MAA AMBIKA ASTHAN, AAMI, SARAN",9.1,7.94,1.5
2021,4,April,2,Bihar,10114," MAA AMBIKA ASTHAN, AAMI, SARAN",8.1,7.79,1.6
2021,5,May,1,Bihar,10114," MAA AMBIKA ASTHAN, AAMI, SARAN",9.1,7.71,1.0
2021,5,May,2,Bihar,10114," MAA AMBIKA ASTHAN, AAMI, SARAN",8.5,7.77,1.2
2021,6,June,1,Bihar,10114," MAA AMBIKA ASTHAN, AAMI, SARAN",8.9,7.96,2.6
2021,6,June,2,Bihar,10114," MAA AMBIKA ASTHAN, AAMI, SARAN",9.2,7.92,1.0
2021,7,July,1,Bihar,10114," MAA AMBIKA ASTHAN, AAMI, SARAN",6.4,8.01,1.5
2021,7,July,2,Bihar,10114," MAA AMBIKA ASTHAN, AAMI, SARAN",6.7,7.63,1.4
2021,8,August,1,Bihar,10114," MAA AMBIKA ASTHAN, AAMI, SARAN",5.6,7.61,2.8
2021,8,August,2,Bihar,10114," MAA AMBIKA ASTHAN, AAMI, SARAN",6.1,7.56,2.7
2021,9,September,1,Bihar,10114," MAA AMBIKA ASTHAN, AAMI, SARAN",7.7,7.99,1.7
2021,9,September,2,Bihar,10114," MAA AMBIKA ASTHAN, AAMI, SARAN",6.7,7.98,2.4
2021,10,October,1,Bihar,10114," MAA AMBIKA ASTHAN, AAMI, SARAN",7.7,6.6,2.3
2021,10,October,2,Bihar,10114," MAA AMBIKA ASTHAN, AAMI, SARAN",7.3,7.66,1.5
2021,11,November,1,Bihar,10114," MAA AMBIKA ASTHAN, AAMI, SARAN",6.2,8.05,2.8
2021,11,November,2,Bihar,10114," MAA AMBIKA ASTHAN, AAMI, SARAN",7.4,8.1,1.7
2021,12,December,1,Bihar,10114," MAA AMBIKA ASTHAN, AAMI, SARAN",7.1,7.41,1.5
2021,12,December,2,Bihar,10114," MAA AMBIKA ASTHAN, AAMI, SARAN",9.9,7.77,1.0
2022,1,January,1,Bihar,10114," MAA AMBIKA ASTHAN, AAMI, SARAN",7.8,8.05,1.3
2022,1,January,2,Bihar,10114," MAA AMBIKA ASTHAN, AAMI, SARAN",9.0,8.02,1.0
2022,2,February,1,Bihar,10114," MAA AMBIKA ASTHAN, AAMI, SARAN",7.7,8.41,1.8
2022,2,February,2,Bihar,10114," MAA AMBIKA ASTHAN, AAMI, SARAN",8.3,7.91,1.0
2022,3,March,1,Bihar,10114," MAA AMBIKA ASTHAN, AAMI, SARAN",8.8,7.51,1.5
2022,3,March,2,Bihar,10114," MAA AMBIKA ASTHAN, AAMI, SARAN",7.8,7.89,2.4
2022,4,April,1,Bihar,10114," MAA AMBIKA ASTHAN, AAMI, SARAN",8.7,7.52,1.7
2022,4,April,2,Bihar,10114," MAA AMBIKA ASTHAN, AAMI, SARAN",8.0,7.2,1.0
2022,5,May,1,Bihar,10114," MAA AMBIKA ASTHAN, AAMI, SARAN",8.3,7.85,1.6
2022,5,May,2,Bihar,10114," MAA AMBIKA ASTHAN, AAMI, SARAN",8.2,7.71,1.2
2022,6,June,1,Bihar,10114," MAA AMBIKA ASTHAN, AAMI, SARAN",6.7,7.65,2.8
2022,7,July,1,Bihar,10114," MAA AMBIKA ASTHAN, AAMI, SARAN",7.7,7.22,1.7
2022,7,July,2,Bihar,10114," MAA AMBIKA ASTHAN, AAMI, SARAN",7.1,8.08,1.7
2022,8,August,1,Bihar,10114," MAA AMBIKA ASTHAN, AAMI, SARAN",7.0,7.61,1.7
2022,8,August,2,Bihar,10114," MAA AMBIKA ASTHAN, AAMI, SARAN",7.5,7.0,2.1
2022,9,September,1,Bihar,10114," MAA AMBIKA ASTHAN, AAMI, SARAN",7.2,6.99,1.3
2022,9,September,2,Bihar,10114," MAA AMBIKA ASTHAN, AAMI, SARAN",6.7,7.62,2.5
2022,10,October,1,Bihar,10114," MAA AMBIKA ASTHAN, AAMI, SARAN",6.8,7.65,2.3
2022,10,October,2,Bihar,10114," MAA AMBIKA ASTHAN, AAMI, SARAN",5.9,7.18,2.7
2022,11,November,1,Bihar,10114," MAA AMBIKA ASTHAN, AAMI, SARAN",7.7,7.81,1.7
2022,11,November,2,Bihar,10114," MAA AMBIKA ASTHAN, AAMI, SARAN",8.7,7.74,1.6
2022,12,December,1,Bihar,10114," MAA AMBIKA ASTHAN, AAMI, SARAN",9.1,7.5,1.2
2022,12,December,2,Bihar,10114," MAA AMBIKA ASTHAN, AAMI, SARAN",8.0,7.22,1.5
2023,1,January,1,Bihar,10114," MAA AMBIKA ASTHAN, AAMI, SARAN",8.4,7.43,1.3
2023,1,January,2,Bihar,10114," MAA AMBIKA ASTHAN, AAMI, SARAN",8.1,8.0,1.3
2023,2,February,1,Bihar,10114," MAA AMBIKA ASTHAN, AAMI, SARAN",7.9,7.86,1.7
2023,3,March,1,Bihar,10114," MAA AMBIKA ASTHAN, AAMI, SARAN",7.8,7.87,2.1
2023,3,March,2,Bihar,10114," MAA AMBIKA ASTHAN, AAMI, SARAN",7.6,7.44,1.8
2023,4,April,1,Bihar,10114," MAA AMBIKA ASTHAN, AAMI, SARAN",8.1,7.67,1.8
2023,4,April,2,Bihar,10114," MAA AMBIKA ASTHAN, AAMI, SARAN",8.6,7.41,1.2
2023,5,May,1,Bihar,10114," MAA AMBIKA ASTHAN, AAMI, SARAN",8.3,7.52,1.9
2023,5,May,2,Bihar,10114," MAA AMBIKA ASTHAN, AAMI, SARAN",7.7,7.89,1.5
2023,6,June,1,Bihar,10114," MAA AMBIKA ASTHAN, AAMI, SARAN",6.9,7.82,2.6
2023,6,June,2,Bihar,10114," MAA AMBIKA ASTHAN, AAMI, SARAN",7.9,7.69,2.4
2023,7,July,1,Bihar,10114," MAA AMBIKA ASTHAN, AAMI, SARAN",7.6,7.89,2.3
2023,7,July,2,Bihar,10114," MAA AMBIKA ASTHAN, AAMI, SARAN",7.4,8.01,1.7
2023,8,August,1,Bihar,10114," MAA AMBIKA ASTHAN, AAMI, SARAN",7.3,7.91,2.1
2023,8,August,2,Bihar,10114," MAA AMBIKA ASTHAN, AAMI, SARAN",7.8,7.89,2.0
2023,9,September,1,Bihar,10114," MAA AMBIKA ASTHAN, AAMI, SARAN",7.2,7.71,1.5
2023,9,September,2,Bihar,10114," MAA AMBIKA ASTHAN, AAMI, SARAN",7.4,7.76,2.0
2023,10,October,1,Bihar,10114," MAA AMBIKA ASTHAN, AAMI, SARAN",7.4,7.84,1.3
2023,10,October,2,Bihar,10114," MAA AMBIKA ASTHAN, AAMI, SARAN",7.5,7.8,1.9
2023,11,November,1,Bihar,10114," MAA AMBIKA ASTHAN, AAMI, SARAN",7.9,7.82,1.8
2023,11,November,2,Bihar,10114," MAA AMBIKA ASTHAN, AAMI, SARAN",7.5,7.64,1.8
2023,12,December,1,Bihar,10114," MAA AMBIKA ASTHAN, AAMI, SARAN",8.8,7.49,1.5
2023,12,December,2,Bihar,10114," MAA AMBIKA ASTHAN, AAMI, SARAN",7.6,7.46,2.0
2024,1,January,1,Bihar,10114,DORIGANJ D/S (SARAN),8.2,7.52,1.6
2024,1,January,2,Bihar,10114,DORIGANJ D/S (SARAN),7.5,7.48,1.9
2024,2,February,1,Bihar,10114,DORIGANJ D/S (SARAN),8.0,7.55,1.4
2024,2,February,2,Bihar,10114,DORIGANJ D/S (SARAN),7.7,7.45,1.4
2024,3,March,1,Bihar,10114,DORIGANJ D/S (SARAN),7.8,7.42,1.4
2024,3,March,2,Bihar,10114,DORIGANJ D/S (SARAN),7.9,7.81,1.3
2024,4,April,1,Bihar,10114,DORIGANJ D/S (SARAN),7.1,7.88,1.8
2024,4,April,2,Bihar,10114,DORIGANJ D/S (SARAN),7.5,7.79,1.8
2024,5,May,1,Bihar,10114,DORIGANJ D/S (SARAN),7.7,7.28,1.6
2024,5,May,2,Bihar,10114,DORIGANJ D/S (SARAN),7.9,8.02,1.6
2024,6,June,1,Bihar,10114,DORIGANJ D/S (SARAN),7.8,7.82,1.3
2024,6,June,2,Bihar,10114,DORIGANJ D/S (SARAN),7.9,7.69,1.4
2024,7,July,1,Bihar,10114,DORIGANJ D/S (SARAN),7.5,7.9,1.3
2024,7,July,2,Bihar,10114,DORIGANJ D/S (SARAN),7.4,7.28,1.7
2024,8,August,1,Bihar,10114,DORIGANJ D/S (SARAN),7.6,7.61,2.0
2024,8,August,2,Bihar,10114,DORIGANJ D/S (SARAN),7.3,7.23,1.9
2024,9,September,1,Bihar,10114,DORIGANJ D/S (SARAN),7.2,7.4,1.8
2024,9,September,2,Bihar,10114,DORIGANJ D/S (SARAN),7.5,7.23,2.9
2024,10,October,1,Bihar,10114,DORIGANJ D/S (SARAN),7.5,7.57,2.3
2024,10,October,2,Bihar,10114,DORIGANJ D/S (SARAN),7.2,7.86,1.7
2024,11,November,1,Bihar,10114,DORIGANJ D/S (SARAN),7.4,7.83,1.9
2024,11,November,2,Bihar,10114,DORIGANJ D/S (SARAN),7.4,7.34,1.6
2024,12,December,1,Bihar,10114,DORIGANJ D/S (SARAN),8.3,7.5,1.1
2024,12,December,2,Bihar,10114,DORIGANJ D/S (SARAN),7.8,7.32,2.4
2017,12,December,1,Bihar,10115," GULABI GHAT, PATNA",7.8,7.82,2.5
2018,1,January,1,Bihar,10115," GULABI GHAT, PATNA",13.0,7.8,2.7
2020,6,June,2,Bihar,10115," GULABI GHAT, PATNA",7.2,8.0,1.9
2020,7,July,2,Bihar,10115," GULABI GHAT, PATNA",6.4,7.9,2.2
2020,8,August,2,Bihar,10115," GULABI GHAT, PATNA",5.6,7.6,2.3
2020,9,September,1,Bihar,10115," GULABI GHAT, PATNA",5.4,7.8,1.9
2020,9,September,2,Bihar,10115," GULABI GHAT, PATNA",7.0,7.9,1.9
2021,1,January,1,Bihar,10115," GULABI GHAT, PATNA",7.5,7.4,1.8
2021,1,January,2,Bihar,10115," GULABI GHAT, PATNA",7.8,7.6,2.2
2021,2,February,1,Bihar,10115," GULABI GHAT, PATNA",8.0,7.47,2.3
2021,2,February,2,Bihar,10115," GULABI GHAT, PATNA",9.3,7.5,2.1
2021,3,March,1,Bihar,10115," GULABI GHAT, PATNA",7.3,7.4,2.1
2021,3,March,2,Bihar,10115," GULABI GHAT, PATNA",7.2,7.64,2.6
2021,4,April,1,Bihar,10115," GULABI GHAT, PATNA",6.8,7.88,2.8
2021,4,April,2,Bihar,10115," GULABI GHAT, PATNA",8.1,7.8,2.2
2021,5,May,1,Bihar,10115," GULABI GHAT, PATNA",7.9,8.14,2.8
2021,5,May,2,Bihar,10115," GULABI GHAT, PATNA",6.6,7.71,1.9
2021,6,June,1,Bihar,10115," GULABI GHAT, PATNA",6.1,7.6,2.5
2021,6,June,2,Bihar,10115," GULABI GHAT, PATNA",6.2,7.84,2.7
2021,7,July,1,Bihar,10115," GULABI GHAT, PATNA",6.8,7.54,2.0
2021,7,July,2,Bihar,10115," GULABI GHAT, PATNA",6.6,7.22,2.2
2021,8,August,1,Bihar,10115," GULABI GHAT, PATNA",4.4,7.73,3.2
2021,8,August,2,Bihar,10115," GULABI GHAT, PATNA",5.5,7.59,2.8
2021,9,September,1,Bihar,10115," GULABI GHAT, PATNA",5.6,7.63,2.8
2021,9,September,2,Bihar,10115," GULABI GHAT, PATNA",5.8,8.09,3.1
2021,10,October,1,Bihar,10115," GULABI GHAT, PATNA",5.2,7.86,2.8
2021,10,October,2,Bihar,10115," GULABI GHAT, PATNA",5.5,7.55,2.9
2021,11,November,1,Bihar,10115," GULABI GHAT, PATNA",6.5,7.07,1.9
2021,11,November,2,Bihar,10115," GULABI GHAT, PATNA",7.3,8.11,1.4
2021,12,December,1,Bihar,10115," GULABI GHAT, PATNA",7.2,8.21,2.0
2022,1,January,1,Bihar,10115," GULABI GHAT, PATNA",9.1,8.09,1.0
2022,1,January,2,Bihar,10115," GULABI GHAT, PATNA",8.2,8.11,1.0
2022,2,February,1,Bihar,10115," GULABI GHAT, PATNA",8.6,8.27,1.6
2022,2,February,2,Bihar,10115," GULABI GHAT, PATNA",8.7,7.95,1.8
2022,3,March,1,Bihar,10115," GULABI GHAT, PATNA",8.0,7.45,2.1
2022,3,March,2,Bihar,10115," GULABI GHAT, PATNA",6.5,7.33,2.5
2022,4,April,1,Bihar,10115," GULABI GHAT, PATNA",9.3,8.34,1.5
2022,4,April,2,Bihar,10115," GULABI GHAT, PATNA",7.9,7.89,2.0
2022,5,May,1,Bihar,10115," GULABI GHAT, PATNA",7.6,7.76,2.0
2022,5,May,2,Bihar,10115," GULABI GHAT, PATNA",6.5,8.1,2.2
2022,6,June,2,Bihar,10115," GULABI GHAT, PATNA",6.1,7.85,2.5
2022,7,July,1,Bihar,10115," GULABI GHAT, PATNA",6.5,7.28,3.0
2022,7,July,2,Bihar,10115," GULABI GHAT, PATNA",7.3,7.41,1.7
2022,8,August,1,Bihar,10115," GULABI GHAT, PATNA",6.4,7.74,2.9
2022,8,August,2,Bihar,10115," GULABI GHAT, PATNA",5.5,7.08,2.9
2022,9,September,1,Bihar,10115," GULABI GHAT, PATNA",6.2,7.28,2.7
2022,9,September,2,Bihar,10115," GULABI GHAT, PATNA",6.1,7.08,1.8
2022,10,October,1,Bihar,10115," GULABI GHAT, PATNA",6.0,7.47,1.7
2022,10,October,2,Bihar,10115," GULABI GHAT, PATNA",7.0,7.74,2.3
2022,11,November,1,Bihar,10115," GULABI GHAT, PATNA",6.6,7.63,2.5
2022,11,November,2,Bihar,10115," GULABI GHAT, PATNA",7.1,7.21,2.2
2022,12,December,1,Bihar,10115," GULABI GHAT, PATNA",7.9,7.73,1.7
2022,12,December,2,Bihar,10115," GULABI GHAT, PATNA",8.5,7.72,1.3
2024,1,January,1,Bihar,10115,GULBI GHAT (PATNA),7.6,7.48,1.9
2024,1,January,2,Bihar,10115,GULBI GHAT (PATNA),7.4,7.65,2.0
2024,2,February,2,Bihar,10115,GULBI GHAT (PATNA),7.1,7.66,1.9
2024,3,March,1,Bihar,10115,GULBI GHAT (PATNA),7.3,7.63,1.7
2024,3,March,2,Bihar,10115,GULBI GHAT (PATNA),7.7,7.52,1.8
2024,4,April,1,Bihar,10115,GULBI GHAT (PATNA),7.1,7.78,2.3
2024,4,April,2,Bihar,10115,GULBI GHAT (PATNA),7.2,7.68,2.3
2024,5,May,1,Bihar,10115,GULBI GHAT (PATNA),7.9,7.21,2.3
2024,5,May,2,Bihar,10115,GULBI GHAT (PATNA),8.3,7.21,2.3
2024,6,June,1,Bihar,10115,GULBI GHAT (PATNA),7.5,8.41,1.7
2024,6,June,2,Bihar,10115,GULBI GHAT (PATNA),7.9,8.11,1.5
2024,7,July,1,Bihar,10115,GULBI GHAT (PATNA),7.1,7.68,1.9
2024,7,July,2,Bihar,10115,GULBI GHAT (PATNA),7.3,7.48,2.1
2024,8,August,1,Bihar,10115,GULBI GHAT (PATNA),6.1,7.58,2.2
2024,8,August,2,Bihar,10115,GULBI GHAT (PATNA),6.8,7.3,2.7
2024,9,September,1,Bihar,10115,GULBI GHAT (PATNA),5.8,7.8,2.9
2024,9,September,2,Bihar,10115,GULBI GHAT (PATNA),6.1,7.37,2.1
2024,10,October,1,Bihar,10115,GULBI GHAT (PATNA),6.9,7.57,1.9
2024,10,October,2,Bihar,10115,GULBI GHAT (PATNA),7.1,7.7,1.4
2024,11,November,1,Bihar,10115,GULBI GHAT (PATNA),7.5,7.85,2.6
2024,11,November,2,Bihar,10115,GULBI GHAT (PATNA),7.4,7.51,1.4
2024,12,December,1,Bihar,10115,GULBI GHAT (PATNA),7.8,7.68,1.5
2024,12,December,2,Bihar,10115,GULBI GHAT (PATNA),8.1,7.6,1.1
2017,3,March,1,Bihar,10122," TRIVENI GHAT, PATNA",9.4,8.29,2.4
2017,4,April,1,Bihar,10122," TRIVENI GHAT, PATNA",9.2,8.53,2.6
2017,5,May,1,Bihar,10122," TRIVENI GHAT, PATNA",8.0,8.6,2.3
2017,6,June,1,Bihar,10122," TRIVENI GHAT, PATNA",7.2,7.67,2.2
2017,7,July,1,Bihar,10122," TRIVENI GHAT, PATNA",6.0,7.78,2.6
2017,8,August,1,Bihar,10122," TRIVENI GHAT, PATNA",7.5,7.54,2.6
2017,9,September,1,Bihar,10122," TRIVENI GHAT, PATNA",7.3,7.82,2.5
2017,10,October,1,Bihar,10122," TRIVENI GHAT, PATNA",7.8,7.45,2.6
2017,12,December,1,Bihar,10122," TRIVENI GHAT, PATNA",8.0,7.96,2.5
2018,12,December,1,Bihar,10122," TRIVENI GHAT, PATNA",9.4,7.52,2.4
2020,6,June,2,Bihar,10122," TRIVENI GHAT, PATNA",7.5,8.1,2.2
2020,7,July,2,Bihar,10122," TRIVENI GHAT, PATNA",6.0,7.9,1.9
2020,8,August,2,Bihar,10122," TRIVENI GHAT, PATNA",6.2,7.8,2.1
2020,9,September,1,Bihar,10122," TRIVENI GHAT, PATNA",6.0,7.9,2.3
2020,9,September,2,Bihar,10122," TRIVENI GHAT, PATNA",5.4,7.8,2.2
2021,1,January,1,Bihar,10122," TRIVENI GHAT, PATNA",9.8,8.2,1.4
2021,1,January,2,Bihar,10122," TRIVENI GHAT, PATNA",8.9,8.0,2.0
2021,2,February,1,Bihar,10122," TRIVENI GHAT, PATNA",12.6,7.56,1.3
2021,2,February,2,Bihar,10122," TRIVENI GHAT, PATNA",7.4,8.0,2.1
2021,4,April,1,Bihar,10122," TRIVENI GHAT, PATNA",8.0,7.94,1.8
2021,4,April,2,Bihar,10122," TRIVENI GHAT, PATNA",7.5,7.9,1.8
2021,5,May,1,Bihar,10122," TRIVENI GHAT, PATNA",6.9,8.19,1.5
2021,5,May,2,Bihar,10122," TRIVENI GHAT, PATNA",6.8,7.75,1.6
2021,6,June,1,Bihar,10122," TRIVENI GHAT, PATNA",7.3,8.15,1.8
2021,6,June,2,Bihar,10122," TRIVENI GHAT, PATNA",6.0,7.7,1.9
2021,7,July,1,Bihar,10122," TRIVENI GHAT, PATNA",5.2,7.26,1.8
2021,7,July,2,Bihar,10122," TRIVENI GHAT, PATNA",5.5,7.9,2.3
2021,8,August,1,Bihar,10122," TRIVENI GHAT, PATNA",5.7,7.8,2.9
2021,8,August,2,Bihar,10122," TRIVENI GHAT, PATNA",5.8,7.88,2.5
2021,9,September,1,Bihar,10122," TRIVENI GHAT, PATNA",4.5,8.02,3.0
2021,9,September,2,Bihar,10122," TRIVENI GHAT, PATNA",5.7,7.81,3.0
2021,10,October,1,Bihar,10122," TRIVENI GHAT, PATNA",7.2,7.81,3.0
2021,10,October,2,Bihar,10122," TRIVENI GHAT, PATNA",5.3,8.11,2.0
2021,11,November,1,Bihar,10122," TRIVENI GHAT, PATNA",7.3,8.13,2.8
2021,11,November,2,Bihar,10122," TRIVENI GHAT, PATNA",9.1,8.3,2.1
2022,1,January,1,Bihar,10122," TRIVENI GHAT, PATNA",8.6,8.43,1.0
2022,1,January,2,Bihar,10122," TRIVENI GHAT, PATNA",7.3,8.36,1.5
2022,2,February,1,Bihar,10122," TRIVENI GHAT, PATNA",9.2,8.31,1.0
2022,2,February,2,Bihar,10122," TRIVENI GHAT, PATNA",8.6,8.14,1.8
2022,3,March,1,Bihar,10122," TRIVENI GHAT, PATNA",10.0,7.44,1.3
2022,3,March,2,Bihar,10122," TRIVENI GHAT, PATNA",7.9,7.48,2.0
2022,4,April,1,Bihar,10122," TRIVENI GHAT, PATNA",9.5,8.38,1.3
2022,4,April,2,Bihar,10122," TRIVENI GHAT, PATNA",7.6,8.08,1.7
2022,5,May,1,Bihar,10122," TRIVENI GHAT, PATNA",7.3,7.8,1.6
2022,5,May,2,Bihar,10122," TRIVENI GHAT, PATNA",9.1,7.98,1.3
2022,6,June,2,Bihar,10122," TRIVENI GHAT, PATNA",6.9,7.89,2.7
2022,7,July,1,Bihar,10122," TRIVENI GHAT, PATNA",7.1,7.69,1.8
2022,7,July,2,Bihar,10122," TRIVENI GHAT, PATNA",6.9,7.41,2.3
2022,8,August,1,Bihar,10122," TRIVENI GHAT, PATNA",6.0,8.0,3.0
2022,8,August,2,Bihar,10122," TRIVENI GHAT, PATNA",6.0,7.16,2.4
2022,9,September,1,Bihar,10122," TRIVENI GHAT, PATNA",6.0,7.14,2.2
2022,9,September,2,Bihar,10122," TRIVENI GHAT, PATNA",6.6,7.23,1.9
2022,10,October,1,Bihar,10122," TRIVENI GHAT, PATNA",6.4,7.5,2.2
2022,10,October,2,Bihar,10122," TRIVENI GHAT, PATNA",7.4,7.76,1.3
2022,11,November,1,Bihar,10122," TRIVENI GHAT, PATNA",7.1,7.67,2.2
2022,11,November,2,Bihar,10122," TRIVENI GHAT, PATNA",9.1,7.32,1.4
2022,12,December,1,Bihar,10122," TRIVENI GHAT, PATNA",7.8,7.77,1.5
2022,12,December,2,Bihar,10122," TRIVENI GHAT, PATNA",7.8,7.78,2.2
2024,1,January,1,Bihar,10122,"TRIVENI GHAT, B/c OF RIVER PUNPUN",7.8,7.52,1.8
2024,1,January,2,Bihar,10122,"TRIVENI GHAT, B/c OF RIVER PUNPUN",7.2,7.7,2.0
2024,2,February,2,Bihar,10122,"TRIVENI GHAT, B/c OF RIVER PUNPUN",7.5,7.41,1.0
2024,3,March,1,Bihar,10122,"TRIVENI GHAT, B/c OF RIVER PUNPUN",7.3,7.72,1.3
2024,3,March,2,Bihar,10122,"TRIVENI GHAT, B/c OF RIVER PUNPUN",7.9,7.61,1.3
2024,4,April,1,Bihar,10122,"TRIVENI GHAT, B/c OF RIVER PUNPUN",7.6,7.52,2.1
2024,4,April,2,Bihar,10122,"TRIVENI GHAT, B/c OF RIVER PUNPUN",7.3,7.88,2.1
2024,5,May,1,Bihar,10122,"TRIVENI GHAT, B/c OF RIVER PUNPUN",8.5,7.21,1.7
2024,5,May,2,Bihar,10122,"TRIVENI GHAT, B/c OF RIVER PUNPUN",8.2,7.21,1.7
2024,6,June,1,Bihar,10122,"TRIVENI GHAT, B/c OF RIVER PUNPUN",7.6,7.87,1.4
2024,6,June,2,Bihar,10122,"TRIVENI GHAT, B/c OF RIVER PUNPUN",7.3,8.09,1.2
2024,7,July,1,Bihar,10122,"TRIVENI GHAT, B/c OF RIVER PUNPUN",7.3,7.58,1.8
2024,7,July,2,Bihar,10122,"TRIVENI GHAT, B/c OF RIVER PUNPUN",7.7,7.52,1.9
2024,8,August,1,Bihar,10122,"TRIVENI GHAT, B/c OF RIVER PUNPUN",7.2,7.6,2.1
2024,9,September,1,Bihar,10122,"TRIVENI GHAT, B/c OF RIVER PUNPUN",5.6,7.5,1.6
2024,9,September,2,Bihar,10122,"TRIVENI GHAT, B/c OF RIVER PUNPUN",6.3,7.56,1.0
2024,10,October,1,Bihar,10122,"TRIVENI GHAT, B/c OF RIVER PUNPUN",6.8,7.73,2.9
2024,10,October,2,Bihar,10122,"TRIVENI GHAT, B/c OF RIVER PUNPUN",7.5,7.7,1.3
2024,11,November,1,Bihar,10122,"TRIVENI GHAT, B/c OF RIVER PUNPUN",7.4,7.62,1.8
2024,11,November,2,Bihar,10122,"TRIVENI GHAT, B/c OF RIVER PUNPUN",7.7,7.87,1.8
2024,12,December,1,Bihar,10122,"TRIVENI GHAT, B/c OF RIVER PUNPUN",8.0,7.54,1.8
2024,12,December,2,Bihar,10122,"TRIVENI GHAT, B/c OF RIVER PUNPUN",8.1,7.8,2.8
2017,3,March,1,Bihar,10130,"RIVER GANGA U/S OF M/S NTPC, BARH WATER INTAKE POINT, BARH",7.9,8.36,1.9
2017,4,April,1,Bihar,10130,"RIVER GANGA U/S OF M/S NTPC, BARH WATER INTAKE POINT, BARH",8.1,8.14,2.2
2017,5,May,1,Bihar,10130,"RIVER GANGA U/S OF M/S NTPC, BARH WATER INTAKE POINT, BARH",7.8,8.47,2.6
2017,6,June,1,Bihar,10130,"RIVER GANGA U/S OF M/S NTPC, BARH WATER INTAKE POINT, BARH",8.6,7.82,1.9
2017,7,July,1,Bihar,10130,"RIVER GANGA U/S OF M/S NTPC, BARH WATER INTAKE POINT, BARH",7.4,7.81,2.2
2017,9,September,1,Bihar,10130,"RIVER GANGA U/S OF M/S NTPC, BARH WATER INTAKE POINT, BARH",7.4,7.66,2.0
2020,1,January,1,Bihar,10130,"RIVER GANGA U/S OF M/S NTPC, BARH WATER INTAKE POINT, BARH",9.8,8.0,1.3
2020,5,May,2,Bihar,10130,"RIVER GANGA U/S OF M/S NTPC, BARH WATER INTAKE POINT, BARH",7.5,8.3,2.1
2020,6,June,2,Bihar,10130,"RIVER GANGA U/S OF M/S NTPC, BARH WATER INTAKE POINT, BARH",7.3,7.7,1.8
2020,7,July,2,Bihar,10130,"RIVER GANGA U/S OF M/S NTPC, BARH WATER INTAKE POINT, BARH",6.4,7.7,1.4
2020,8,August,2,Bihar,10130,"RIVER GANGA U/S OF M/S NTPC, BARH WATER INTAKE POINT, BARH",5.3,7.8,2.2
2020,9,September,1,Bihar,10130,"RIVER GANGA U/S OF M/S NTPC, BARH WATER INTAKE POINT, BARH",5.6,7.7,2.0
2020,9,September,2,Bihar,10130,"RIVER GANGA U/S OF M/S NTPC, BARH WATER INTAKE POINT, BARH",6.2,7.8,2.2
2021,1,January,1,Bihar,10130,"RIVER GANGA U/S OF M/S NTPC, BARH WATER INTAKE POINT, BARH",9.6,7.9,2.5
2021,1,January,2,Bihar,10130,"RIVER GANGA U/S OF M/S NTPC, BARH WATER INTAKE POINT, BARH",11.5,8.1,2.0
2021,2,February,1,Bihar,10130,"RIVER GANGA U/S OF M/S NTPC, BARH WATER INTAKE POINT, BARH",9.3,8.02,1.7
2021,2,February,2,Bihar,10130,"RIVER GANGA U/S OF M/S NTPC, BARH WATER INTAKE POINT, BARH",11.3,8.4,2.1
2021,3,March,1,Bihar,10130,"RIVER GANGA U/S OF M/S NTPC, BARH WATER INTAKE POINT, BARH",9.8,8.01,1.2
2021,3,March,2,Bihar,10130,"RIVER GANGA U/S OF M/S NTPC, BARH WATER INTAKE POINT, BARH",12.6,7.83,1.4
2021,4,April,1,Bihar,10130,"RIVER GANGA U/S OF M/S NTPC, BARH WATER INTAKE POINT, BARH",9.5,7.99,1.6
2021,4,April,2,Bihar,10130,"RIVER GANGA U/S OF M/S NTPC, BARH WATER INTAKE POINT, BARH",8.8,8.2,1.4
2021,5,May,1,Bihar,10130,"RIVER GANGA U/S OF M/S NTPC, BARH WATER INTAKE POINT, BARH",8.9,7.94,1.1
2021,6,June,1,Bihar,10130,"RIVER GANGA U/S OF M/S NTPC, BARH WATER INTAKE POINT, BARH",5.2,7.6,2.7
2021,6,June,2,Bihar,10130,"RIVER GANGA U/S OF M/S NTPC, BARH WATER INTAKE POINT, BARH",7.5,7.94,1.1
2021,7,July,1,Bihar,10130,"RIVER GANGA U/S OF M/S NTPC, BARH WATER INTAKE POINT, BARH",6.5,7.45,1.5
2021,7,July,2,Bihar,10130,"RIVER GANGA U/S OF M/S NTPC, BARH WATER INTAKE POINT, BARH",7.4,7.28,1.8
2021,8,August,1,Bihar,10130,"RIVER GANGA U/S OF M/S NTPC, BARH WATER INTAKE POINT, BARH",6.9,7.51,1.9
2021,8,August,2,Bihar,10130,"RIVER GANGA U/S OF M/S NTPC, BARH WATER INTAKE POINT, BARH",6.8,7.49,2.2
2021,9,September,1,Bihar,10130,"RIVER GANGA U/S OF M/S NTPC, BARH WATER INTAKE POINT, BARH",8.3,7.75,1.3
2021,9,September,2,Bihar,10130,"RIVER GANGA U/S OF M/S NTPC, BARH WATER INTAKE POINT, BARH",6.6,7.61,1.8
2021,10,October,1,Bihar,10130,"RIVER GANGA U/S OF M/S NTPC, BARH WATER INTAKE POINT, BARH",6.9,7.85,1.9
2021,11,November,1,Bihar,10130,"RIVER GANGA U/S OF M/S NTPC, BARH WATER INTAKE POINT, BARH",7.6,8.01,1.9
2021,11,November,2,Bihar,10130,"RIVER GANGA U/S OF M/S NTPC, BARH WATER INTAKE POINT, BARH",9.8,7.94,1.0
2021,12,December,1,Bihar,10130,"RIVER GANGA U/S OF M/S NTPC, BARH WATER INTAKE POINT, BARH",8.2,8.03,1.2
2021,12,December,2,Bihar,10130,"RIVER GANGA U/S OF M/S NTPC, BARH WATER INTAKE POINT, BARH",9.5,8.25,1.5
2022,1,January,1,Bihar,10130,"RIVER GANGA U/S OF M/S NTPC, BARH WATER INTAKE POINT, BARH",9.0,8.47,1.1
2022,1,January,2,Bihar,10130,"RIVER GANGA U/S OF M/S NTPC, BARH WATER INTAKE POINT, BARH",8.5,8.3,1.0
2022,2,February,1,Bihar,10130,"RIVER GANGA U/S OF M/S NTPC, BARH WATER INTAKE POINT, BARH",12.1,8.24,1.0
2022,2,February,2,Bihar,10130,"RIVER GANGA U/S OF M/S NTPC, BARH WATER INTAKE POINT, BARH",9.2,8.44,1.0
2022,3,March,1,Bihar,10130,"RIVER GANGA U/S OF M/S NTPC, BARH WATER INTAKE POINT, BARH",7.8,8.0,1.3
2022,3,March,2,Bihar,10130,"RIVER GANGA U/S OF M/S NTPC, BARH WATER INTAKE POINT, BARH",8.0,7.81,1.6
2022,4,April,1,Bihar,10130,"RIVER GANGA U/S OF M/S NTPC, BARH WATER INTAKE POINT, BARH",8.4,7.52,1.1
2022,4,April,2,Bihar,10130,"RIVER GANGA U/S OF M/S NTPC, BARH WATER INTAKE POINT, BARH",8.8,7.81,1.4
2022,5,May,1,Bihar,10130,"RIVER GANGA U/S OF M/S NTPC, BARH WATER INTAKE POINT, BARH",7.5,8.01,2.1
2022,5,May,2,Bihar,10130,"RIVER GANGA U/S OF M/S NTPC, BARH WATER INTAKE POINT, BARH",8.3,7.48,1.2
2022,6,June,1,Bihar,10130,"RIVER GANGA U/S OF M/S NTPC, BARH WATER INTAKE POINT, BARH",9.1,7.33,1.0
2022,6,June,2,Bihar,10130,"RIVER GANGA U/S OF M/S NTPC, BARH WATER INTAKE POINT, BARH",8.1,8.02,1.8
2022,7,July,1,Bihar,10130,"RIVER GANGA U/S OF M/S NTPC, BARH WATER INTAKE POINT, BARH",6.8,7.39,2.3
2022,7,July,2,Bihar,10130,"RIVER GANGA U/S OF M/S NTPC, BARH WATER INTAKE POINT, BARH",9.0,7.3,1.0
2022,8,August,1,Bihar,10130,"RIVER GANGA U/S OF M/S NTPC, BARH WATER INTAKE POINT, BARH",5.8,7.48,2.7
2022,8,August,2,Bihar,10130,"RIVER GANGA U/S OF M/S NTPC, BARH WATER INTAKE POINT, BARH",6.3,7.7,2.5
2022,9,September,1,Bihar,10130,"RIVER GANGA U/S OF M/S NTPC, BARH WATER INTAKE POINT, BARH",7.2,7.33,1.0
2022,9,September,2,Bihar,10130,"RIVER GANGA U/S OF M/S NTPC, BARH WATER INTAKE POINT, BARH",5.5,7.73,2.6
2022,10,October,1,Bihar,10130,"RIVER GANGA U/S OF M/S NTPC, BARH WATER INTAKE POINT, BARH",7.2,7.32,1.7
2022,10,October,2,Bihar,10130,"RIVER GANGA U/S OF M/S NTPC, BARH WATER INTAKE POINT, BARH",6.4,7.52,2.0
2022,11,November,1,Bihar,10130,"RIVER GANGA U/S OF M/S NTPC, BARH WATER INTAKE POINT, BARH",7.6,7.65,2.5
2022,11,November,2,Bihar,10130,"RIVER GANGA U/S OF M/S NTPC, BARH WATER INTAKE POINT, BARH",7.8,7.83,1.4
2022,12,December,1,Bihar,10130,"RIVER GANGA U/S OF M/S NTPC, BARH WATER INTAKE POINT, BARH",7.2,7.68,1.8
2022,12,December,2,Bihar,10130,"RIVER GANGA U/S OF M/S NTPC, BARH WATER INTAKE POINT, BARH",7.4,7.69,2.1
2023,1,January,1,Bihar,10130,"RIVER GANGA U/S OF M/S NTPC, BARH WATER INTAKE POINT, BARH",8.2,7.6,2.0
2023,1,January,2,Bihar,10130,"RIVER GANGA U/S OF M/S NTPC, BARH WATER INTAKE POINT, BARH",8.4,8.22,1.3
2023,2,February,1,Bihar,10130,"RIVER GANGA U/S OF M/S NTPC, BARH WATER INTAKE POINT, BARH",9.4,8.07,1.1
2023,2,February,2,Bihar,10130,"RIVER GANGA U/S OF M/S NTPC, BARH WATER INTAKE POINT, BARH",9.5,7.42,1.1
2023,3,March,1,Bihar,10130,"RIVER GANGA U/S OF M/S NTPC, BARH WATER INTAKE POINT, BARH",7.7,8.21,2.1
2023,3,March,2,Bihar,10130,"RIVER GANGA U/S OF M/S NTPC, BARH WATER INTAKE POINT, BARH",7.7,7.9,2.2
2023,4,April,1,Bihar,10130,"RIVER GANGA U/S OF M/S NTPC, BARH WATER INTAKE POINT, BARH",8.6,8.01,1.3
2023,4,April,2,Bihar,10130,"RIVER GANGA U/S OF M/S NTPC, BARH WATER INTAKE POINT, BARH",8.8,8.07,1.0
2023,5,May,1,Bihar,10130,"RIVER GANGA U/S OF M/S NTPC, BARH WATER INTAKE POINT, BARH",7.8,8.2,1.9
2023,5,May,2,Bihar,10130,"RIVER GANGA U/S OF M/S NTPC, BARH WATER INTAKE POINT, BARH",8.3,7.56,2.2
2023,6,June,1,Bihar,10130,"RIVER GANGA U/S OF M/S NTPC, BARH WATER INTAKE POINT, BARH",7.6,7.46,2.7
2023,6,June,2,Bihar,10130,"RIVER GANGA U/S OF M/S NTPC, BARH WATER INTAKE POINT, BARH",7.9,7.79,2.1
2023,7,July,1,Bihar,10130,"RIVER GANGA U/S OF M/S NTPC, BARH WATER INTAKE POINT, BARH",7.6,7.39,2.0
2023,7,July,2,Bihar,10130,"RIVER GANGA U/S OF M/S NTPC, BARH WATER INTAKE POINT, BARH",7.7,7.36,1.5
2023,8,August,1,Bihar,10130,"RIVER GANGA U/S OF M/S NTPC, BARH WATER INTAKE POINT, BARH",7.5,7.98,1.8
2023,8,August,2,Bihar,10130,"RIVER GANGA U/S OF M/S NTPC, BARH WATER INTAKE POINT, BARH",7.5,7.28,1.3
2023,9,September,1,Bihar,10130,"RIVER GANGA U/S OF M/S NTPC, BARH WATER INTAKE POINT, BARH",8.3,7.81,1.4
2023,9,September,2,Bihar,10130,"RIVER GANGA U/S OF M/S NTPC, BARH WATER INTAKE POINT, BARH",7.3,7.95,2.0
2023,10,October,1,Bihar,10130,"RIVER GANGA U/S OF M/S NTPC, BARH WATER INTAKE POINT, BARH",7.5,7.51,1.3
2023,10,October,2,Bihar,10130,"RIVER GANGA U/S OF M/S NTPC, BARH WATER INTAKE POINT, BARH",7.4,7.68,1.6
2023,11,November,1,Bihar,10130,"RIVER GANGA U/S OF M/S NTPC, BARH WATER INTAKE POINT, BARH",7.6,7.51,1.5
2023,11,November,2,Bihar,10130,"RIVER GANGA U/S OF M/S NTPC, BARH WATER INTAKE POINT, BARH",7.4,7.29,1.9
2023,12,December,1,Bihar,10130,"RIVER GANGA U/S OF M/S NTPC, BARH WATER INTAKE POINT, BARH",7.6,7.46,1.4
2023,12,December,2,Bihar,10130,"RIVER GANGA U/S OF M/S NTPC, BARH WATER INTAKE POINT, BARH",7.4,7.25,1.1
2024,1,January,1,Bihar,10130, U/S OF M/S NTPC BARH,8.2,7.48,1.3
2024,1,January,2,Bihar,10130, U/S OF M/S NTPC BARH,8.6,7.82,1.2
2024,2,February,1,Bihar,10130, U/S OF M/S NTPC BARH,8.4,7.52,1.2
2024,3,March,1,Bihar,10130, U/S OF M/S NTPC BARH,8.4,7.62,1.0
2024,3,March,2,Bihar,10130, U/S OF M/S NTPC BARH,8.0,7.68,1.4
2024,4,April,1,Bihar,10130, U/S OF M/S NTPC BARH,7.6,7.89,1.3
2024,4,April,2,Bihar,10130, U/S OF M/S NTPC BARH,8.5,7.54,1.3
2024,5,May,1,Bihar,10130, U/S OF M/S NTPC BARH,8.8,7.26,1.3
2024,5,May,2,Bihar,10130, U/S OF M/S NTPC BARH,7.7,7.68,1.0
2024,6,June,1,Bihar,10130, U/S OF M/S NTPC BARH,7.8,7.65,1.4
2024,6,June,2,Bihar,10130, U/S OF M/S NTPC BARH,7.6,8.2,1.5
2024,7,July,1,Bihar,10130, U/S OF M/S NTPC BARH,7.2,7.28,1.7
2024,7,July,2,Bihar,10130, U/S OF M/S NTPC BARH,7.0,7.56,1.8
2024,8,August,1,Bihar,10130, U/S OF M/S NTPC BARH,7.4,7.95,2.8
2024,8,August,2,Bihar,10130, U/S OF M/S NTPC BARH,7.2,7.67,1.9
2024,9,September,1,Bihar,10130, U/S OF M/S NTPC BARH,6.9,7.59,1.4
2024,9,September,2,Bihar,10130, U/S OF M/S NTPC BARH,6.4,7.92,1.3
2024,10,October,1,Bihar,10130, U/S OF M/S NTPC BARH,7.3,7.82,1.1
2024,11,November,1,Bihar,10130, U/S OF M/S NTPC BARH,7.5,7.6,2.0
2024,11,November,2,Bihar,10130, U/S OF M/S NTPC BARH,8.9,8.09,1.5
2024,12,December,1,Bihar,10130, U/S OF M/S NTPC BARH,8.6,7.5,1.2
2024,12,December,2,Bihar,10130, U/S OF M/S NTPC BARH,8.5,7.46,1.8
2017,6,June,1,Bihar,10143,"RIVER GANGA D/S NEAR CREMATION GHAT, KHALGOAN",6.8,7.7,2.4
2017,7,July,1,Bihar,10143,"RIVER GANGA D/S NEAR CREMATION GHAT, KHALGOAN",7.1,7.8,2.6
2018,10,October,1,Bihar,10143,"RIVER GANGA D/S NEAR CREMATION GHAT, KHALGOAN",7.8,7.09,2.4
2019,6,June,1,Bihar,10143,"RIVER GANGA D/S NEAR CREMATION GHAT, KHALGOAN",5.9,8.2,1.2
2020,8,August,1,Bihar,10143,"RIVER GANGA D/S NEAR CREMATION GHAT, KHALGOAN",6.2,7.9,2.2
2020,9,September,1,Bihar,10143,"RIVER GANGA D/S NEAR CREMATION GHAT, KHALGOAN",6.0,7.9,1.9
2021,1,January,1,Bihar,10143,"RIVER GANGA D/S NEAR CREMATION GHAT, KHALGOAN",9.5,8.2,2.1
2021,2,February,1,Bihar,10143,"RIVER GANGA D/S NEAR CREMATION GHAT, KHALGOAN",10.6,8.0,1.9
2021,2,February,2,Bihar,10143,"RIVER GANGA D/S NEAR CREMATION GHAT, KHALGOAN",10.3,7.87,1.6
2021,3,March,1,Bihar,10143,"RIVER GANGA D/S NEAR CREMATION GHAT, KHALGOAN",9.1,7.64,1.3
2021,3,March,2,Bihar,10143,"RIVER GANGA D/S NEAR CREMATION GHAT, KHALGOAN",9.0,7.83,1.3
2021,4,April,2,Bihar,10143,"RIVER GANGA D/S NEAR CREMATION GHAT, KHALGOAN",8.5,8.15,2.0
2021,6,June,1,Bihar,10143,"RIVER GANGA D/S NEAR CREMATION GHAT, KHALGOAN",6.4,7.66,2.3
2021,7,July,1,Bihar,10143,"RIVER GANGA D/S NEAR CREMATION GHAT, KHALGOAN",7.6,7.64,2.6
2021,7,July,2,Bihar,10143,"RIVER GANGA D/S NEAR CREMATION GHAT, KHALGOAN",6.3,3.45,1.8
2021,8,August,1,Bihar,10143,"RIVER GANGA D/S NEAR CREMATION GHAT, KHALGOAN",7.3,7.53,1.2
2021,9,September,1,Bihar,10143,"RIVER GANGA D/S NEAR CREMATION GHAT, KHALGOAN",6.1,7.59,2.2
2021,9,September,2,Bihar,10143,"RIVER GANGA D/S NEAR CREMATION GHAT, KHALGOAN",6.0,8.34,2.5
2021,10,October,1,Bihar,10143,"RIVER GANGA D/S NEAR CREMATION GHAT, KHALGOAN",7.4,7.71,1.9
2021,10,October,2,Bihar,10143,"RIVER GANGA D/S NEAR CREMATION GHAT, KHALGOAN",6.5,7.68,2.2
2021,11,November,1,Bihar,10143,"RIVER GANGA D/S NEAR CREMATION GHAT, KHALGOAN",7.8,7.63,1.9
2021,11,November,2,Bihar,10143,"RIVER GANGA D/S NEAR CREMATION GHAT, KHALGOAN",8.8,7.44,1.4
2021,12,December,1,Bihar,10143,"RIVER GANGA D/S NEAR CREMATION GHAT, KHALGOAN",7.4,8.37,1.7
2022,1,January,2,Bihar,10143,"RIVER GANGA D/S NEAR CREMATION GHAT, KHALGOAN",8.5,8.2,1.2
2022,2,February,1,Bihar,10143,"RIVER GANGA D/S NEAR CREMATION GHAT, KHALGOAN",11.1,8.01,1.0
2022,2,February,2,Bihar,10143,"RIVER GANGA D/S NEAR CREMATION GHAT, KHALGOAN",8.3,8.03,1.8
2022,3,March,1,Bihar,10143,"RIVER GANGA D/S NEAR CREMATION GHAT, KHALGOAN",8.9,7.82,1.6
2022,3,March,2,Bihar,10143,"RIVER GANGA D/S NEAR CREMATION GHAT, KHALGOAN",8.2,7.87,1.0
2022,4,April,1,Bihar,10143,"RIVER GANGA D/S NEAR CREMATION GHAT, KHALGOAN",8.5,7.75,1.5
2022,5,May,1,Bihar,10143,"RIVER GANGA D/S NEAR CREMATION GHAT, KHALGOAN",8.1,7.51,2.1
2022,5,May,2,Bihar,10143,"RIVER GANGA D/S NEAR CREMATION GHAT, KHALGOAN",9.5,8.06,1.7
2022,6,June,1,Bihar,10143,"RIVER GANGA D/S NEAR CREMATION GHAT, KHALGOAN",8.0,7.65,1.8
2022,6,June,2,Bihar,10143,"RIVER GANGA D/S NEAR CREMATION GHAT, KHALGOAN",6.4,8.01,2.7
2022,7,July,1,Bihar,10143,"RIVER GANGA D/S NEAR CREMATION GHAT, KHALGOAN",5.9,7.89,2.7
2022,7,July,2,Bihar,10143,"RIVER GANGA D/S NEAR CREMATION GHAT, KHALGOAN",7.8,7.44,1.9
2022,8,August,1,Bihar,10143,"RIVER GANGA D/S NEAR CREMATION GHAT, KHALGOAN",5.6,7.96,2.8
2022,8,August,2,Bihar,10143,"RIVER GANGA D/S NEAR CREMATION GHAT, KHALGOAN",5.2,7.29,3.2
2022,9,September,1,Bihar,10143,"RIVER GANGA D/S NEAR CREMATION GHAT, KHALGOAN",6.6,7.47,2.1
2022,9,September,2,Bihar,10143,"RIVER GANGA D/S NEAR CREMATION GHAT, KHALGOAN",5.6,7.2,2.7
2022,10,October,1,Bihar,10143,"RIVER GANGA D/S NEAR CREMATION GHAT, KHALGOAN",5.8,7.32,2.9
2022,10,October,2,Bihar,10143,"RIVER GANGA D/S NEAR CREMATION GHAT, KHALGOAN",5.6,7.52,2.8
2022,11,November,1,Bihar,10143,"RIVER GANGA D/S NEAR CREMATION GHAT, KHALGOAN",5.4,7.42,1.5
2022,11,November,2,Bihar,10143,"RIVER GANGA D/S NEAR CREMATION GHAT, KHALGOAN",7.0,7.38,2.3
2022,12,December,1,Bihar,10143,"RIVER GANGA D/S NEAR CREMATION GHAT, KHALGOAN",8.6,7.4,1.6
2022,12,December,2,Bihar,10143,"RIVER GANGA D/S NEAR CREMATION GHAT, KHALGOAN",9.0,7.42,1.0
2023,1,January,1,Bihar,10143,"RIVER GANGA D/S NEAR CREMATION GHAT, KHALGOAN",8.5,8.27,1.0
2023,1,January,2,Bihar,10143,"RIVER GANGA D/S NEAR CREMATION GHAT, KHALGOAN",9.1,8.16,1.6
2023,2,February,1,Bihar,10143,"RIVER GANGA D/S NEAR CREMATION GHAT, KHALGOAN",8.1,7.9,2.1
2023,2,February,2,Bihar,10143,"RIVER GANGA D/S NEAR CREMATION GHAT, KHALGOAN",8.6,7.96,1.7
2023,3,March,2,Bihar,10143,"RIVER GANGA D/S NEAR CREMATION GHAT, KHALGOAN",8.1,7.74,1.3
2023,4,April,1,Bihar,10143,"RIVER GANGA D/S NEAR CREMATION GHAT, KHALGOAN",7.5,7.77,2.1
2023,5,May,1,Bihar,10143,"RIVER GANGA D/S NEAR CREMATION GHAT, KHALGOAN",7.5,8.13,2.3
2023,5,May,2,Bihar,10143,"RIVER GANGA D/S NEAR CREMATION GHAT, KHALGOAN",8.5,7.38,1.3
2023,6,June,1,Bihar,10143,"RIVER GANGA D/S NEAR CREMATION GHAT, KHALGOAN",6.9,7.58,2.5
2023,7,July,1,Bihar,10143,"RIVER GANGA D/S NEAR CREMATION GHAT, KHALGOAN",6.8,7.97,2.1
2023,7,July,2,Bihar,10143,"RIVER GANGA D/S NEAR CREMATION GHAT, KHALGOAN",7.2,7.45,1.2
2023,8,August,1,Bihar,10143,"RIVER GANGA D/S NEAR CREMATION GHAT, KHALGOAN",6.7,7.57,2.5
2023,8,August,2,Bihar,10143,"RIVER GANGA D/S NEAR CREMATION GHAT, KHALGOAN",7.1,7.77,2.0
2023,9,September,1,Bihar,10143,"RIVER GANGA D/S NEAR CREMATION GHAT, KHALGOAN",8.2,7.75,1.2
2023,9,September,2,Bihar,10143,"RIVER GANGA D/S NEAR CREMATION GHAT, KHALGOAN",7.3,7.73,1.9
2023,10,October,1,Bihar,10143,"RIVER GANGA D/S NEAR CREMATION GHAT, KHALGOAN",7.5,7.57,1.7
2023,10,October,2,Bihar,10143,"RIVER GANGA D/S NEAR CREMATION GHAT, KHALGOAN",6.9,7.66,2.1
2023,11,November,1,Bihar,10143,"RIVER GANGA D/S NEAR CREMATION GHAT, KHALGOAN",7.6,7.73,1.9
2023,11,November,2,Bihar,10143,"RIVER GANGA D/S NEAR CREMATION GHAT, KHALGOAN",8.5,7.66,1.0
2023,12,December,1,Bihar,10143,"RIVER GANGA D/S NEAR CREMATION GHAT, KHALGOAN",7.2,7.46,2.0
2023,12,December,2,Bihar,10143,"RIVER GANGA D/S NEAR CREMATION GHAT, KHALGOAN",7.2,7.73,1.6
2024,1,January,1,Bihar,10143, KAHALGAON D/S,8.5,7.43,1.5
2024,1,January,2,Bihar,10143, KAHALGAON D/S,8.2,7.51,1.4
2024,2,February,1,Bihar,10143, KAHALGAON D/S,7.4,7.7,1.9
2024,2,February,2,Bihar,10143, KAHALGAON D/S,7.8,7.23,1.3
2024,3,March,1,Bihar,10143, KAHALGAON D/S,7.5,7.68,1.5
2024,3,March,2,Bihar,10143, KAHALGAON D/S,7.3,7.68,1.1
2024,4,April,1,Bihar,10143, KAHALGAON D/S,8.0,7.75,1.0
2024,4,April,2,Bihar,10143, KAHALGAON D/S,7.2,7.58,2.1
2024,5,May,1,Bihar,10143, KAHALGAON D/S,8.0,7.3,1.5
2024,5,May,2,Bihar,10143, KAHALGAON D/S,8.0,7.51,2.1
2024,6,June,1,Bihar,10143, KAHALGAON D/S,8.3,7.5,2.0
2024,6,June,2,Bihar,10143, KAHALGAON D/S,7.4,7.82,1.3
2024,7,July,1,Bihar,10143, KAHALGAON D/S,7.6,7.32,1.3
2024,7,July,2,Bihar,10143, KAHALGAON D/S,7.5,7.38,1.1
2024,8,August,1,Bihar,10143, KAHALGAON D/S,7.2,7.36,2.0
2024,9,September,1,Bihar,10143, KAHALGAON D/S,7.2,7.56,1.6
2024,10,October,1,Bihar,10143, KAHALGAON D/S,7.4,7.55,1.9
2024,10,October,2,Bihar,10143, KAHALGAON D/S,6.0,7.79,1.4
2024,12,December,1,Bihar,10143, KAHALGAON D/S,8.1,7.63,2.3
2024,12,December,2,Bihar,10143, KAHALGAON D/S,7.7,7.7,1.3
2018,1,January,1,Jharkhand,10145,River Ganga D/s near Janta Ghat,7.6,8.0,2.6
2018,2,February,1,Jharkhand,10145,River Ganga D/s near Janta Ghat,7.8,8.0,2.6
2018,3,March,1,Jharkhand,10145,River Ganga D/s near Janta Ghat,7.7,8.0,2.4
2018,4,April,1,Jharkhand,10145,River Ganga D/s near Janta Ghat,7.8,8.2,2.6
2018,5,May,1,Jharkhand,10145,River Ganga D/s near Janta Ghat,8.0,8.3,2.4
2018,6,June,1,Jharkhand,10145,River Ganga D/s near Janta Ghat,8.4,7.7,2.4
2018,7,July,1,Jharkhand,10145,River Ganga D/s near Janta Ghat,8.2,7.8,2.6
2018,8,August,1,Jharkhand,10145,River Ganga D/s near Janta Ghat,8.6,8.3,2.4
2018,9,September,1,Jharkhand,10145,River Ganga D/s near Janta Ghat,8.5,8.4,2.6
2018,10,October,1,Jharkhand,10145,River Ganga D/s near Janta Ghat,8.6,8.5,2.4
2018,12,December,1,Jharkhand,10145,River Ganga D/s near Janta Ghat,8.6,8.4,2.8
2019,1,January,1,Jharkhand,10145,River Ganga D/s near Janta Ghat,8.5,8.0,2.3
2019,2,February,1,Jharkhand,10145,River Ganga D/s near Janta Ghat,8.4,8.2,2.4
2019,3,March,1,Jharkhand,10145,River Ganga D/s near Janta Ghat,8.2,8.3,2.6
2019,4,April,1,Jharkhand,10145,River Ganga D/s near Janta Ghat,8.4,8.0,2.4
2019,5,May,1,Jharkhand,10145,River Ganga D/s near Janta Ghat,8.4,8.0,2.2
2019,7,July,1,Jharkhand,10145,River Ganga D/s near Janta Ghat,8.2,8.0,2.6
2019,8,August,1,Jharkhand,10145,River Ganga D/s near Janta Ghat,8.2,8.4,2.6
2019,9,September,1,Jharkhand,10145,River Ganga D/s near Janta Ghat,8.0,8.4,2.6
2019,10,October,1,Jharkhand,10145,River Ganga D/s near Janta Ghat,8.0,7.8,2.2
2020,1,January,1,Jharkhand,10145,River Ganga D/s near Janta Ghat,8.4,8.2,2.6
2020,1,January,2,Jharkhand,10145,River Ganga D/s near Janta Ghat,8.2,8.4,2.4
2020,2,February,1,Jharkhand,10145,River Ganga D/s near Janta Ghat,8.6,8.2,2.4
2020,2,February,2,Jharkhand,10145,River Ganga D/s near Janta Ghat,8.4,8.2,2.6
2020,3,March,1,Jharkhand,10145,River Ganga D/s near Janta Ghat,8.6,8.2,2.6
2020,3,March,2,Jharkhand,10145,River Ganga D/s near Janta Ghat,8.5,8.3,2.8
2020,4,April,1,Jharkhand,10145,River Ganga D/s near Janta Ghat,9.2,7.2,1.8
2020,4,April,2,Jharkhand,10145,River Ganga D/s near Janta Ghat,9.8,7.1,1.6
2020,5,May,1,Jharkhand,10145,River Ganga D/s near Janta Ghat,9.1,7.2,1.7
2020,5,May,2,Jharkhand,10145,River Ganga D/s near Janta Ghat,9.8,7.1,1.8
2020,6,June,1,Jharkhand,10145,River Ganga D/s near Janta Ghat,9.0,7.2,1.6
2020,7,July,1,Jharkhand,10145,River Ganga D/s near Janta Ghat,8.2,7.5,2.6
2020,9,September,1,Jharkhand,10145,River Ganga D/s near Janta Ghat,8.4,7.7,2.6
2020,9,September,2,Jharkhand,10145,River Ganga D/s near Janta Ghat,8.6,7.8,2.4
2020,11,November,2,Jharkhand,10145,River Ganga D/s near Janta Ghat,7.6,7.9,2.6
2020,12,December,1,Jharkhand,10145,River Ganga D/s near Janta Ghat,7.9,8.0,2.4
2021,1,January,1,Jharkhand,10145,River Ganga D/s near Janta Ghat,7.5,7.6,2.4
2021,3,March,1,Jharkhand,10145,River Ganga D/s near Janta Ghat,7.6,7.7,1.4
2021,3,March,2,Jharkhand,10145,River Ganga D/s near Janta Ghat,7.6,7.5,1.6
2021,4,April,1,Jharkhand,10145,River Ganga D/s near Janta Ghat,7.6,7.5,1.4
2021,4,April,2,Jharkhand,10145,River Ganga D/s near Janta Ghat,7.5,7.6,1.2
2021,7,July,1,Jharkhand,10145,River Ganga D/s near Janta Ghat,7.4,7.6,1.4
2021,7,July,2,Jharkhand,10145,River Ganga D/s near Janta Ghat,7.6,7.5,1.6
2021,8,August,1,Jharkhand,10145,River Ganga D/s near Janta Ghat,6.4,7.6,1.4
2021,8,August,2,Jharkhand,10145,River Ganga D/s near Janta Ghat,6.9,7.6,1.4
2021,9,September,1,Jharkhand,10145,River Ganga D/s near Janta Ghat,7.0,7.8,1.2
2022,1,January,1,Jharkhand,10145,River Ganga D/s near Janta Ghat,6.7,7.6,1.6
2022,1,January,2,Jharkhand,10145,River Ganga D/s near Janta Ghat,6.7,7.5,1.2
2022,2,February,1,Jharkhand,10145,River Ganga D/s near Janta Ghat,6.7,7.5,1.2
2022,2,February,2,Jharkhand,10145,River Ganga D/s near Janta Ghat,6.9,7.5,1.4
2022,3,March,1,Jharkhand,10145,River Ganga D/s near Janta Ghat,6.8,7.5,1.3
2022,3,March,2,Jharkhand,10145,River Ganga D/s near Janta Ghat,6.7,7.5,1.2
2022,4,April,1,Jharkhand,10145,River Ganga D/s near Janta Ghat,6.8,7.5,1.2
2022,4,April,2,Jharkhand,10145,River Ganga D/s near Janta Ghat,6.8,7.5,1.3
2022,5,May,1,Jharkhand,10145,River Ganga D/s near Janta Ghat,6.9,7.5,1.3
2022,5,May,2,Jharkhand,10145,River Ganga D/s near Janta Ghat,7.0,7.5,1.2
2022,6,June,1,Jharkhand,10145,River Ganga D/s near Janta Ghat,7.2,7.5,1.1
2022,6,June,2,Jharkhand,10145,River Ganga D/s near Janta Ghat,6.9,7.5,1.2
2022,7,July,1,Jharkhand,10145,River Ganga D/s near Janta Ghat,6.9,7.5,1.2
2022,7,July,2,Jharkhand,10145,River Ganga D/s near Janta Ghat,7.2,7.6,1.3
2022,8,August,1,Jharkhand,10145,River Ganga D/s near Janta Ghat,7.0,7.5,1.3
2022,8,August,2,Jharkhand,10145,River Ganga D/s near Janta Ghat,6.9,7.5,1.2
2022,9,September,1,Jharkhand,10145,River Ganga D/s near Janta Ghat,6.9,7.5,1.1
2022,9,September,2,Jharkhand,10145,River Ganga D/s near Janta Ghat,7.0,7.4,1.3
2022,10,October,1,Jharkhand,10145,River Ganga D/s near Janta Ghat,6.9,7.6,1.2
2022,10,October,2,Jharkhand,10145,River Ganga D/s near Janta Ghat,7.1,7.5,1.1
2022,11,November,1,Jharkhand,10145,River Ganga D/s near Janta Ghat,7.2,7.5,1.1
2022,11,November,2,Jharkhand,10145,River Ganga D/s near Janta Ghat,7.1,7.6,1.1
2022,12,December,1,Jharkhand,10145,River Ganga D/s near Janta Ghat,7.2,7.5,1.2
2022,12,December,2,Jharkhand,10145,River Ganga D/s near Janta Ghat,7.2,7.5,1.1
2023,1,January,1,Jharkhand,10145,River Ganga D/s near Janta Ghat,7.2,7.5,1.1
2023,1,January,2,Jharkhand,10145,River Ganga D/s near Janta Ghat,7.1,7.6,1.1
2023,2,February,1,Jharkhand,10145,River Ganga D/s near Janta Ghat,7.3,7.5,1.1
2023,2,February,2,Jharkhand,10145,River Ganga D/s near Janta Ghat,7.1,7.5,1.1
2023,3,March,1,Jharkhand,10145,River Ganga D/s near Janta Ghat,7.2,7.5,1.1
2023,3,March,2,Jharkhand,10145,River Ganga D/s near Janta Ghat,7.1,7.5,1.1
2023,4,April,1,Jharkhand,10145,River Ganga D/s near Janta Ghat,7.5,7.6,1.2
2023,4,April,2,Jharkhand,10145,River Ganga D/s near Janta Ghat,7.2,7.6,1.1
2023,5,May,1,Jharkhand,10145,River Ganga D/s near Janta Ghat,7.2,7.6,1.2
2023,5,May,2,Jharkhand,10145,River Ganga D/s near Janta Ghat,7.1,7.5,1.1
2023,6,June,1,Jharkhand,10145,River Ganga D/s near Janta Ghat,7.2,7.6,1.1
2023,6,June,2,Jharkhand,10145,River Ganga D/s near Janta Ghat,7.2,7.5,1.2
2023,7,July,1,Jharkhand,10145,River Ganga D/s near Janta Ghat,7.1,7.5,1.1
2023,7,July,2,Jharkhand,10145,River Ganga D/s near Janta Ghat,7.2,7.6,1.2
2023,8,August,1,Jharkhand,10145,River Ganga D/s near Janta Ghat,7.2,7.7,1.4
2023,8,August,2,Jharkhand,10145,River Ganga D/s near Janta Ghat,7.2,7.5,1.4
2023,9,September,1,Jharkhand,10145,River Ganga D/s near Janta Ghat,7.3,7.7,1.1
2023,9,September,2,Jharkhand,10145,River Ganga D/s near Janta Ghat,7.2,7.5,1.3
2023,10,October,1,Jharkhand,10145,River Ganga D/s near Janta Ghat,7.3,7.6,1.2
2023,10,October,2,Jharkhand,10145,River Ganga D/s near Janta Ghat,7.1,7.5,1.2
2023,11,November,1,Jharkhand,10145,River Ganga D/s near Janta Ghat,7.2,7.5,1.1
2023,11,November,2,Jharkhand,10145,River Ganga D/s near Janta Ghat,7.3,7.5,1.3
2023,12,December,1,Jharkhand,10145,River Ganga D/s near Janta Ghat,7.2,7.5,1.2
2023,12,December,2,Jharkhand,10145,River Ganga D/s near Janta Ghat,7.3,7.5,1.1
2024,1,January,1,Jharkhand,10145,NEAR JANTA GHAT D/S,7.2,7.5,1.2
2024,1,January,2,Jharkhand,10145,NEAR JANTA GHAT D/S,7.4,7.6,1.1
2024,2,February,1,Jharkhand,10145,NEAR JANTA GHAT D/S,7.3,7.6,1.1
2024,2,February,2,Jharkhand,10145,NEAR JANTA GHAT D/S,7.5,7.5,1.3
2024,3,March,1,Jharkhand,10145,NEAR JANTA GHAT D/S,7.4,7.5,1.2
2024,3,March,2,Jharkhand,10145,NEAR JANTA GHAT D/S,7.2,7.5,1.2
2024,4,April,1,Jharkhand,10145,NEAR JANTA GHAT D/S,7.2,7.5,1.1
2024,4,April,2,Jharkhand,10145,NEAR JANTA GHAT D/S,7.4,7.6,1.2
2024,5,May,1,Jharkhand,10145,NEAR JANTA GHAT D/S,7.3,7.6,1.4
2024,5,May,2,Jharkhand,10145,NEAR JANTA GHAT D/S,8.1,7.5,1.2
2024,6,June,1,Jharkhand,10145,NEAR JANTA GHAT D/S,7.2,7.5,1.1
2024,6,June,2,Jharkhand,10145,NEAR JANTA GHAT D/S,7.8,7.5,1.2
2024,7,July,1,Jharkhand,10145,NEAR JANTA GHAT D/S,7.1,7.7,1.2
2024,7,July,2,Jharkhand,10145,NEAR JANTA GHAT D/S,8.1,7.5,1.2
2024,8,August,1,Jharkhand,10145,NEAR JANTA GHAT D/S,7.3,7.5,1.1
2024,8,August,2,Jharkhand,10145,NEAR JANTA GHAT D/S,8.2,7.5,1.2
2024,9,September,1,Jharkhand,10145,NEAR JANTA GHAT D/S,7.2,7.7,1.3
2024,9,September,2,Jharkhand,10145,NEAR JANTA GHAT D/S,7.2,7.5,1.2
2024,10,October,1,Jharkhand,10145,NEAR JANTA GHAT D/S,7.0,7.8,1.3
2024,10,October,2,Jharkhand,10145,NEAR JANTA GHAT D/S,7.3,7.5,1.2
2024,11,November,1,Jharkhand,10145,NEAR JANTA GHAT D/S,7.1,7.6,1.3
2024,11,November,2,Jharkhand,10145,NEAR JANTA GHAT D/S,8.2,7.6,1.2
2024,12,December,1,Jharkhand,10145,NEAR JANTA GHAT D/S,8.2,7.5,1.2
2024,12,December,2,Jharkhand,10145,NEAR JANTA GHAT D/S,8.1,7.5,1.3
2018,1,January,1,Jharkhand,10146,River Ganga at Sangi Dalan,7.6,8.5,2.6
2018,2,February,1,Jharkhand,10146,River Ganga at Sangi Dalan,7.8,8.4,2.4
2018,3,March,1,Jharkhand,10146,River Ganga at Sangi Dalan,7.8,8.2,2.6
2018,4,April,1,Jharkhand,10146,River Ganga at Sangi Dalan,7.6,8.2,2.6
2018,5,May,1,Jharkhand,10146,River Ganga at Sangi Dalan,7.6,7.8,2.6
2018,6,June,1,Jharkhand,10146,River Ganga at Sangi Dalan,8.0,7.8,2.8
2018,7,July,1,Jharkhand,10146,River Ganga at Sangi Dalan,7.8,7.8,2.6
2018,8,August,1,Jharkhand,10146,River Ganga at Sangi Dalan,8.0,7.9,2.6
2018,9,September,1,Jharkhand,10146,River Ganga at Sangi Dalan,8.2,8.0,2.8
2018,10,October,1,Jharkhand,10146,River Ganga at Sangi Dalan,8.9,8.0,2.6
2018,12,December,1,Jharkhand,10146,River Ganga at Sangi Dalan,8.4,8.2,2.4
2019,1,January,1,Jharkhand,10146,River Ganga at Sangi Dalan,8.5,8.3,2.6
2019,2,February,1,Jharkhand,10146,River Ganga at Sangi Dalan,8.6,8.2,2.8
2019,3,March,1,Jharkhand,10146,River Ganga at Sangi Dalan,8.4,8.2,2.6
2019,4,April,1,Jharkhand,10146,River Ganga at Sangi Dalan,8.2,8.0,2.6
2019,5,May,1,Jharkhand,10146,River Ganga at Sangi Dalan,8.4,8.2,2.4
2020,1,January,1,Jharkhand,10146,River Ganga at Sangi Dalan,8.6,8.2,2.6
2020,1,January,2,Jharkhand,10146,River Ganga at Sangi Dalan,8.4,8.4,2.4
2020,2,February,1,Jharkhand,10146,River Ganga at Sangi Dalan,8.4,8.2,2.6
2020,2,February,2,Jharkhand,10146,River Ganga at Sangi Dalan,8.4,8.3,2.6
2020,3,March,1,Jharkhand,10146,River Ganga at Sangi Dalan,8.6,8.4,2.6
2020,3,March,2,Jharkhand,10146,River Ganga at Sangi Dalan,8.6,8.4,2.6
2020,4,April,1,Jharkhand,10146,River Ganga at Sangi Dalan,9.6,7.1,1.6
2020,4,April,2,Jharkhand,10146,River Ganga at Sangi Dalan,10.5,7.0,1.5
2020,5,May,1,Jharkhand,10146,River Ganga at Sangi Dalan,9.5,7.2,1.7
2020,5,May,2,Jharkhand,10146,River Ganga at Sangi Dalan,10.4,7.1,1.6
2020,6,June,1,Jharkhand,10146,River Ganga at Sangi Dalan,9.6,7.1,1.7
2020,7,July,1,Jharkhand,10146,River Ganga at Sangi Dalan,8.6,8.2,2.4
2020,9,September,1,Jharkhand,10146,River Ganga at Sangi Dalan,8.2,8.1,2.4
2020,9,September,2,Jharkhand,10146,River Ganga at Sangi Dalan,8.8,8.4,2.6
2020,10,October,1,Jharkhand,10146,River Ganga at Sangi Dalan,8.8,7.6,1.6
2020,11,November,2,Jharkhand,10146,River Ganga at Sangi Dalan,7.8,8.0,1.8
2020,12,December,1,Jharkhand,10146,River Ganga at Sangi Dalan,8.1,8.1,1.4
2021,1,January,1,Jharkhand,10146,River Ganga at Sangi Dalan,7.6,7.5,1.4
2021,3,March,1,Jharkhand,10146,River Ganga at Sangi Dalan,7.5,7.5,1.4
2021,4,April,1,Jharkhand,10146,River Ganga at Sangi Dalan,7.6,7.6,1.2
2021,4,April,2,Jharkhand,10146,River Ganga at Sangi Dalan,7.5,7.6,1.4
2021,5,May,1,Jharkhand,10146,River Ganga at Sangi Dalan,7.5,7.5,1.6
2021,5,May,2,Jharkhand,10146,River Ganga at Sangi Dalan,7.6,7.4,1.2
2021,7,July,1,Jharkhand,10146,River Ganga at Sangi Dalan,7.0,7.6,1.6
2021,7,July,2,Jharkhand,10146,River Ganga at Sangi Dalan,6.6,7.5,1.4
2021,8,August,1,Jharkhand,10146,River Ganga at Sangi Dalan,6.7,7.4,1.6
2021,8,August,2,Jharkhand,10146,River Ganga at Sangi Dalan,6.7,7.7,1.4
2021,9,September,1,Jharkhand,10146,River Ganga at Sangi Dalan,6.6,7.8,1.2
2021,9,September,2,Jharkhand,10146,River Ganga at Sangi Dalan,7.0,7.6,1.2
2022,1,January,1,Jharkhand,10146,River Ganga at Sangi Dalan,6.9,7.6,1.4
2022,1,January,2,Jharkhand,10146,River Ganga at Sangi Dalan,6.6,7.6,1.4
2022,2,February,1,Jharkhand,10146,River Ganga at Sangi Dalan,6.8,7.5,1.3
2022,2,February,2,Jharkhand,10146,River Ganga at Sangi Dalan,6.7,7.5,1.2
2022,3,March,1,Jharkhand,10146,River Ganga at Sangi Dalan,6.9,7.6,1.2
2022,3,March,2,Jharkhand,10146,River Ganga at Sangi Dalan,6.9,7.6,1.3
2022,4,April,1,Jharkhand,10146,River Ganga at Sangi Dalan,6.8,7.6,1.3
2022,4,April,2,Jharkhand,10146,River Ganga at Sangi Dalan,6.9,7.5,1.4
2022,5,May,1,Jharkhand,10146,River Ganga at Sangi Dalan,7.0,7.4,1.2
2022,5,May,2,Jharkhand,10146,River Ganga at Sangi Dalan,7.0,7.4,1.3
2022,6,June,1,Jharkhand,10146,River Ganga at Sangi Dalan,7.0,7.6,1.3
2022,6,June,2,Jharkhand,10146,River Ganga at Sangi Dalan,7.0,7.6,1.2
2022,7,July,1,Jharkhand,10146,River Ganga at Sangi Dalan,7.1,7.6,1.2
2022,7,July,2,Jharkhand,10146,River Ganga at Sangi Dalan,7.2,7.4,1.2
2022,8,August,1,Jharkhand,10146,River Ganga at Sangi Dalan,7.1,7.4,1.3
2022,8,August,2,Jharkhand,10146,River Ganga at Sangi Dalan,6.8,7.6,1.4
2022,9,September,1,Jharkhand,10146,River Ganga at Sangi Dalan,7.0,7.6,1.1
2022,9,September,2,Jharkhand,10146,River Ganga at Sangi Dalan,6.9,7.6,1.2
2022,10,October,1,Jharkhand,10146,River Ganga at Sangi Dalan,7.0,7.4,1.2
2022,10,October,2,Jharkhand,10146,River Ganga at Sangi Dalan,7.0,7.5,1.1
2022,11,November,1,Jharkhand,10146,River Ganga at Sangi Dalan,7.1,7.6,1.2
2022,11,November,2,Jharkhand,10146,River Ganga at Sangi Dalan,7.1,7.6,1.2
2022,12,December,1,Jharkhand,10146,River Ganga at Sangi Dalan,7.3,7.6,1.1
2022,12,December,2,Jharkhand,10146,River Ganga at Sangi Dalan,7.1,7.5,1.2
2023,1,January,1,Jharkhand,10146,River Ganga at Sangi Dalan,7.3,7.6,1.2
2023,1,January,2,Jharkhand,10146,River Ganga at Sangi Dalan,7.2,7.5,1.2
2023,2,February,1,Jharkhand,10146,River Ganga at Sangi Dalan,7.3,7.6,1.1
2023,2,February,2,Jharkhand,10146,River Ganga at Sangi Dalan,7.2,7.6,1.2
2023,3,March,1,Jharkhand,10146,River Ganga at Sangi Dalan,7.2,7.6,1.2
2023,3,March,2,Jharkhand,10146,River Ganga at Sangi Dalan,6.9,7.6,1.1
2023,4,April,1,Jharkhand,10146,River Ganga at Sangi Dalan,7.4,7.5,1.1
2023,4,April,2,Jharkhand,10146,River Ganga at Sangi Dalan,7.3,7.6,1.2
2023,5,May,1,Jharkhand,10146,River Ganga at Sangi Dalan,7.0,7.5,1.1
2023,5,May,2,Jharkhand,10146,River Ganga at Sangi Dalan,7.0,7.6,1.2
2023,6,June,1,Jharkhand,10146,River Ganga at Sangi Dalan,7.4,7.6,1.3
2023,6,June,2,Jharkhand,10146,River Ganga at Sangi Dalan,7.4,7.6,1.3
2023,7,July,1,Jharkhand,10146,River Ganga at Sangi Dalan,7.4,7.7,1.3
2023,7,July,2,Jharkhand,10146,River Ganga at Sangi Dalan,7.4,7.7,1.3
2023,8,August,1,Jharkhand,10146,River Ganga at Sangi Dalan,7.1,7.8,1.2
2023,8,August,2,Jharkhand,10146,River Ganga at Sangi Dalan,7.3,7.6,1.2
2023,9,September,1,Jharkhand,10146,River Ganga at Sangi Dalan,7.2,7.7,1.2
2023,9,September,2,Jharkhand,10146,River Ganga at Sangi Dalan,7.0,7.6,1.3
2023,10,October,1,Jharkhand,10146,River Ganga at Sangi Dalan,7.0,7.7,1.3
2023,10,October,2,Jharkhand,10146,River Ganga at Sangi Dalan,7.3,7.6,1.3
2023,11,November,1,Jharkhand,10146,River Ganga at Sangi Dalan,7.3,7.6,1.2
2023,11,November,2,Jharkhand,10146,River Ganga at Sangi Dalan,7.1,7.6,1.1
2023,12,December,1,Jharkhand,10146,River Ganga at Sangi Dalan,7.2,7.4,1.1
2023,12,December,2,Jharkhand,10146,River Ganga at Sangi Dalan,7.2,7.4,1.1
2024,1,January,1,Jharkhand,10146,SANGI DALAN,7.1,7.6,1.3
2024,1,January,2,Jharkhand,10146,SANGI DALAN,7.3,7.8,1.1
2024,2,February,1,Jharkhand,10146,SANGI DALAN,7.3,7.6,1.2
2024,2,February,2,Jharkhand,10146,SANGI DALAN,7.7,7.6,1.1
2024,3,March,1,Jharkhand,10146,SANGI DALAN,7.4,7.6,1.1
2024,3,March,2,Jharkhand,10146,SANGI DALAN,7.4,7.6,1.1
2024,4,April,1,Jharkhand,10146,SANGI DALAN,7.2,7.6,1.2
2024,4,April,2,Jharkhand,10146,SANGI DALAN,7.1,7.5,1.1
2024,5,May,1,Jharkhand,10146,SANGI DALAN,7.3,7.6,1.2
2024,5,May,2,Jharkhand,10146,SANGI DALAN,8.0,7.6,1.1
2024,6,June,1,Jharkhand,10146,SANGI DALAN,7.2,7.6,1.2
2024,6,June,2,Jharkhand,10146,SANGI DALAN,7.8,7.6,1.1
2024,7,July,1,Jharkhand,10146,SANGI DALAN,7.2,7.7,1.2
2024,7,July,2,Jharkhand,10146,SANGI DALAN,8.0,7.5,1.2
2024,8,August,1,Jharkhand,10146,SANGI DALAN,7.2,7.4,1.2
2024,8,August,2,Jharkhand,10146,SANGI DALAN,8.0,7.4,1.2
2024,9,September,1,Jharkhand,10146,SANGI DALAN,7.0,7.8,1.2
2024,9,September,2,Jharkhand,10146,SANGI DALAN,7.0,7.6,1.3
2024,10,October,1,Jharkhand,10146,SANGI DALAN,7.0,7.8,1.2
2024,10,October,2,Jharkhand,10146,SANGI DALAN,7.0,7.6,1.1
2024,11,November,1,Jharkhand,10146,SANGI DALAN,7.0,7.6,1.2
2024,11,November,2,Jharkhand,10146,SANGI DALAN,7.8,7.5,1.1
2024,12,December,1,Jharkhand,10146,SANGI DALAN,7.9,7.3,1.1
2024,12,December,2,Jharkhand,10146,SANGI DALAN,8.2,7.6,1.1
2018,1,January,1,Uttarakhand,10147,River Ganga D/s Rishikesh,9.6,7.54,1.0
2018,2,February,1,Uttarakhand,10147,River Ganga D/s Rishikesh,9.8,7.74,1.0
2018,3,March,1,Uttarakhand,10147,River Ganga D/s Rishikesh,9.6,7.52,1.0
2018,4,April,1,Uttarakhand,10147,River Ganga D/s Rishikesh,9.6,7.56,1.0
2018,5,May,1,Uttarakhand,10147,River Ganga D/s Rishikesh,9.8,7.52,1.0
2018,6,June,1,Uttarakhand,10147,River Ganga D/s Rishikesh,9.2,7.6,1.0
2018,7,July,1,Uttarakhand,10147,River Ganga D/s Rishikesh,9.6,7.38,1.0
2018,8,August,1,Uttarakhand,10147,River Ganga D/s Rishikesh,9.6,7.48,1.0
2018,9,September,1,Uttarakhand,10147,River Ganga D/s Rishikesh,9.4,7.42,1.0
2018,10,October,1,Uttarakhand,10147,River Ganga D/s Rishikesh,9.6,7.85,1.0
2018,12,December,1,Uttarakhand,10147,River Ganga D/s Rishikesh,9.8,7.82,1.0
2019,1,January,1,Uttarakhand,10147,River Ganga D/s Rishikesh,10.0,7.9,1.0
2019,2,February,1,Uttarakhand,10147,River Ganga D/s Rishikesh,9.8,7.6,1.0
2019,3,March,1,Uttarakhand,10147,River Ganga D/s Rishikesh,9.0,7.5,1.0
2019,7,July,1,Uttarakhand,10147,River Ganga D/s Rishikesh,9.6,7.8,1.0
2021,1,January,1,Uttarakhand,10147,River Ganga D/s Rishikesh,10.8,7.5,1.2
2021,1,January,2,Uttarakhand,10147,River Ganga D/s Rishikesh,9.6,7.4,1.0
2021,2,February,1,Uttarakhand,10147,River Ganga D/s Rishikesh,9.8,7.4,1.0
2021,2,February,2,Uttarakhand,10147,River Ganga D/s Rishikesh,9.8,7.7,1.0
2021,3,March,1,Uttarakhand,10147,River Ganga D/s Rishikesh,9.8,7.9,1.0
2021,3,March,2,Uttarakhand,10147,River Ganga D/s Rishikesh,9.6,7.53,1.0
2021,4,April,1,Uttarakhand,10147,River Ganga D/s Rishikesh,9.6,7.56,1.0
2021,4,April,2,Uttarakhand,10147,River Ganga D/s Rishikesh,9.8,7.68,1.2
2021,5,May,1,Uttarakhand,10147,River Ganga D/s Rishikesh,9.8,7.94,1.0
2021,5,May,2,Uttarakhand,10147,River Ganga D/s Rishikesh,9.0,7.05,1.2
2021,6,June,1,Uttarakhand,10147,River Ganga D/s Rishikesh,9.6,7.8,1.2
2021,6,June,2,Uttarakhand,10147,River Ganga D/s Rishikesh,9.0,8.16,1.4
2021,7,July,1,Uttarakhand,10147,River Ganga D/s Rishikesh,9.2,7.8,1.2
2021,7,July,2,Uttarakhand,10147,River Ganga D/s Rishikesh,9.6,8.12,1.2
2021,8,August,1,Uttarakhand,10147,River Ganga D/s Rishikesh,9.8,8.15,1.0
2021,8,August,2,Uttarakhand,10147,River Ganga D/s Rishikesh,9.8,7.64,1.0
2021,9,September,1,Uttarakhand,10147,River Ganga D/s Rishikesh,9.4,7.87,1.0
2021,9,September,2,Uttarakhand,10147,River Ganga D/s Rishikesh,9.2,8.24,1.2
2021,10,October,1,Uttarakhand,10147,River Ganga D/s Rishikesh,9.6,7.9,1.0
2021,10,October,2,Uttarakhand,10147,River Ganga D/s Rishikesh,10.4,7.63,1.0
2021,11,November,1,Uttarakhand,10147,River Ganga D/s Rishikesh,10.4,7.16,1.0
2022,1,January,1,Uttarakhand,10147,River Ganga D/s Rishikesh,9.8,7.78,1.0
2022,1,January,2,Uttarakhand,10147,River Ganga D/s Rishikesh,9.8,7.9,1.0
2022,2,February,1,Uttarakhand,10147,River Ganga D/s Rishikesh,9.8,7.25,1.0
2022,2,February,2,Uttarakhand,10147,River Ganga D/s Rishikesh,9.6,7.62,1.0
2022,3,March,1,Uttarakhand,10147,River Ganga D/s Rishikesh,10.8,7.3,1.0
2022,3,March,2,Uttarakhand,10147,River Ganga D/s Rishikesh,10.6,7.51,1.0
2022,4,April,1,Uttarakhand,10147,River Ganga D/s Rishikesh,10.2,7.49,1.0
2022,4,April,2,Uttarakhand,10147,River Ganga D/s Rishikesh,9.6,7.21,1.0
2022,5,May,1,Uttarakhand,10147,River Ganga D/s Rishikesh,10.2,7.29,1.0
2022,5,May,2,Uttarakhand,10147,River Ganga D/s Rishikesh,9.6,7.32,1.0
2022,6,June,1,Uttarakhand,10147,River Ganga D/s Rishikesh,10.0,7.43,1.0
2022,6,June,2,Uttarakhand,10147,River Ganga D/s Rishikesh,9.6,7.35,1.0
2022,7,July,1,Uttarakhand,10147,River Ganga D/s Rishikesh,9.4,7.26,1.0
2022,7,July,2,Uttarakhand,10147,River Ganga D/s Rishikesh,9.6,7.3,1.0
2022,8,August,1,Uttarakhand,10147,River Ganga D/s Rishikesh,9.4,7.1,1.0
2022,8,August,2,Uttarakhand,10147,River Ganga D/s Rishikesh,9.8,8.1,1.0
2022,9,September,1,Uttarakhand,10147,River Ganga D/s Rishikesh,9.8,7.69,1.0
2022,9,September,2,Uttarakhand,10147,River Ganga D/s Rishikesh,9.6,7.97,1.0
2022,10,October,1,Uttarakhand,10147,River Ganga D/s Rishikesh,9.8,8.31,1.0
2022,10,October,2,Uttarakhand,10147,River Ganga D/s Rishikesh,10.4,7.24,1.0
2022,11,November,1,Uttarakhand,10147,River Ganga D/s Rishikesh,10.2,7.3,1.0
2022,11,November,2,Uttarakhand,10147,River Ganga D/s Rishikesh,10.4,7.9,1.0
2023,1,January,1,Uttarakhand,10147,River Ganga D/s Rishikesh,10.6,7.14,1.0
2023,1,January,2,Uttarakhand,10147,River Ganga D/s Rishikesh,10.8,7.36,1.0
2023,2,February,1,Uttarakhand,10147,River Ganga D/s Rishikesh,10.2,8.1,1.0
2023,2,February,2,Uttarakhand,10147,River Ganga D/s Rishikesh,10.4,7.29,1.0
2023,3,March,1,Uttarakhand,10147,River Ganga D/s Rishikesh,10.4,7.6,1.0
2023,3,March,2,Uttarakhand,10147,River Ganga D/s Rishikesh,10.6,8.2,1.0
2023,4,April,1,Uttarakhand,10147,River Ganga D/s Rishikesh,10.4,8.1,1.0
2023,4,April,2,Uttarakhand,10147,River Ganga D/s Rishikesh,10.0,7.3,1.0
2023,5,May,1,Uttarakhand,10147,River Ganga D/s Rishikesh,9.8,8.45,1.0
2023,5,May,2,Uttarakhand,10147,River Ganga D/s Rishikesh,10.0,7.97,1.0
2023,6,June,1,Uttarakhand,10147,River Ganga D/s Rishikesh,9.6,7.4,1.0
2023,6,June,2,Uttarakhand,10147,River Ganga D/s Rishikesh,9.2,7.8,1.0
2023,7,July,1,Uttarakhand,10147,River Ganga D/s Rishikesh,9.4,7.6,1.0
2023,7,July,2,Uttarakhand,10147,River Ganga D/s Rishikesh,9.2,8.1,1.0
2023,8,August,1,Uttarakhand,10147,River Ganga D/s Rishikesh,9.6,8.03,1.0
2023,8,August,2,Uttarakhand,10147,River Ganga D/s Rishikesh,9.8,7.9,1.0
2023,9,September,1,Uttarakhand,10147,River Ganga D/s Rishikesh,9.8,8.35,1.0
2023,9,September,2,Uttarakhand,10147,River Ganga D/s Rishikesh,9.8,8.35,1.0
2023,10,October,1,Uttarakhand,10147,River Ganga D/s Rishikesh,10.0,7.92,1.0
2023,10,October,2,Uttarakhand,10147,River Ganga D/s Rishikesh,10.2,7.76,1.0
2023,11,November,1,Uttarakhand,10147,River Ganga D/s Rishikesh,10.4,7.91,1.0
2023,11,November,2,Uttarakhand,10147,River Ganga D/s Rishikesh,10.2,7.98,1.0
2024,1,January,1,Uttarakhand,10147, RISHIKESH D/S,10.6,7.55,1.0
2024,1,January,2,Uttarakhand,10147, RISHIKESH D/S,10.8,7.46,1.0
2024,2,February,1,Uttarakhand,10147, RISHIKESH D/S,10.4,7.46,1.0
2024,2,February,2,Uttarakhand,10147, RISHIKESH D/S,10.6,7.57,1.0
2024,3,March,1,Uttarakhand,10147, RISHIKESH D/S,10.2,7.57,1.0
2024,3,March,2,Uttarakhand,10147, RISHIKESH D/S,10.4,7.49,1.0
2024,4,April,1,Uttarakhand,10147, RISHIKESH D/S,10.0,7.4,1.1
2024,4,April,2,Uttarakhand,10147, RISHIKESH D/S,9.8,7.49,1.2
2024,5,May,1,Uttarakhand,10147, RISHIKESH D/S,9.8,7.56,1.2
2024,5,May,2,Uttarakhand,10147, RISHIKESH D/S,9.6,7.45,1.2
2024,6,June,1,Uttarakhand,10147, RISHIKESH D/S,9.8,7.72,1.0
2024,6,June,2,Uttarakhand,10147, RISHIKESH D/S,9.6,7.55,1.0
2024,7,July,1,Uttarakhand,10147, RISHIKESH D/S,9.7,7.66,1.0
2024,7,July,2,Uttarakhand,10147, RISHIKESH D/S,8.0,7.52,1.0
2024,8,August,1,Uttarakhand,10147, RISHIKESH D/S,10.0,7.6,1.0
2024,8,August,2,Uttarakhand,10147, RISHIKESH D/S,8.8,7.53,1.0
2024,9,September,1,Uttarakhand,10147, RISHIKESH D/S,9.8,7.86,1.0
2024,9,September,2,Uttarakhand,10147, RISHIKESH D/S,9.6,7.81,1.0
2024,10,October,1,Uttarakhand,10147, RISHIKESH D/S,9.8,7.94,1.0
2024,10,October,2,Uttarakhand,10147, RISHIKESH D/S,9.9,7.83,1.0
2024,11,November,1,Uttarakhand,10147, RISHIKESH D/S,10.1,8.02,1.0
2024,11,November,2,Uttarakhand,10147, RISHIKESH D/S,9.9,7.93,1.0
2024,12,December,1,Uttarakhand,10147, RISHIKESH D/S,10.2,8.19,1.0
2024,12,December,2,Uttarakhand,10147, RISHIKESH D/S,10.1,7.94,1.0
2018,1,January,1,Uttarakhand,10148,River Ganga at Har-ki-pauri Ghat,9.4,7.89,1.0
2018,2,February,1,Uttarakhand,10148,River Ganga at Har-ki-pauri Ghat,9.0,8.14,1.0
2018,3,March,1,Uttarakhand,10148,River Ganga at Har-ki-pauri Ghat,9.6,7.57,1.0
2018,4,April,1,Uttarakhand,10148,River Ganga at Har-ki-pauri Ghat,9.6,7.56,1.0
2018,5,May,1,Uttarakhand,10148,River Ganga at Har-ki-pauri Ghat,9.4,7.62,1.0
2018,6,June,1,Uttarakhand,10148,River Ganga at Har-ki-pauri Ghat,8.8,7.9,1.0
2018,7,July,1,Uttarakhand,10148,River Ganga at Har-ki-pauri Ghat,9.4,7.42,1.0
2018,8,August,1,Uttarakhand,10148,River Ganga at Har-ki-pauri Ghat,9.0,8.04,1.0
2018,9,September,1,Uttarakhand,10148,River Ganga at Har-ki-pauri Ghat,9.0,8.24,1.0
2018,10,October,1,Uttarakhand,10148,River Ganga at Har-ki-pauri Ghat,9.2,8.18,1.0
2019,1,January,1,Uttarakhand,10148,River Ganga at Har-ki-pauri Ghat,9.6,7.9,1.0
2019,2,February,1,Uttarakhand,10148,River Ganga at Har-ki-pauri Ghat,9.8,7.6,1.0
2019,3,March,1,Uttarakhand,10148,River Ganga at Har-ki-pauri Ghat,9.6,7.5,1.0
2019,8,August,1,Uttarakhand,10148,River Ganga at Har-ki-pauri Ghat,9.0,7.7,1.0
2021,1,January,1,Uttarakhand,10148,River Ganga at Har-ki-pauri Ghat,9.6,7.3,1.2
2021,1,January,2,Uttarakhand,10148,River Ganga at Har-ki-pauri Ghat,10.4,7.9,1.0
2021,2,February,1,Uttarakhand,10148,River Ganga at Har-ki-pauri Ghat,9.2,7.6,1.0
2021,2,February,2,Uttarakhand,10148,River Ganga at Har-ki-pauri Ghat,9.8,7.75,1.0
2021,3,March,1,Uttarakhand,10148,River Ganga at Har-ki-pauri Ghat,9.6,8.2,1.4
2021,3,March,2,Uttarakhand,10148,River Ganga at Har-ki-pauri Ghat,9.4,8.33,1.2
2021,4,April,1,Uttarakhand,10148,River Ganga at Har-ki-pauri Ghat,10.0,8.33,1.0
2021,4,April,2,Uttarakhand,10148,River Ganga at Har-ki-pauri Ghat,9.6,7.36,1.2
2021,5,May,1,Uttarakhand,10148,River Ganga at Har-ki-pauri Ghat,9.4,8.22,1.2
2021,5,May,2,Uttarakhand,10148,River Ganga at Har-ki-pauri Ghat,9.0,8.0,1.2
2021,6,June,1,Uttarakhand,10148,River Ganga at Har-ki-pauri Ghat,9.8,7.9,1.0
2021,6,June,2,Uttarakhand,10148,River Ganga at Har-ki-pauri Ghat,9.4,7.85,1.4
2021,7,July,1,Uttarakhand,10148,River Ganga at Har-ki-pauri Ghat,9.6,8.27,1.2
2021,7,July,2,Uttarakhand,10148,River Ganga at Har-ki-pauri Ghat,9.4,7.92,1.2
2021,8,August,1,Uttarakhand,10148,River Ganga at Har-ki-pauri Ghat,9.2,7.43,1.2
2021,8,August,2,Uttarakhand,10148,River Ganga at Har-ki-pauri Ghat,9.6,7.1,1.2
2021,9,September,2,Uttarakhand,10148,River Ganga at Har-ki-pauri Ghat,8.2,7.8,1.0
2021,10,October,1,Uttarakhand,10148,River Ganga at Har-ki-pauri Ghat,9.4,7.9,1.5
2021,10,October,2,Uttarakhand,10148,River Ganga at Har-ki-pauri Ghat,10.2,7.5,1.0
2021,11,November,1,Uttarakhand,10148,River Ganga at Har-ki-pauri Ghat,10.0,7.2,1.0
2021,11,November,2,Uttarakhand,10148,River Ganga at Har-ki-pauri Ghat,10.3,8.0,1.0
2022,1,January,1,Uttarakhand,10148,River Ganga at Har-ki-pauri Ghat,9.0,8.0,1.4
2022,1,January,2,Uttarakhand,10148,River Ganga at Har-ki-pauri Ghat,10.0,8.2,1.0
2022,2,February,1,Uttarakhand,10148,River Ganga at Har-ki-pauri Ghat,9.5,8.1,1.0
2022,2,February,2,Uttarakhand,10148,River Ganga at Har-ki-pauri Ghat,10.0,8.1,1.2
2022,3,March,1,Uttarakhand,10148,River Ganga at Har-ki-pauri Ghat,9.8,7.7,1.0
2022,3,March,2,Uttarakhand,10148,River Ganga at Har-ki-pauri Ghat,9.6,7.2,1.6
2022,4,April,1,Uttarakhand,10148,River Ganga at Har-ki-pauri Ghat,9.0,7.9,1.5
2022,4,April,2,Uttarakhand,10148,River Ganga at Har-ki-pauri Ghat,8.2,7.2,1.9
2022,5,May,1,Uttarakhand,10148,River Ganga at Har-ki-pauri Ghat,8.0,7.1,1.6
2022,5,May,2,Uttarakhand,10148,River Ganga at Har-ki-pauri Ghat,8.8,7.2,1.8
2022,6,June,1,Uttarakhand,10148,River Ganga at Har-ki-pauri Ghat,8.2,7.7,2.0
2022,6,June,2,Uttarakhand,10148,River Ganga at Har-ki-pauri Ghat,7.8,7.6,2.0
2022,7,July,1,Uttarakhand,10148,River Ganga at Har-ki-pauri Ghat,8.8,8.3,1.2
2022,7,July,2,Uttarakhand,10148,River Ganga at Har-ki-pauri Ghat,8.5,7.1,1.0
2022,8,August,1,Uttarakhand,10148,River Ganga at Har-ki-pauri Ghat,8.1,7.8,1.6
2022,8,August,2,Uttarakhand,10148,River Ganga at Har-ki-pauri Ghat,9.1,7.6,1.6
2022,9,September,1,Uttarakhand,10148,River Ganga at Har-ki-pauri Ghat,8.9,7.6,2.4
2022,10,October,1,Uttarakhand,10148,River Ganga at Har-ki-pauri Ghat,8.2,8.0,1.6
2023,1,January,1,Uttarakhand,10148,River Ganga at Har-ki-pauri Ghat,10.3,8.21,1.6
2023,1,January,2,Uttarakhand,10148,River Ganga at Har-ki-pauri Ghat,9.7,8.19,1.2
2023,2,February,1,Uttarakhand,10148,River Ganga at Har-ki-pauri Ghat,9.8,8.12,1.5
2023,2,February,2,Uttarakhand,10148,River Ganga at Har-ki-pauri Ghat,10.0,8.27,1.8
2023,3,March,1,Uttarakhand,10148,River Ganga at Har-ki-pauri Ghat,8.9,7.9,2.0
2023,4,April,1,Uttarakhand,10148,River Ganga at Har-ki-pauri Ghat,9.6,7.7,1.2
2023,4,April,2,Uttarakhand,10148,River Ganga at Har-ki-pauri Ghat,9.2,8.16,2.0
2023,5,May,1,Uttarakhand,10148,River Ganga at Har-ki-pauri Ghat,8.8,7.32,1.2
2023,5,May,2,Uttarakhand,10148,River Ganga at Har-ki-pauri Ghat,9.0,8.12,1.6
2023,6,June,1,Uttarakhand,10148,River Ganga at Har-ki-pauri Ghat,8.2,7.6,2.0
2023,6,June,2,Uttarakhand,10148,River Ganga at Har-ki-pauri Ghat,8.2,7.6,2.0
2023,7,July,1,Uttarakhand,10148,River Ganga at Har-ki-pauri Ghat,8.8,8.1,1.8
2023,7,July,2,Uttarakhand,10148,River Ganga at Har-ki-pauri Ghat,8.5,8.16,1.8
2023,8,August,2,Uttarakhand,10148,River Ganga at Har-ki-pauri Ghat,8.1,7.68,1.8
2023,9,September,1,Uttarakhand,10148,River Ganga at Har-ki-pauri Ghat,8.4,7.46,1.6
2023,9,September,2,Uttarakhand,10148,River Ganga at Har-ki-pauri Ghat,8.6,7.58,1.2
2023,10,October,1,Uttarakhand,10148,River Ganga at Har-ki-pauri Ghat,8.0,7.5,1.7
2023,11,November,1,Uttarakhand,10148,River Ganga at Har-ki-pauri Ghat,8.7,7.79,1.4
2023,12,December,1,Uttarakhand,10148,River Ganga at Har-ki-pauri Ghat,9.5,7.96,1.2
2024,1,January,1,Uttarakhand,10148,HARKI PAURI GHAT,9.6,7.9,1.2
2024,1,January,2,Uttarakhand,10148,HARKI PAURI GHAT,9.8,7.4,1.0
2024,2,February,1,Uttarakhand,10148,HARKI PAURI GHAT,9.8,8.2,1.0
2024,2,February,2,Uttarakhand,10148,HARKI PAURI GHAT,9.2,8.1,1.2
2024,3,March,1,Uttarakhand,10148,HARKI PAURI GHAT,8.8,7.7,1.2
2024,3,March,2,Uttarakhand,10148,HARKI PAURI GHAT,9.0,7.3,1.0
2024,4,April,1,Uttarakhand,10148,HARKI PAURI GHAT,9.1,8.1,1.0
2024,4,April,2,Uttarakhand,10148,HARKI PAURI GHAT,9.0,8.1,1.4
2024,5,May,1,Uttarakhand,10148,HARKI PAURI GHAT,8.6,7.3,1.4
2024,5,May,2,Uttarakhand,10148,HARKI PAURI GHAT,8.4,7.5,2.0
2024,6,June,1,Uttarakhand,10148,HARKI PAURI GHAT,7.2,7.05,2.2
2024,6,June,2,Uttarakhand,10148,HARKI PAURI GHAT,7.4,7.41,2.0
2024,7,July,2,Uttarakhand,10148,HARKI PAURI GHAT,7.6,7.46,2.4
2024,8,August,1,Uttarakhand,10148,HARKI PAURI GHAT,7.7,7.23,2.0
2024,9,September,1,Uttarakhand,10148,HARKI PAURI GHAT,8.1,7.31,1.6
2024,9,September,2,Uttarakhand,10148,HARKI PAURI GHAT,7.9,8.2,2.0
2024,10,October,1,Uttarakhand,10148,HARKI PAURI GHAT,8.3,8.1,1.0
2024,11,November,1,Uttarakhand,10148,HARKI PAURI GHAT,8.6,8.1,1.2
2024,11,November,2,Uttarakhand,10148,HARKI PAURI GHAT,8.1,7.76,1.8
2024,12,December,1,Uttarakhand,10148,HARKI PAURI GHAT,10.4,7.4,1.2
2024,12,December,2,Uttarakhand,10148,HARKI PAURI GHAT,11.4,7.8,1.2
2017,12,December,1,Uttar Pradesh,10149,"RIVER GANGA AT U/S BRIJ GHAT ,GHARMUKTESHWAR",8.86,7.4,2.3
2018,1,January,1,Uttar Pradesh,10149,"RIVER GANGA AT U/S BRIJ GHAT ,GHARMUKTESHWAR",8.1,7.1,2.7
2018,2,February,1,Uttar Pradesh,10149,"RIVER GANGA AT U/S BRIJ GHAT ,GHARMUKTESHWAR",7.4,7.4,2.5
2018,3,March,1,Uttar Pradesh,10149,"RIVER GANGA AT U/S BRIJ GHAT ,GHARMUKTESHWAR",8.1,7.5,3.0
2018,4,April,1,Uttar Pradesh,10149,"RIVER GANGA AT U/S BRIJ GHAT ,GHARMUKTESHWAR",7.7,7.5,2.8
2018,5,May,1,Uttar Pradesh,10149,"RIVER GANGA AT U/S BRIJ GHAT ,GHARMUKTESHWAR",9.4,7.4,2.1
2018,6,June,1,Uttar Pradesh,10149,"RIVER GANGA AT U/S BRIJ GHAT ,GHARMUKTESHWAR",7.7,7.4,2.0
2018,7,July,1,Uttar Pradesh,10149,"RIVER GANGA AT U/S BRIJ GHAT ,GHARMUKTESHWAR",8.0,7.5,2.2
2018,8,August,1,Uttar Pradesh,10149,"RIVER GANGA AT U/S BRIJ GHAT ,GHARMUKTESHWAR",7.7,7.2,2.3
2018,9,September,1,Uttar Pradesh,10149,"RIVER GANGA AT U/S BRIJ GHAT ,GHARMUKTESHWAR",7.7,7.4,2.7
2018,10,October,1,Uttar Pradesh,10149,"RIVER GANGA AT U/S BRIJ GHAT ,GHARMUKTESHWAR",8.9,7.0,2.3
2018,11,November,1,Uttar Pradesh,10149,"RIVER GANGA AT U/S BRIJ GHAT ,GHARMUKTESHWAR",8.2,7.3,2.1
2019,1,January,1,Uttar Pradesh,10149,"RIVER GANGA AT U/S BRIJ GHAT ,GHARMUKTESHWAR",11.5,7.2,2.1
2019,2,February,1,Uttar Pradesh,10149,"RIVER GANGA AT U/S BRIJ GHAT ,GHARMUKTESHWAR",7.3,7.3,1.2
2019,3,March,1,Uttar Pradesh,10149,"RIVER GANGA AT U/S BRIJ GHAT ,GHARMUKTESHWAR",7.6,7.3,1.1
2019,4,April,1,Uttar Pradesh,10149,"RIVER GANGA AT U/S BRIJ GHAT ,GHARMUKTESHWAR",7.8,7.2,1.0
2019,5,May,1,Uttar Pradesh,10149,"RIVER GANGA AT U/S BRIJ GHAT ,GHARMUKTESHWAR",8.2,7.5,1.5
2019,6,June,1,Uttar Pradesh,10149,"RIVER GANGA AT U/S BRIJ GHAT ,GHARMUKTESHWAR",8.3,7.2,1.8
2019,7,July,1,Uttar Pradesh,10149,"RIVER GANGA AT U/S BRIJ GHAT ,GHARMUKTESHWAR",8.5,6.5,1.5
2019,8,August,1,Uttar Pradesh,10149,"RIVER GANGA AT U/S BRIJ GHAT ,GHARMUKTESHWAR",8.5,7.1,1.6
2019,9,September,1,Uttar Pradesh,10149,"RIVER GANGA AT U/S BRIJ GHAT ,GHARMUKTESHWAR",8.6,7.5,1.7
2019,10,October,1,Uttar Pradesh,10149,"RIVER GANGA AT U/S BRIJ GHAT ,GHARMUKTESHWAR",8.6,7.4,1.2
2020,2,February,1,Uttar Pradesh,10149,"RIVER GANGA AT U/S BRIJ GHAT ,GHARMUKTESHWAR",9.4,7.3,1.8
2020,8,August,1,Uttar Pradesh,10149,"RIVER GANGA AT U/S BRIJ GHAT ,GHARMUKTESHWAR",9.8,7.7,1.6
2020,8,August,2,Uttar Pradesh,10149,"RIVER GANGA AT U/S BRIJ GHAT ,GHARMUKTESHWAR",7.5,8.2,1.5
2020,9,September,1,Uttar Pradesh,10149,"RIVER GANGA AT U/S BRIJ GHAT ,GHARMUKTESHWAR",9.2,7.0,2.1
2020,9,September,2,Uttar Pradesh,10149,"RIVER GANGA AT U/S BRIJ GHAT ,GHARMUKTESHWAR",7.9,7.9,1.2
2020,10,October,1,Uttar Pradesh,10149,"RIVER GANGA AT U/S BRIJ GHAT ,GHARMUKTESHWAR",8.5,8.0,1.0
2020,10,October,2,Uttar Pradesh,10149,"RIVER GANGA AT U/S BRIJ GHAT ,GHARMUKTESHWAR",9.2,8.0,1.0
2020,11,November,1,Uttar Pradesh,10149,"RIVER GANGA AT U/S BRIJ GHAT ,GHARMUKTESHWAR",8.5,8.1,1.4
2020,11,November,2,Uttar Pradesh,10149,"RIVER GANGA AT U/S BRIJ GHAT ,GHARMUKTESHWAR",8.6,8.3,1.3
2020,12,December,1,Uttar Pradesh,10149,"RIVER GANGA AT U/S BRIJ GHAT ,GHARMUKTESHWAR",10.7,7.1,1.4
2020,12,December,2,Uttar Pradesh,10149,"RIVER GANGA AT U/S BRIJ GHAT ,GHARMUKTESHWAR",11.2,7.2,1.0
2021,1,January,2,Uttar Pradesh,10149,"RIVER GANGA AT U/S BRIJ GHAT ,GHARMUKTESHWAR",10.7,7.3,1.0
2021,2,February,1,Uttar Pradesh,10149,"RIVER GANGA AT U/S BRIJ GHAT ,GHARMUKTESHWAR",10.8,7.4,1.0
2021,2,February,2,Uttar Pradesh,10149,"RIVER GANGA AT U/S BRIJ GHAT ,GHARMUKTESHWAR",11.0,7.2,1.2
2021,3,March,1,Uttar Pradesh,10149,"RIVER GANGA AT U/S BRIJ GHAT ,GHARMUKTESHWAR",10.3,7.3,1.4
2021,4,April,1,Uttar Pradesh,10149,"RIVER GANGA AT U/S BRIJ GHAT ,GHARMUKTESHWAR",9.5,7.0,1.4
2021,4,April,2,Uttar Pradesh,10149,"RIVER GANGA AT U/S BRIJ GHAT ,GHARMUKTESHWAR",9.6,7.5,2.0
2021,5,May,1,Uttar Pradesh,10149,"RIVER GANGA AT U/S BRIJ GHAT ,GHARMUKTESHWAR",9.0,7.5,1.0
2021,5,May,2,Uttar Pradesh,10149,"RIVER GANGA AT U/S BRIJ GHAT ,GHARMUKTESHWAR",9.6,7.4,1.2
2021,6,June,1,Uttar Pradesh,10149,"RIVER GANGA AT U/S BRIJ GHAT ,GHARMUKTESHWAR",7.6,7.3,1.4
2021,6,June,2,Uttar Pradesh,10149,"RIVER GANGA AT U/S BRIJ GHAT ,GHARMUKTESHWAR",7.8,7.4,1.2
2021,7,July,1,Uttar Pradesh,10149,"RIVER GANGA AT U/S BRIJ GHAT ,GHARMUKTESHWAR",8.0,7.35,1.4
2021,7,July,2,Uttar Pradesh,10149,"RIVER GANGA AT U/S BRIJ GHAT ,GHARMUKTESHWAR",9.1,7.2,1.5
2021,8,August,1,Uttar Pradesh,10149,"RIVER GANGA AT U/S BRIJ GHAT ,GHARMUKTESHWAR",8.9,7.4,1.1
2021,8,August,2,Uttar Pradesh,10149,"RIVER GANGA AT U/S BRIJ GHAT ,GHARMUKTESHWAR",9.0,7.3,1.2
2021,9,September,1,Uttar Pradesh,10149,"RIVER GANGA AT U/S BRIJ GHAT ,GHARMUKTESHWAR",8.5,7.5,1.0
2021,9,September,2,Uttar Pradesh,10149,"RIVER GANGA AT U/S BRIJ GHAT ,GHARMUKTESHWAR",9.2,7.6,1.0
2021,10,October,1,Uttar Pradesh,10149,"RIVER GANGA AT U/S BRIJ GHAT ,GHARMUKTESHWAR",11.0,7.5,1.3
2021,10,October,2,Uttar Pradesh,10149,"RIVER GANGA AT U/S BRIJ GHAT ,GHARMUKTESHWAR",9.5,7.0,1.0
2021,11,November,1,Uttar Pradesh,10149,"RIVER GANGA AT U/S BRIJ GHAT ,GHARMUKTESHWAR",11.0,7.5,1.1
2021,12,December,1,Uttar Pradesh,10149,"RIVER GANGA AT U/S BRIJ GHAT ,GHARMUKTESHWAR",11.0,7.4,1.4
2023,1,January,1,Uttar Pradesh,10149,"RIVER GANGA AT U/S BRIJ GHAT ,GHARMUKTESHWAR",10.3,7.5,1.0
2023,1,January,2,Uttar Pradesh,10149,"RIVER GANGA AT U/S BRIJ GHAT ,GHARMUKTESHWAR",12.0,7.5,1.2
2023,2,February,1,Uttar Pradesh,10149,"RIVER GANGA AT U/S BRIJ GHAT ,GHARMUKTESHWAR",10.8,7.43,1.3
2023,2,February,2,Uttar Pradesh,10149,"RIVER GANGA AT U/S BRIJ GHAT ,GHARMUKTESHWAR",11.0,7.5,1.4
2023,3,March,1,Uttar Pradesh,10149,"RIVER GANGA AT U/S BRIJ GHAT ,GHARMUKTESHWAR",10.6,7.6,2.3
2023,3,March,2,Uttar Pradesh,10149,"RIVER GANGA AT U/S BRIJ GHAT ,GHARMUKTESHWAR",11.4,7.5,2.2
2023,4,April,1,Uttar Pradesh,10149,"RIVER GANGA AT U/S BRIJ GHAT ,GHARMUKTESHWAR",11.1,7.5,2.0
2023,4,April,2,Uttar Pradesh,10149,"RIVER GANGA AT U/S BRIJ GHAT ,GHARMUKTESHWAR",11.2,7.5,2.2
2023,5,May,1,Uttar Pradesh,10149,"RIVER GANGA AT U/S BRIJ GHAT ,GHARMUKTESHWAR",10.7,7.5,2.2
2023,5,May,2,Uttar Pradesh,10149,"RIVER GANGA AT U/S BRIJ GHAT ,GHARMUKTESHWAR",10.7,7.5,2.6
2023,6,June,1,Uttar Pradesh,10149,"RIVER GANGA AT U/S BRIJ GHAT ,GHARMUKTESHWAR",9.0,7.5,2.5
2023,6,June,2,Uttar Pradesh,10149,"RIVER GANGA AT U/S BRIJ GHAT ,GHARMUKTESHWAR",9.1,7.5,2.1
2023,7,July,1,Uttar Pradesh,10149,"RIVER GANGA AT U/S BRIJ GHAT ,GHARMUKTESHWAR",10.5,7.3,2.3
2023,7,July,2,Uttar Pradesh,10149,"RIVER GANGA AT U/S BRIJ GHAT ,GHARMUKTESHWAR",9.4,7.5,2.1
2023,8,August,1,Uttar Pradesh,10149,"RIVER GANGA AT U/S BRIJ GHAT ,GHARMUKTESHWAR",8.5,7.5,2.3
2023,8,August,2,Uttar Pradesh,10149,"RIVER GANGA AT U/S BRIJ GHAT ,GHARMUKTESHWAR",9.2,7.5,2.4
2023,9,September,1,Uttar Pradesh,10149,"RIVER GANGA AT U/S BRIJ GHAT ,GHARMUKTESHWAR",9.2,7.5,2.1
2023,9,September,2,Uttar Pradesh,10149,"RIVER GANGA AT U/S BRIJ GHAT ,GHARMUKTESHWAR",9.3,7.3,2.1
2023,10,October,1,Uttar Pradesh,10149,"RIVER GANGA AT U/S BRIJ GHAT ,GHARMUKTESHWAR",11.2,7.5,2.0
2023,10,October,2,Uttar Pradesh,10149,"RIVER GANGA AT U/S BRIJ GHAT ,GHARMUKTESHWAR",9.0,7.3,2.4
2023,11,November,1,Uttar Pradesh,10149,"RIVER GANGA AT U/S BRIJ GHAT ,GHARMUKTESHWAR",11.5,7.0,2.2
2023,11,November,2,Uttar Pradesh,10149,"RIVER GANGA AT U/S BRIJ GHAT ,GHARMUKTESHWAR",11.5,7.4,2.2
2023,12,December,1,Uttar Pradesh,10149,"RIVER GANGA AT U/S BRIJ GHAT ,GHARMUKTESHWAR",11.5,7.3,2.1
2023,12,December,2,Uttar Pradesh,10149,"RIVER GANGA AT U/S BRIJ GHAT ,GHARMUKTESHWAR",11.6,7.3,1.9
2024,1,January,1,Uttar Pradesh,10149,"U/S BRIJGHAT, GARHMUKTESHWAR",12.1,7.2,1.6
2024,1,January,2,Uttar Pradesh,10149,"U/S BRIJGHAT, GARHMUKTESHWAR",12.4,7.4,1.5
2024,2,February,1,Uttar Pradesh,10149,"U/S BRIJGHAT, GARHMUKTESHWAR",12.5,7.5,1.5
2024,2,February,2,Uttar Pradesh,10149,"U/S BRIJGHAT, GARHMUKTESHWAR",11.6,7.2,1.6
2024,3,March,1,Uttar Pradesh,10149,"U/S BRIJGHAT, GARHMUKTESHWAR",11.4,7.5,1.8
2024,3,March,2,Uttar Pradesh,10149,"U/S BRIJGHAT, GARHMUKTESHWAR",11.5,7.4,1.7
2024,4,April,2,Uttar Pradesh,10149,"U/S BRIJGHAT, GARHMUKTESHWAR",11.3,7.4,2.0
2024,5,May,1,Uttar Pradesh,10149,"U/S BRIJGHAT, GARHMUKTESHWAR",10.1,7.3,2.3
2024,5,May,2,Uttar Pradesh,10149,"U/S BRIJGHAT, GARHMUKTESHWAR",10.6,7.6,2.6
2024,6,June,1,Uttar Pradesh,10149,"U/S BRIJGHAT, GARHMUKTESHWAR",10.2,7.6,2.7
2024,6,June,2,Uttar Pradesh,10149,"U/S BRIJGHAT, GARHMUKTESHWAR",10.1,7.8,2.7
2024,7,July,1,Uttar Pradesh,10149,"U/S BRIJGHAT, GARHMUKTESHWAR",9.4,7.25,2.7
2024,7,July,2,Uttar Pradesh,10149,"U/S BRIJGHAT, GARHMUKTESHWAR",10.0,7.15,2.0
2024,8,August,1,Uttar Pradesh,10149,"U/S BRIJGHAT, GARHMUKTESHWAR",10.4,7.44,2.0
2024,8,August,2,Uttar Pradesh,10149,"U/S BRIJGHAT, GARHMUKTESHWAR",9.7,7.32,2.5
2024,9,September,1,Uttar Pradesh,10149,"U/S BRIJGHAT, GARHMUKTESHWAR",10.0,7.4,2.3
2024,9,September,2,Uttar Pradesh,10149,"U/S BRIJGHAT, GARHMUKTESHWAR",10.1,7.34,2.4
2024,10,October,1,Uttar Pradesh,10149,"U/S BRIJGHAT, GARHMUKTESHWAR",10.2,7.32,2.3
2024,10,October,2,Uttar Pradesh,10149,"U/S BRIJGHAT, GARHMUKTESHWAR",10.4,7.28,2.2
2024,11,November,1,Uttar Pradesh,10149,"U/S BRIJGHAT, GARHMUKTESHWAR",11.0,7.5,2.0
2024,11,November,2,Uttar Pradesh,10149,"U/S BRIJGHAT, GARHMUKTESHWAR",11.2,7.62,2.2
2024,12,December,1,Uttar Pradesh,10149,"U/S BRIJGHAT, GARHMUKTESHWAR",11.0,7.5,2.3
2024,12,December,2,Uttar Pradesh,10149,"U/S BRIJGHAT, GARHMUKTESHWAR",11.4,7.48,1.9
2018,1,January,1,Uttar Pradesh,10151,RIVER GANGA AT GHATIYAGHAT FARRUKABAD,10.4,8.1,2.5
2018,2,February,1,Uttar Pradesh,10151,RIVER GANGA AT GHATIYAGHAT FARRUKABAD,9.8,8.2,2.6
2018,3,March,1,Uttar Pradesh,10151,RIVER GANGA AT GHATIYAGHAT FARRUKABAD,9.3,8.3,2.7
2018,4,April,1,Uttar Pradesh,10151,RIVER GANGA AT GHATIYAGHAT FARRUKABAD,8.5,8.1,2.5
2018,5,May,1,Uttar Pradesh,10151,RIVER GANGA AT GHATIYAGHAT FARRUKABAD,6.5,8.1,2.6
2018,6,June,1,Uttar Pradesh,10151,RIVER GANGA AT GHATIYAGHAT FARRUKABAD,7.0,8.1,2.5
2018,7,July,1,Uttar Pradesh,10151,RIVER GANGA AT GHATIYAGHAT FARRUKABAD,7.1,8.2,2.7
2018,8,August,1,Uttar Pradesh,10151,RIVER GANGA AT GHATIYAGHAT FARRUKABAD,7.1,7.6,2.6
2018,9,September,1,Uttar Pradesh,10151,RIVER GANGA AT GHATIYAGHAT FARRUKABAD,8.0,8.0,2.3
2018,10,October,1,Uttar Pradesh,10151,RIVER GANGA AT GHATIYAGHAT FARRUKABAD,8.9,8.0,2.2
2018,11,November,1,Uttar Pradesh,10151,RIVER GANGA AT GHATIYAGHAT FARRUKABAD,9.3,8.1,2.2
2019,1,January,1,Uttar Pradesh,10151,RIVER GANGA AT GHATIYAGHAT FARRUKABAD,10.0,8.1,2.3
2019,2,February,1,Uttar Pradesh,10151,RIVER GANGA AT GHATIYAGHAT FARRUKABAD,10.7,8.2,1.9
2019,3,March,1,Uttar Pradesh,10151,RIVER GANGA AT GHATIYAGHAT FARRUKABAD,6.4,8.3,2.0
2019,4,April,1,Uttar Pradesh,10151,RIVER GANGA AT GHATIYAGHAT FARRUKABAD,7.6,8.1,2.1
2019,5,May,1,Uttar Pradesh,10151,RIVER GANGA AT GHATIYAGHAT FARRUKABAD,7.8,8.1,2.4
2019,6,June,1,Uttar Pradesh,10151,RIVER GANGA AT GHATIYAGHAT FARRUKABAD,8.2,8.1,2.2
2019,7,July,1,Uttar Pradesh,10151,RIVER GANGA AT GHATIYAGHAT FARRUKABAD,8.5,8.2,2.1
2019,8,August,1,Uttar Pradesh,10151,RIVER GANGA AT GHATIYAGHAT FARRUKABAD,9.3,7.6,2.0
2019,9,September,1,Uttar Pradesh,10151,RIVER GANGA AT GHATIYAGHAT FARRUKABAD,9.7,8.0,1.7
2020,1,January,1,Uttar Pradesh,10151,RIVER GANGA AT GHATIYAGHAT FARRUKABAD,10.7,8.4,2.0
2020,8,August,1,Uttar Pradesh,10151,RIVER GANGA AT GHATIYAGHAT FARRUKABAD,7.2,7.8,1.2
2020,8,August,2,Uttar Pradesh,10151,RIVER GANGA AT GHATIYAGHAT FARRUKABAD,7.2,7.8,2.5
2020,9,September,1,Uttar Pradesh,10151,RIVER GANGA AT GHATIYAGHAT FARRUKABAD,7.2,7.9,2.1
2020,9,September,2,Uttar Pradesh,10151,RIVER GANGA AT GHATIYAGHAT FARRUKABAD,8.1,8.2,2.2
2020,10,October,1,Uttar Pradesh,10151,RIVER GANGA AT GHATIYAGHAT FARRUKABAD,8.2,8.1,2.6
2020,10,October,2,Uttar Pradesh,10151,RIVER GANGA AT GHATIYAGHAT FARRUKABAD,8.8,7.2,2.4
2020,11,November,1,Uttar Pradesh,10151,RIVER GANGA AT GHATIYAGHAT FARRUKABAD,8.9,8.0,2.1
2020,11,November,2,Uttar Pradesh,10151,RIVER GANGA AT GHATIYAGHAT FARRUKABAD,9.4,8.4,2.2
2020,12,December,1,Uttar Pradesh,10151,RIVER GANGA AT GHATIYAGHAT FARRUKABAD,10.8,8.4,2.0
2021,1,January,1,Uttar Pradesh,10151,RIVER GANGA AT GHATIYAGHAT FARRUKABAD,11.0,8.4,2.3
2021,2,February,1,Uttar Pradesh,10151,RIVER GANGA AT GHATIYAGHAT FARRUKABAD,10.4,8.22,1.8
2021,2,February,2,Uttar Pradesh,10151,RIVER GANGA AT GHATIYAGHAT FARRUKABAD,11.8,8.47,1.7
2021,4,April,1,Uttar Pradesh,10151,RIVER GANGA AT GHATIYAGHAT FARRUKABAD,8.8,8.29,3.7
2021,4,April,2,Uttar Pradesh,10151,RIVER GANGA AT GHATIYAGHAT FARRUKABAD,9.2,8.46,4.0
2021,5,May,1,Uttar Pradesh,10151,RIVER GANGA AT GHATIYAGHAT FARRUKABAD,7.4,8.42,1.6
2021,5,May,2,Uttar Pradesh,10151,RIVER GANGA AT GHATIYAGHAT FARRUKABAD,8.6,8.12,1.8
2021,6,June,1,Uttar Pradesh,10151,RIVER GANGA AT GHATIYAGHAT FARRUKABAD,8.1,8.31,1.9
2021,6,June,2,Uttar Pradesh,10151,RIVER GANGA AT GHATIYAGHAT FARRUKABAD,8.1,8.32,1.9
2021,7,July,1,Uttar Pradesh,10151,RIVER GANGA AT GHATIYAGHAT FARRUKABAD,6.5,8.25,1.8
2021,9,September,2,Uttar Pradesh,10151,RIVER GANGA AT GHATIYAGHAT FARRUKABAD,7.3,8.36,2.8
2021,10,October,1,Uttar Pradesh,10151,RIVER GANGA AT GHATIYAGHAT FARRUKABAD,7.3,8.39,2.8
2023,1,January,1,Uttar Pradesh,10151,RIVER GANGA AT GHATIYAGHAT FARRUKABAD,10.8,8.45,2.9
2023,1,January,2,Uttar Pradesh,10151,RIVER GANGA AT GHATIYAGHAT FARRUKABAD,10.9,8.31,3.2
2023,3,March,1,Uttar Pradesh,10151,RIVER GANGA AT GHATIYAGHAT FARRUKABAD,10.3,8.39,3.4
2023,3,March,2,Uttar Pradesh,10151,RIVER GANGA AT GHATIYAGHAT FARRUKABAD,10.6,8.22,2.8
2023,4,April,1,Uttar Pradesh,10151,RIVER GANGA AT GHATIYAGHAT FARRUKABAD,8.5,8.46,3.2
2023,4,April,2,Uttar Pradesh,10151,RIVER GANGA AT GHATIYAGHAT FARRUKABAD,8.9,8.4,2.8
2023,5,May,1,Uttar Pradesh,10151,RIVER GANGA AT GHATIYAGHAT FARRUKABAD,8.6,8.08,3.2
2023,5,May,2,Uttar Pradesh,10151,RIVER GANGA AT GHATIYAGHAT FARRUKABAD,8.6,8.45,3.3
2023,6,June,1,Uttar Pradesh,10151,RIVER GANGA AT GHATIYAGHAT FARRUKABAD,7.9,8.34,3.5
2023,6,June,2,Uttar Pradesh,10151,RIVER GANGA AT GHATIYAGHAT FARRUKABAD,8.4,8.01,3.5
2023,7,July,1,Uttar Pradesh,10151,RIVER GANGA AT GHATIYAGHAT FARRUKABAD,6.6,8.21,3.4
2023,7,July,2,Uttar Pradesh,10151,RIVER GANGA AT GHATIYAGHAT FARRUKABAD,7.4,8.12,3.7
2023,8,August,1,Uttar Pradesh,10151,RIVER GANGA AT GHATIYAGHAT FARRUKABAD,6.5,8.18,3.0
2023,8,August,2,Uttar Pradesh,10151,RIVER GANGA AT GHATIYAGHAT FARRUKABAD,6.7,8.27,2.9
2023,9,September,1,Uttar Pradesh,10151,RIVER GANGA AT GHATIYAGHAT FARRUKABAD,7.0,8.24,3.0
2023,10,October,1,Uttar Pradesh,10151,RIVER GANGA AT GHATIYAGHAT FARRUKABAD,7.8,8.44,2.9
2023,10,October,2,Uttar Pradesh,10151,RIVER GANGA AT GHATIYAGHAT FARRUKABAD,8.6,8.4,3.1
2023,11,November,1,Uttar Pradesh,10151,RIVER GANGA AT GHATIYAGHAT FARRUKABAD,8.6,8.41,3.0
2024,1,January,1,Uttar Pradesh,10151,FARRUKHABAD,10.4,8.32,3.0
2024,1,January,2,Uttar Pradesh,10151,FARRUKHABAD,11.1,8.39,2.9
2024,2,February,1,Uttar Pradesh,10151,FARRUKHABAD,11.4,8.4,3.2
2024,2,February,2,Uttar Pradesh,10151,FARRUKHABAD,10.8,8.33,3.2
2024,3,March,1,Uttar Pradesh,10151,FARRUKHABAD,10.7,8.21,3.0
2024,3,March,2,Uttar Pradesh,10151,FARRUKHABAD,8.6,8.26,3.1
2024,4,April,1,Uttar Pradesh,10151,FARRUKHABAD,8.3,8.39,3.2
2024,4,April,2,Uttar Pradesh,10151,FARRUKHABAD,8.1,8.42,3.3
2024,5,May,1,Uttar Pradesh,10151,FARRUKHABAD,7.8,8.3,3.2
2024,5,May,2,Uttar Pradesh,10151,FARRUKHABAD,7.8,8.3,3.2
2024,6,June,1,Uttar Pradesh,10151,FARRUKHABAD,7.7,8.42,4.0
2024,6,June,2,Uttar Pradesh,10151,FARRUKHABAD,6.9,8.36,4.6
2024,7,July,1,Uttar Pradesh,10151,FARRUKHABAD,7.0,8.38,3.8
2024,7,July,2,Uttar Pradesh,10151,FARRUKHABAD,7.0,8.38,3.8
2024,8,August,1,Uttar Pradesh,10151,FARRUKHABAD,7.0,7.96,3.6
2024,8,August,2,Uttar Pradesh,10151,FARRUKHABAD,7.0,8.16,3.5
2024,9,September,1,Uttar Pradesh,10151,FARRUKHABAD,7.1,8.11,3.5
2024,9,September,2,Uttar Pradesh,10151,FARRUKHABAD,7.0,8.23,3.6
2024,10,October,1,Uttar Pradesh,10151,FARRUKHABAD,7.4,8.24,2.6
2024,10,October,2,Uttar Pradesh,10151,FARRUKHABAD,7.4,8.32,2.5
2024,11,November,1,Uttar Pradesh,10151,FARRUKHABAD,8.4,8.38,2.3
2024,11,November,2,Uttar Pradesh,10151,FARRUKHABAD,8.5,8.41,2.2
2024,12,December,1,Uttar Pradesh,10151,FARRUKHABAD,10.0,8.46,1.8
2024,12,December,2,Uttar Pradesh,10151,FARRUKHABAD,10.4,8.43,2.0
2018,2,February,1,Uttar Pradesh,10152,"RIVER GANGA A/C GOMTI RIVER, BHUSAULA",8.5,8.35,3.0
2018,3,March,1,Uttar Pradesh,10152,"RIVER GANGA A/C GOMTI RIVER, BHUSAULA",8.6,8.37,3.3
2018,4,April,1,Uttar Pradesh,10152,"RIVER GANGA A/C GOMTI RIVER, BHUSAULA",7.7,8.4,3.4
2018,5,May,1,Uttar Pradesh,10152,"RIVER GANGA A/C GOMTI RIVER, BHUSAULA",7.6,8.45,4.0
2018,6,June,1,Uttar Pradesh,10152,"RIVER GANGA A/C GOMTI RIVER, BHUSAULA",7.7,8.42,4.0
2018,7,July,1,Uttar Pradesh,10152,"RIVER GANGA A/C GOMTI RIVER, BHUSAULA",7.4,8.25,3.6
2018,8,August,1,Uttar Pradesh,10152,"RIVER GANGA A/C GOMTI RIVER, BHUSAULA",7.2,8.22,3.2
2018,9,September,1,Uttar Pradesh,10152,"RIVER GANGA A/C GOMTI RIVER, BHUSAULA",7.5,8.38,3.0
2018,10,October,1,Uttar Pradesh,10152,"RIVER GANGA A/C GOMTI RIVER, BHUSAULA",8.2,8.4,3.2
2018,11,November,1,Uttar Pradesh,10152,"RIVER GANGA A/C GOMTI RIVER, BHUSAULA",8.3,8.38,3.1
2019,1,January,1,Uttar Pradesh,10152,"RIVER GANGA A/C GOMTI RIVER, BHUSAULA",7.5,8.3,3.2
2019,2,February,1,Uttar Pradesh,10152,"RIVER GANGA A/C GOMTI RIVER, BHUSAULA",7.9,8.4,3.0
2019,3,March,1,Uttar Pradesh,10152,"RIVER GANGA A/C GOMTI RIVER, BHUSAULA",8.2,8.3,3.0
2019,4,April,1,Uttar Pradesh,10152,"RIVER GANGA A/C GOMTI RIVER, BHUSAULA",8.2,8.3,3.1
2019,6,June,1,Uttar Pradesh,10152,"RIVER GANGA A/C GOMTI RIVER, BHUSAULA",8.5,8.3,3.2
2019,7,July,1,Uttar Pradesh,10152,"RIVER GANGA A/C GOMTI RIVER, BHUSAULA",9.0,8.3,3.1
2021,1,January,1,Uttar Pradesh,10152,"RIVER GANGA A/C GOMTI RIVER, BHUSAULA",8.4,8.38,2.8
2021,1,January,2,Uttar Pradesh,10152,"RIVER GANGA A/C GOMTI RIVER, BHUSAULA",8.8,8.37,3.2
2021,2,February,1,Uttar Pradesh,10152,"RIVER GANGA A/C GOMTI RIVER, BHUSAULA",8.8,8.29,2.5
2021,2,February,2,Uttar Pradesh,10152,"RIVER GANGA A/C GOMTI RIVER, BHUSAULA",9.6,8.34,2.9
2021,3,March,1,Uttar Pradesh,10152,"RIVER GANGA A/C GOMTI RIVER, BHUSAULA",8.5,8.24,3.2
2021,3,March,2,Uttar Pradesh,10152,"RIVER GANGA A/C GOMTI RIVER, BHUSAULA",8.7,8.32,3.0
2021,4,April,1,Uttar Pradesh,10152,"RIVER GANGA A/C GOMTI RIVER, BHUSAULA",8.4,8.35,3.2
2021,4,April,2,Uttar Pradesh,10152,"RIVER GANGA A/C GOMTI RIVER, BHUSAULA",8.5,8.32,3.1
2021,5,May,1,Uttar Pradesh,10152,"RIVER GANGA A/C GOMTI RIVER, BHUSAULA",8.2,8.4,3.2
2021,5,May,2,Uttar Pradesh,10152,"RIVER GANGA A/C GOMTI RIVER, BHUSAULA",8.3,8.42,3.3
2021,6,June,1,Uttar Pradesh,10152,"RIVER GANGA A/C GOMTI RIVER, BHUSAULA",7.8,8.45,3.4
2021,6,June,2,Uttar Pradesh,10152,"RIVER GANGA A/C GOMTI RIVER, BHUSAULA",8.0,8.43,3.5
2021,7,July,1,Uttar Pradesh,10152,"RIVER GANGA A/C GOMTI RIVER, BHUSAULA",7.7,8.36,3.3
2021,7,July,2,Uttar Pradesh,10152,"RIVER GANGA A/C GOMTI RIVER, BHUSAULA",7.8,8.42,3.0
2021,8,August,1,Uttar Pradesh,10152,"RIVER GANGA A/C GOMTI RIVER, BHUSAULA",6.8,7.87,3.5
2021,8,August,2,Uttar Pradesh,10152,"RIVER GANGA A/C GOMTI RIVER, BHUSAULA",7.2,7.82,3.3
2021,9,September,1,Uttar Pradesh,10152,"RIVER GANGA A/C GOMTI RIVER, BHUSAULA",6.5,7.78,3.3
2021,9,September,2,Uttar Pradesh,10152,"RIVER GANGA A/C GOMTI RIVER, BHUSAULA",6.8,7.75,3.4
2021,10,October,1,Uttar Pradesh,10152,"RIVER GANGA A/C GOMTI RIVER, BHUSAULA",7.1,7.42,3.2
2021,10,October,2,Uttar Pradesh,10152,"RIVER GANGA A/C GOMTI RIVER, BHUSAULA",7.2,7.48,3.0
2021,11,November,1,Uttar Pradesh,10152,"RIVER GANGA A/C GOMTI RIVER, BHUSAULA",5.5,8.32,4.1
2021,12,December,1,Uttar Pradesh,10152,"RIVER GANGA A/C GOMTI RIVER, BHUSAULA",8.5,8.12,3.0
2021,12,December,2,Uttar Pradesh,10152,"RIVER GANGA A/C GOMTI RIVER, BHUSAULA",9.2,8.17,2.7
2023,1,January,1,Uttar Pradesh,10152,"RIVER GANGA A/C GOMTI RIVER, BHUSAULA",8.6,8.15,3.1
2023,1,January,2,Uttar Pradesh,10152,"RIVER GANGA A/C GOMTI RIVER, BHUSAULA",8.7,8.08,3.0
2023,2,February,1,Uttar Pradesh,10152,"RIVER GANGA A/C GOMTI RIVER, BHUSAULA",8.2,8.12,3.2
2023,2,February,2,Uttar Pradesh,10152,"RIVER GANGA A/C GOMTI RIVER, BHUSAULA",8.8,8.09,3.3
2023,3,March,1,Uttar Pradesh,10152,"RIVER GANGA A/C GOMTI RIVER, BHUSAULA",8.0,8.08,3.4
2023,3,March,2,Uttar Pradesh,10152,"RIVER GANGA A/C GOMTI RIVER, BHUSAULA",8.1,8.12,3.5
2023,4,April,1,Uttar Pradesh,10152,"RIVER GANGA A/C GOMTI RIVER, BHUSAULA",7.7,7.98,3.5
2023,4,April,2,Uttar Pradesh,10152,"RIVER GANGA A/C GOMTI RIVER, BHUSAULA",7.9,7.95,3.6
2023,5,May,1,Uttar Pradesh,10152,"RIVER GANGA A/C GOMTI RIVER, BHUSAULA",7.5,7.92,3.3
2023,5,May,2,Uttar Pradesh,10152,"RIVER GANGA A/C GOMTI RIVER, BHUSAULA",8.0,7.88,3.5
2023,6,June,1,Uttar Pradesh,10152,"RIVER GANGA A/C GOMTI RIVER, BHUSAULA",7.2,7.85,3.7
2023,6,June,2,Uttar Pradesh,10152,"RIVER GANGA A/C GOMTI RIVER, BHUSAULA",7.4,8.05,3.8
2023,7,July,1,Uttar Pradesh,10152,"RIVER GANGA A/C GOMTI RIVER, BHUSAULA",7.3,7.88,3.6
2023,7,July,2,Uttar Pradesh,10152,"RIVER GANGA A/C GOMTI RIVER, BHUSAULA",7.5,7.85,3.6
2023,8,August,1,Uttar Pradesh,10152,"RIVER GANGA A/C GOMTI RIVER, BHUSAULA",7.2,7.78,3.8
2023,8,August,2,Uttar Pradesh,10152,"RIVER GANGA A/C GOMTI RIVER, BHUSAULA",7.4,7.9,3.6
2023,9,September,1,Uttar Pradesh,10152,"RIVER GANGA A/C GOMTI RIVER, BHUSAULA",7.0,7.8,3.6
2023,9,September,2,Uttar Pradesh,10152,"RIVER GANGA A/C GOMTI RIVER, BHUSAULA",7.3,7.75,3.8
2023,10,October,1,Uttar Pradesh,10152,"RIVER GANGA A/C GOMTI RIVER, BHUSAULA",7.2,7.78,3.4
2023,10,October,2,Uttar Pradesh,10152,"RIVER GANGA A/C GOMTI RIVER, BHUSAULA",7.5,7.85,3.2
2023,11,November,1,Uttar Pradesh,10152,"RIVER GANGA A/C GOMTI RIVER, BHUSAULA",7.8,7.98,3.0
2023,11,November,2,Uttar Pradesh,10152,"RIVER GANGA A/C GOMTI RIVER, BHUSAULA",8.0,7.88,3.2
2023,12,December,1,Uttar Pradesh,10152,"RIVER GANGA A/C GOMTI RIVER, BHUSAULA",8.2,7.92,3.0
2023,12,December,2,Uttar Pradesh,10152,"RIVER GANGA A/C GOMTI RIVER, BHUSAULA",8.3,7.95,2.8
2024,1,January,1,Uttar Pradesh,10152,A/C GOMTI RIVER (BHUSAULA),8.1,7.99,3.0
2024,1,January,2,Uttar Pradesh,10152,A/C GOMTI RIVER (BHUSAULA),8.3,8.12,2.9
2024,2,February,1,Uttar Pradesh,10152,A/C GOMTI RIVER (BHUSAULA),8.4,8.15,2.8
2024,2,February,2,Uttar Pradesh,10152,A/C GOMTI RIVER (BHUSAULA),8.2,8.11,3.0
2024,3,March,1,Uttar Pradesh,10152,A/C GOMTI RIVER (BHUSAULA),8.0,8.05,3.1
2024,3,March,2,Uttar Pradesh,10152,A/C GOMTI RIVER (BHUSAULA),8.3,8.12,3.0
2024,4,April,1,Uttar Pradesh,10152,A/C GOMTI RIVER (BHUSAULA),7.7,7.94,3.1
2024,4,April,2,Uttar Pradesh,10152,A/C GOMTI RIVER (BHUSAULA),7.5,7.88,3.3
2024,5,May,1,Uttar Pradesh,10152,A/C GOMTI RIVER (BHUSAULA),7.2,7.88,3.1
2024,5,May,2,Uttar Pradesh,10152,A/C GOMTI RIVER (BHUSAULA),7.3,7.88,3.0
2024,6,June,1,Uttar Pradesh,10152,A/C GOMTI RIVER (BHUSAULA),7.3,7.92,3.2
2024,6,June,2,Uttar Pradesh,10152,A/C GOMTI RIVER (BHUSAULA),7.2,7.85,3.3
2024,7,July,1,Uttar Pradesh,10152,A/C GOMTI RIVER (BHUSAULA),7.5,7.92,3.1
2024,7,July,2,Uttar Pradesh,10152,A/C GOMTI RIVER (BHUSAULA),7.1,7.85,3.2
2024,8,August,1,Uttar Pradesh,10152,A/C GOMTI RIVER (BHUSAULA),7.0,7.73,3.2
2024,8,August,2,Uttar Pradesh,10152,A/C GOMTI RIVER (BHUSAULA),6.8,7.72,3.3
2024,9,September,1,Uttar Pradesh,10152,A/C GOMTI RIVER (BHUSAULA),7.0,7.75,3.1
2024,9,September,2,Uttar Pradesh,10152,A/C GOMTI RIVER (BHUSAULA),6.8,7.7,3.2
2024,10,October,1,Uttar Pradesh,10152,A/C GOMTI RIVER (BHUSAULA),7.2,7.72,2.8
2024,10,October,2,Uttar Pradesh,10152,A/C GOMTI RIVER (BHUSAULA),7.3,7.82,3.0
2024,11,November,1,Uttar Pradesh,10152,A/C GOMTI RIVER (BHUSAULA),7.4,7.85,2.9
2024,11,November,2,Uttar Pradesh,10152,A/C GOMTI RIVER (BHUSAULA),8.0,8.1,3.1
2024,12,December,1,Uttar Pradesh,10152,A/C GOMTI RIVER (BHUSAULA),7.9,8.02,3.2
2024,12,December,2,Uttar Pradesh,10152,A/C GOMTI RIVER (BHUSAULA),8.2,8.08,3.0
2017,6,June,1,Uttar Pradesh,10154,RIVER GANGA AT BATHING GHAT (BHARAOGHAT),8.3,8.34,3.4
2017,7,July,1,Uttar Pradesh,10154,RIVER GANGA AT BATHING GHAT (BHARAOGHAT),5.8,7.65,3.8
2017,8,August,1,Uttar Pradesh,10154,RIVER GANGA AT BATHING GHAT (BHARAOGHAT),6.2,7.36,3.4
2017,9,September,1,Uttar Pradesh,10154,RIVER GANGA AT BATHING GHAT (BHARAOGHAT),6.2,7.46,3.4
2017,10,October,1,Uttar Pradesh,10154,RIVER GANGA AT BATHING GHAT (BHARAOGHAT),7.4,7.62,3.2
2017,11,November,1,Uttar Pradesh,10154,RIVER GANGA AT BATHING GHAT (BHARAOGHAT),8.4,7.71,2.8
2017,12,December,1,Uttar Pradesh,10154,RIVER GANGA AT BATHING GHAT (BHARAOGHAT),10.8,8.01,3.6
2018,1,January,1,Uttar Pradesh,10154,RIVER GANGA AT BATHING GHAT (BHARAOGHAT),11.5,8.48,4.0
2018,2,February,1,Uttar Pradesh,10154,RIVER GANGA AT BATHING GHAT (BHARAOGHAT),9.7,8.59,3.9
2018,3,March,1,Uttar Pradesh,10154,RIVER GANGA AT BATHING GHAT (BHARAOGHAT),8.6,8.56,3.5
2018,4,April,1,Uttar Pradesh,10154,RIVER GANGA AT BATHING GHAT (BHARAOGHAT),7.8,8.26,3.7
2018,5,May,1,Uttar Pradesh,10154,RIVER GANGA AT BATHING GHAT (BHARAOGHAT),7.6,8.08,4.0
2018,6,June,1,Uttar Pradesh,10154,RIVER GANGA AT BATHING GHAT (BHARAOGHAT),7.2,8.31,3.6
2018,7,July,1,Uttar Pradesh,10154,RIVER GANGA AT BATHING GHAT (BHARAOGHAT),6.4,8.12,3.6
2018,8,August,1,Uttar Pradesh,10154,RIVER GANGA AT BATHING GHAT (BHARAOGHAT),6.6,7.74,3.8
2018,9,September,1,Uttar Pradesh,10154,RIVER GANGA AT BATHING GHAT (BHARAOGHAT),6.8,7.82,3.2
2018,10,October,1,Uttar Pradesh,10154,RIVER GANGA AT BATHING GHAT (BHARAOGHAT),7.3,8.12,3.2
2018,11,November,1,Uttar Pradesh,10154,RIVER GANGA AT BATHING GHAT (BHARAOGHAT),8.6,8.24,3.0
2019,1,January,1,Uttar Pradesh,10154,RIVER GANGA AT BATHING GHAT (BHARAOGHAT),10.1,8.5,2.6
2019,2,February,1,Uttar Pradesh,10154,RIVER GANGA AT BATHING GHAT (BHARAOGHAT),10.4,8.3,2.4
2019,3,March,1,Uttar Pradesh,10154,RIVER GANGA AT BATHING GHAT (BHARAOGHAT),5.7,8.6,2.7
2019,4,April,1,Uttar Pradesh,10154,RIVER GANGA AT BATHING GHAT (BHARAOGHAT),6.3,8.3,3.6
2020,9,September,1,Uttar Pradesh,10154,RIVER GANGA AT BATHING GHAT (BHARAOGHAT),6.0,8.2,3.1
2020,9,September,2,Uttar Pradesh,10154,RIVER GANGA AT BATHING GHAT (BHARAOGHAT),7.2,7.7,2.9
2020,10,October,2,Uttar Pradesh,10154,RIVER GANGA AT BATHING GHAT (BHARAOGHAT),8.1,8.4,3.1
2020,11,November,1,Uttar Pradesh,10154,RIVER GANGA AT BATHING GHAT (BHARAOGHAT),8.3,7.9,3.3
2020,11,November,2,Uttar Pradesh,10154,RIVER GANGA AT BATHING GHAT (BHARAOGHAT),8.4,7.9,3.3
2021,2,February,1,Uttar Pradesh,10154,RIVER GANGA AT BATHING GHAT (BHARAOGHAT),11.1,8.42,3.2
2021,4,April,1,Uttar Pradesh,10154,RIVER GANGA AT BATHING GHAT (BHARAOGHAT),8.2,8.39,3.2
2021,4,April,2,Uttar Pradesh,10154,RIVER GANGA AT BATHING GHAT (BHARAOGHAT),8.3,8.41,3.2
2021,5,May,1,Uttar Pradesh,10154,RIVER GANGA AT BATHING GHAT (BHARAOGHAT),8.2,8.36,3.3
2021,5,May,2,Uttar Pradesh,10154,RIVER GANGA AT BATHING GHAT (BHARAOGHAT),8.4,8.44,3.2
2021,6,June,1,Uttar Pradesh,10154,RIVER GANGA AT BATHING GHAT (BHARAOGHAT),8.0,8.28,3.2
2021,7,July,1,Uttar Pradesh,10154,RIVER GANGA AT BATHING GHAT (BHARAOGHAT),6.0,8.21,3.4
2021,7,July,2,Uttar Pradesh,10154,RIVER GANGA AT BATHING GHAT (BHARAOGHAT),7.0,8.26,3.3
2021,8,August,1,Uttar Pradesh,10154,RIVER GANGA AT BATHING GHAT (BHARAOGHAT),6.4,8.16,3.4
2021,11,November,1,Uttar Pradesh,10154,RIVER GANGA AT BATHING GHAT (BHARAOGHAT),6.1,8.39,3.5
2021,12,December,1,Uttar Pradesh,10154,RIVER GANGA AT BATHING GHAT (BHARAOGHAT),8.6,8.42,3.3
2023,1,January,1,Uttar Pradesh,10154,RIVER GANGA AT BATHING GHAT (BHARAOGHAT),10.3,8.46,3.2
2023,1,January,2,Uttar Pradesh,10154,RIVER GANGA AT BATHING GHAT (BHARAOGHAT),10.8,8.2,3.4
2023,3,March,1,Uttar Pradesh,10154,RIVER GANGA AT BATHING GHAT (BHARAOGHAT),9.0,8.46,3.6
2023,3,March,2,Uttar Pradesh,10154,RIVER GANGA AT BATHING GHAT (BHARAOGHAT),9.2,8.52,3.4
2023,4,April,1,Uttar Pradesh,10154,RIVER GANGA AT BATHING GHAT (BHARAOGHAT),8.0,8.46,3.8
2023,4,April,2,Uttar Pradesh,10154,RIVER GANGA AT BATHING GHAT (BHARAOGHAT),8.6,8.32,3.6
2023,5,May,1,Uttar Pradesh,10154,RIVER GANGA AT BATHING GHAT (BHARAOGHAT),7.0,8.5,3.9
2023,5,May,2,Uttar Pradesh,10154,RIVER GANGA AT BATHING GHAT (BHARAOGHAT),7.7,8.29,4.1
2023,6,June,1,Uttar Pradesh,10154,RIVER GANGA AT BATHING GHAT (BHARAOGHAT),7.3,8.24,4.0
2023,6,June,2,Uttar Pradesh,10154,RIVER GANGA AT BATHING GHAT (BHARAOGHAT),7.4,8.24,4.2
2023,7,July,1,Uttar Pradesh,10154,RIVER GANGA AT BATHING GHAT (BHARAOGHAT),6.1,8.24,4.3
2023,7,July,2,Uttar Pradesh,10154,RIVER GANGA AT BATHING GHAT (BHARAOGHAT),6.9,7.86,4.0
2023,8,August,1,Uttar Pradesh,10154,RIVER GANGA AT BATHING GHAT (BHARAOGHAT),6.1,7.92,3.2
2023,8,August,2,Uttar Pradesh,10154,RIVER GANGA AT BATHING GHAT (BHARAOGHAT),6.3,7.81,3.2
2023,9,September,1,Uttar Pradesh,10154,RIVER GANGA AT BATHING GHAT (BHARAOGHAT),6.3,7.87,3.3
2023,10,October,1,Uttar Pradesh,10154,RIVER GANGA AT BATHING GHAT (BHARAOGHAT),7.7,8.16,3.0
2023,10,October,2,Uttar Pradesh,10154,RIVER GANGA AT BATHING GHAT (BHARAOGHAT),8.2,8.36,3.6
2023,11,November,1,Uttar Pradesh,10154,RIVER GANGA AT BATHING GHAT (BHARAOGHAT),8.4,8.44,3.2
2024,1,January,1,Uttar Pradesh,10154,U/s SHUKLAGANJ ,10.9,8.4,3.1
2024,1,January,2,Uttar Pradesh,10154,U/s SHUKLAGANJ ,10.9,8.4,3.1
2024,2,February,1,Uttar Pradesh,10154,U/s SHUKLAGANJ ,10.6,8.45,3.4
2024,2,February,2,Uttar Pradesh,10154,U/s SHUKLAGANJ ,10.4,8.43,3.4
2024,3,March,1,Uttar Pradesh,10154,U/s SHUKLAGANJ ,10.2,8.4,3.2
2024,3,March,2,Uttar Pradesh,10154,U/s SHUKLAGANJ ,8.6,8.28,3.4
2024,4,April,1,Uttar Pradesh,10154,U/s SHUKLAGANJ ,8.2,8.36,3.5
2024,4,April,2,Uttar Pradesh,10154,U/s SHUKLAGANJ ,7.8,8.37,3.7
2024,5,May,1,Uttar Pradesh,10154,U/s SHUKLAGANJ ,7.9,8.43,4.6
2024,5,May,2,Uttar Pradesh,10154,U/s SHUKLAGANJ ,7.8,8.37,4.2
2024,6,June,1,Uttar Pradesh,10154,U/s SHUKLAGANJ ,7.4,8.3,4.3
2024,6,June,2,Uttar Pradesh,10154,U/s SHUKLAGANJ ,6.9,8.38,4.6
2024,7,July,1,Uttar Pradesh,10154,U/s SHUKLAGANJ ,6.2,8.35,4.4
2024,7,July,2,Uttar Pradesh,10154,U/s SHUKLAGANJ ,6.0,8.18,4.4
2024,8,August,1,Uttar Pradesh,10154,U/s SHUKLAGANJ ,6.4,7.9,3.8
2024,8,August,2,Uttar Pradesh,10154,U/s SHUKLAGANJ ,6.6,8.08,3.7
2024,9,September,1,Uttar Pradesh,10154,U/s SHUKLAGANJ ,6.5,7.92,3.7
2024,9,September,2,Uttar Pradesh,10154,U/s SHUKLAGANJ ,6.6,8.05,3.8
2024,10,October,1,Uttar Pradesh,10154,U/s SHUKLAGANJ ,7.0,8.15,3.0
2024,10,October,2,Uttar Pradesh,10154,U/s SHUKLAGANJ ,7.1,8.21,2.9
2024,11,November,1,Uttar Pradesh,10154,U/s SHUKLAGANJ ,8.1,8.18,2.8
2024,11,November,2,Uttar Pradesh,10154,U/s SHUKLAGANJ ,8.1,8.33,2.7
2024,12,December,1,Uttar Pradesh,10154,U/s SHUKLAGANJ ,9.3,8.48,2.5
2024,12,December,2,Uttar Pradesh,10154,U/s SHUKLAGANJ ,10.1,8.39,2.7
2017,6,June,1,Uttar Pradesh,10155,RIVER GANGA AT D/S (SHUKLAGANJ),7.2,8.28,3.8
2017,7,July,1,Uttar Pradesh,10155,RIVER GANGA AT D/S (SHUKLAGANJ),5.7,7.37,3.8
2017,8,August,1,Uttar Pradesh,10155,RIVER GANGA AT D/S (SHUKLAGANJ),6.0,7.48,3.6
2017,9,September,1,Uttar Pradesh,10155,RIVER GANGA AT D/S (SHUKLAGANJ),6.0,7.58,3.8
2017,10,October,1,Uttar Pradesh,10155,RIVER GANGA AT D/S (SHUKLAGANJ),7.5,7.65,3.2
2017,11,November,1,Uttar Pradesh,10155,RIVER GANGA AT D/S (SHUKLAGANJ),8.1,7.66,3.1
2017,12,December,1,Uttar Pradesh,10155,RIVER GANGA AT D/S (SHUKLAGANJ),9.6,7.9,3.8
2018,1,January,1,Uttar Pradesh,10155,RIVER GANGA AT D/S (SHUKLAGANJ),11.3,8.42,4.8
2018,2,February,1,Uttar Pradesh,10155,RIVER GANGA AT D/S (SHUKLAGANJ),9.2,8.52,4.6
2018,3,March,1,Uttar Pradesh,10155,RIVER GANGA AT D/S (SHUKLAGANJ),8.0,8.35,4.0
2018,4,April,1,Uttar Pradesh,10155,RIVER GANGA AT D/S (SHUKLAGANJ),6.2,7.83,4.2
2018,5,May,1,Uttar Pradesh,10155,RIVER GANGA AT D/S (SHUKLAGANJ),6.8,7.84,4.6
2018,6,June,1,Uttar Pradesh,10155,RIVER GANGA AT D/S (SHUKLAGANJ),6.2,8.22,4.1
2018,7,July,1,Uttar Pradesh,10155,RIVER GANGA AT D/S (SHUKLAGANJ),5.7,7.88,4.2
2018,8,August,1,Uttar Pradesh,10155,RIVER GANGA AT D/S (SHUKLAGANJ),6.2,7.66,4.4
2018,9,September,1,Uttar Pradesh,10155,RIVER GANGA AT D/S (SHUKLAGANJ),6.4,7.74,3.6
2018,10,October,1,Uttar Pradesh,10155,RIVER GANGA AT D/S (SHUKLAGANJ),7.0,8.06,3.5
2018,11,November,1,Uttar Pradesh,10155,RIVER GANGA AT D/S (SHUKLAGANJ),7.7,8.35,3.6
2019,1,January,1,Uttar Pradesh,10155,RIVER GANGA AT D/S (SHUKLAGANJ),10.0,8.4,2.9
2019,2,February,1,Uttar Pradesh,10155,RIVER GANGA AT D/S (SHUKLAGANJ),5.4,8.3,2.7
2019,3,March,1,Uttar Pradesh,10155,RIVER GANGA AT D/S (SHUKLAGANJ),6.2,8.5,3.1
2019,4,April,1,Uttar Pradesh,10155,RIVER GANGA AT D/S (SHUKLAGANJ),6.6,8.7,4.4
2020,9,September,1,Uttar Pradesh,10155,RIVER GANGA AT D/S (SHUKLAGANJ),6.0,8.2,3.2
2020,9,September,2,Uttar Pradesh,10155,RIVER GANGA AT D/S (SHUKLAGANJ),7.0,7.8,3.6
2020,10,October,1,Uttar Pradesh,10155,RIVER GANGA AT D/S (SHUKLAGANJ),7.8,8.2,3.8
2020,10,October,2,Uttar Pradesh,10155,RIVER GANGA AT D/S (SHUKLAGANJ),8.0,8.3,3.5
2020,11,November,1,Uttar Pradesh,10155,RIVER GANGA AT D/S (SHUKLAGANJ),8.4,8.0,3.7
2020,12,December,1,Uttar Pradesh,10155,RIVER GANGA AT D/S (SHUKLAGANJ),10.6,8.4,3.6
2020,12,December,2,Uttar Pradesh,10155,RIVER GANGA AT D/S (SHUKLAGANJ),11.7,8.3,3.7
2021,1,January,1,Uttar Pradesh,10155,RIVER GANGA AT D/S (SHUKLAGANJ),10.7,8.39,3.4
2021,2,February,1,Uttar Pradesh,10155,RIVER GANGA AT D/S (SHUKLAGANJ),10.6,8.2,3.4
2021,4,April,1,Uttar Pradesh,10155,RIVER GANGA AT D/S (SHUKLAGANJ),7.9,8.36,3.6
2021,4,April,2,Uttar Pradesh,10155,RIVER GANGA AT D/S (SHUKLAGANJ),8.0,8.32,3.2
2021,5,May,1,Uttar Pradesh,10155,RIVER GANGA AT D/S (SHUKLAGANJ),7.8,8.32,3.4
2021,5,May,2,Uttar Pradesh,10155,RIVER GANGA AT D/S (SHUKLAGANJ),7.9,8.23,3.6
2021,6,June,1,Uttar Pradesh,10155,RIVER GANGA AT D/S (SHUKLAGANJ),7.7,8.29,3.8
2021,8,August,1,Uttar Pradesh,10155,RIVER GANGA AT D/S (SHUKLAGANJ),6.4,8.09,3.5
2021,11,November,1,Uttar Pradesh,10155,RIVER GANGA AT D/S (SHUKLAGANJ),6.0,8.28,4.0
2021,12,December,1,Uttar Pradesh,10155,RIVER GANGA AT D/S (SHUKLAGANJ),8.5,8.39,3.6
2023,1,January,1,Uttar Pradesh,10155,RIVER GANGA AT D/S (SHUKLAGANJ),10.5,8.32,3.3
2023,1,January,2,Uttar Pradesh,10155,RIVER GANGA AT D/S (SHUKLAGANJ),10.9,8.24,3.8
2023,3,March,1,Uttar Pradesh,10155,RIVER GANGA AT D/S (SHUKLAGANJ),8.5,8.64,3.9
2023,3,March,2,Uttar Pradesh,10155,RIVER GANGA AT D/S (SHUKLAGANJ),8.8,7.47,3.6
2023,4,April,1,Uttar Pradesh,10155,RIVER GANGA AT D/S (SHUKLAGANJ),8.5,8.36,4.2
2023,4,April,2,Uttar Pradesh,10155,RIVER GANGA AT D/S (SHUKLAGANJ),8.5,8.31,3.5
2023,5,May,1,Uttar Pradesh,10155,RIVER GANGA AT D/S (SHUKLAGANJ),7.9,8.38,4.1
2023,5,May,2,Uttar Pradesh,10155,RIVER GANGA AT D/S (SHUKLAGANJ),8.6,8.24,4.3
2023,6,June,1,Uttar Pradesh,10155,RIVER GANGA AT D/S (SHUKLAGANJ),7.3,8.23,4.4
2023,6,June,2,Uttar Pradesh,10155,RIVER GANGA AT D/S (SHUKLAGANJ),7.3,7.87,4.3
2023,7,July,1,Uttar Pradesh,10155,RIVER GANGA AT D/S (SHUKLAGANJ),6.3,7.86,4.5
2023,7,July,2,Uttar Pradesh,10155,RIVER GANGA AT D/S (SHUKLAGANJ),6.6,7.85,4.6
2023,8,August,1,Uttar Pradesh,10155,RIVER GANGA AT D/S (SHUKLAGANJ),6.0,7.82,3.4
2023,8,August,2,Uttar Pradesh,10155,RIVER GANGA AT D/S (SHUKLAGANJ),6.2,8.1,3.5
2023,9,September,1,Uttar Pradesh,10155,RIVER GANGA AT D/S (SHUKLAGANJ),6.2,8.09,3.4
2023,10,October,1,Uttar Pradesh,10155,RIVER GANGA AT D/S (SHUKLAGANJ),7.3,8.34,3.3
2023,10,October,2,Uttar Pradesh,10155,RIVER GANGA AT D/S (SHUKLAGANJ),8.2,8.37,3.8
2023,11,November,1,Uttar Pradesh,10155,RIVER GANGA AT D/S (SHUKLAGANJ),8.5,8.32,3.2
2024,1,January,1,Uttar Pradesh,10155,SHUKLAGANJ D/S,10.5,8.34,3.0
2024,1,January,2,Uttar Pradesh,10155,SHUKLAGANJ D/S,11.0,8.37,3.1
2024,2,February,1,Uttar Pradesh,10155,SHUKLAGANJ D/S,10.7,8.42,3.2
2024,2,February,2,Uttar Pradesh,10155,SHUKLAGANJ D/S,10.2,8.4,3.6
2024,3,March,1,Uttar Pradesh,10155,SHUKLAGANJ D/S,10.0,8.37,3.8
2024,3,March,2,Uttar Pradesh,10155,SHUKLAGANJ D/S,8.7,8.2,3.4
2024,4,April,1,Uttar Pradesh,10155,SHUKLAGANJ D/S,8.2,8.18,3.6
2024,4,April,2,Uttar Pradesh,10155,SHUKLAGANJ D/S,8.0,8.42,3.5
2024,5,May,1,Uttar Pradesh,10155,SHUKLAGANJ D/S,7.8,8.38,4.8
2024,5,May,2,Uttar Pradesh,10155,SHUKLAGANJ D/S,7.8,8.42,4.2
2024,6,June,1,Uttar Pradesh,10155,SHUKLAGANJ D/S,7.9,8.4,4.1
2024,6,June,2,Uttar Pradesh,10155,SHUKLAGANJ D/S,7.0,8.38,4.5
2024,7,July,1,Uttar Pradesh,10155,SHUKLAGANJ D/S,6.3,8.35,4.3
2024,7,July,2,Uttar Pradesh,10155,SHUKLAGANJ D/S,6.0,8.16,4.5
2024,8,August,1,Uttar Pradesh,10155,SHUKLAGANJ D/S,6.5,7.84,3.9
2024,8,August,2,Uttar Pradesh,10155,SHUKLAGANJ D/S,6.7,8.04,3.7
2024,9,September,1,Uttar Pradesh,10155,SHUKLAGANJ D/S,6.6,7.99,3.8
2024,9,September,2,Uttar Pradesh,10155,SHUKLAGANJ D/S,6.8,8.12,3.9
2024,10,October,1,Uttar Pradesh,10155,SHUKLAGANJ D/S,7.0,8.14,3.3
2024,10,October,2,Uttar Pradesh,10155,SHUKLAGANJ D/S,6.9,8.27,3.2
2024,11,November,1,Uttar Pradesh,10155,SHUKLAGANJ D/S,7.9,8.3,3.0
2024,11,November,2,Uttar Pradesh,10155,SHUKLAGANJ D/S,8.4,8.36,2.9
2024,12,December,1,Uttar Pradesh,10155,SHUKLAGANJ D/S,9.5,8.45,2.8
2024,12,December,2,Uttar Pradesh,10155,SHUKLAGANJ D/S,10.1,8.42,3.1
2017,6,June,1,Uttar Pradesh,10156,RIVER GANGA AT BATHING GHAT (GOLA GHAT),7.0,8.16,3.2
2017,7,July,1,Uttar Pradesh,10156,RIVER GANGA AT BATHING GHAT (GOLA GHAT),5.7,7.38,4.4
2018,1,January,1,Uttar Pradesh,10156,RIVER GANGA AT BATHING GHAT (GOLA GHAT),11.0,8.39,5.6
2018,2,February,1,Uttar Pradesh,10156,RIVER GANGA AT BATHING GHAT (GOLA GHAT),8.9,8.49,5.4
2018,3,March,1,Uttar Pradesh,10156,RIVER GANGA AT BATHING GHAT (GOLA GHAT),7.6,8.29,4.6
2018,4,April,1,Uttar Pradesh,10156,RIVER GANGA AT BATHING GHAT (GOLA GHAT),5.8,7.74,4.8
2018,5,May,1,Uttar Pradesh,10156,RIVER GANGA AT BATHING GHAT (GOLA GHAT),6.1,7.76,5.2
2018,6,June,1,Uttar Pradesh,10156,RIVER GANGA AT BATHING GHAT (GOLA GHAT),5.8,8.08,4.4
2018,7,July,1,Uttar Pradesh,10156,RIVER GANGA AT BATHING GHAT (GOLA GHAT),5.5,7.79,4.6
2018,8,August,1,Uttar Pradesh,10156,RIVER GANGA AT BATHING GHAT (GOLA GHAT),6.4,7.67,4.2
2018,11,November,1,Uttar Pradesh,10156,RIVER GANGA AT BATHING GHAT (GOLA GHAT),7.4,8.26,4.0
2019,1,January,1,Uttar Pradesh,10156,RIVER GANGA AT BATHING GHAT (GOLA GHAT),10.1,8.4,2.8
2019,2,February,1,Uttar Pradesh,10156,RIVER GANGA AT BATHING GHAT (GOLA GHAT),5.6,8.3,2.6
2019,3,March,1,Uttar Pradesh,10156,RIVER GANGA AT BATHING GHAT (GOLA GHAT),5.6,8.5,3.0
2019,4,April,1,Uttar Pradesh,10156,RIVER GANGA AT BATHING GHAT (GOLA GHAT),6.0,8.6,4.6
2019,5,May,1,Uttar Pradesh,10156,RIVER GANGA AT BATHING GHAT (GOLA GHAT),7.3,8.6,4.6
2019,6,June,1,Uttar Pradesh,10156,RIVER GANGA AT BATHING GHAT (GOLA GHAT),8.2,7.7,4.4
2019,7,July,1,Uttar Pradesh,10156,RIVER GANGA AT BATHING GHAT (GOLA GHAT),9.6,7.9,4.6
2019,8,August,1,Uttar Pradesh,10156,RIVER GANGA AT BATHING GHAT (GOLA GHAT),9.8,7.9,3.8
2021,1,January,1,Uttar Pradesh,10156,RIVER GANGA AT BATHING GHAT (GOLA GHAT),10.5,8.36,3.6
2021,1,January,2,Uttar Pradesh,10156,RIVER GANGA AT BATHING GHAT (GOLA GHAT),10.6,8.1,3.5
2021,5,May,1,Uttar Pradesh,10156,RIVER GANGA AT BATHING GHAT (GOLA GHAT),7.6,8.29,3.8
2021,5,May,2,Uttar Pradesh,10156,RIVER GANGA AT BATHING GHAT (GOLA GHAT),7.8,8.29,3.6
2021,6,June,1,Uttar Pradesh,10156,RIVER GANGA AT BATHING GHAT (GOLA GHAT),7.6,8.2,3.5
2021,7,July,2,Uttar Pradesh,10156,RIVER GANGA AT BATHING GHAT (GOLA GHAT),5.4,8.17,3.9
2021,8,August,1,Uttar Pradesh,10156,RIVER GANGA AT BATHING GHAT (GOLA GHAT),6.6,8.13,3.7
2021,11,November,1,Uttar Pradesh,10156,RIVER GANGA AT BATHING GHAT (GOLA GHAT),5.8,8.21,4.0
2021,12,December,1,Uttar Pradesh,10156,RIVER GANGA AT BATHING GHAT (GOLA GHAT),8.4,8.39,4.2
2023,1,January,1,Uttar Pradesh,10156,RIVER GANGA AT BATHING GHAT (GOLA GHAT),10.2,8.36,3.6
2023,1,January,2,Uttar Pradesh,10156,RIVER GANGA AT BATHING GHAT (GOLA GHAT),10.6,8.31,4.1
2023,3,March,1,Uttar Pradesh,10156,RIVER GANGA AT BATHING GHAT (GOLA GHAT),8.1,8.68,4.2
2023,3,March,2,Uttar Pradesh,10156,RIVER GANGA AT BATHING GHAT (GOLA GHAT),8.4,8.41,3.8
2023,4,April,1,Uttar Pradesh,10156,RIVER GANGA AT BATHING GHAT (GOLA GHAT),8.3,8.37,13.2
2023,4,April,2,Uttar Pradesh,10156,RIVER GANGA AT BATHING GHAT (GOLA GHAT),8.3,8.27,3.7
2023,5,May,1,Uttar Pradesh,10156,RIVER GANGA AT BATHING GHAT (GOLA GHAT),7.3,8.31,4.2
2023,5,May,2,Uttar Pradesh,10156,RIVER GANGA AT BATHING GHAT (GOLA GHAT),8.5,8.29,4.4
2023,6,June,1,Uttar Pradesh,10156,RIVER GANGA AT BATHING GHAT (GOLA GHAT),7.2,8.39,4.4
2023,6,June,2,Uttar Pradesh,10156,RIVER GANGA AT BATHING GHAT (GOLA GHAT),7.4,7.81,4.4
2023,7,July,1,Uttar Pradesh,10156,RIVER GANGA AT BATHING GHAT (GOLA GHAT),6.2,7.82,4.7
2023,7,July,2,Uttar Pradesh,10156,RIVER GANGA AT BATHING GHAT (GOLA GHAT),6.4,7.82,4.7
2023,8,August,1,Uttar Pradesh,10156,RIVER GANGA AT BATHING GHAT (GOLA GHAT),5.9,7.78,3.5
2023,9,September,1,Uttar Pradesh,10156,RIVER GANGA AT BATHING GHAT (GOLA GHAT),6.0,8.06,3.6
2023,10,October,1,Uttar Pradesh,10156,RIVER GANGA AT BATHING GHAT (GOLA GHAT),7.1,8.28,3.4
2023,10,October,2,Uttar Pradesh,10156,RIVER GANGA AT BATHING GHAT (GOLA GHAT),7.9,8.36,4.0
2023,11,November,1,Uttar Pradesh,10156,RIVER GANGA AT BATHING GHAT (GOLA GHAT),8.3,8.24,3.6
2024,1,January,1,Uttar Pradesh,10156,BATHING GHAT (GOLA GHAT),11.7,8.46,3.3
2024,1,January,2,Uttar Pradesh,10156,BATHING GHAT (GOLA GHAT),10.8,8.34,3.2
2024,2,February,1,Uttar Pradesh,10156,BATHING GHAT (GOLA GHAT),10.5,8.4,3.6
2024,2,February,2,Uttar Pradesh,10156,BATHING GHAT (GOLA GHAT),10.0,8.38,4.2
2024,3,March,1,Uttar Pradesh,10156,BATHING GHAT (GOLA GHAT),9.8,8.3,4.0
2024,3,March,2,Uttar Pradesh,10156,BATHING GHAT (GOLA GHAT),8.2,8.18,4.4
2024,4,April,1,Uttar Pradesh,10156,BATHING GHAT (GOLA GHAT),8.1,8.16,3.7
2024,4,April,2,Uttar Pradesh,10156,BATHING GHAT (GOLA GHAT),7.8,8.41,3.9
2024,5,May,1,Uttar Pradesh,10156,BATHING GHAT (GOLA GHAT),7.5,8.3,4.4
2024,5,May,2,Uttar Pradesh,10156,BATHING GHAT (GOLA GHAT),7.5,8.4,4.4
2024,6,June,1,Uttar Pradesh,10156,BATHING GHAT (GOLA GHAT),7.4,8.3,4.3
2024,6,June,2,Uttar Pradesh,10156,BATHING GHAT (GOLA GHAT),6.8,8.35,4.8
2024,7,July,1,Uttar Pradesh,10156,BATHING GHAT (GOLA GHAT),6.2,8.31,4.4
2024,7,July,2,Uttar Pradesh,10156,BATHING GHAT (GOLA GHAT),5.8,8.12,4.6
2024,8,August,1,Uttar Pradesh,10156,BATHING GHAT (GOLA GHAT),6.3,7.87,4.1
2024,8,August,2,Uttar Pradesh,10156,BATHING GHAT (GOLA GHAT),6.5,7.92,4.0
2024,9,September,1,Uttar Pradesh,10156,BATHING GHAT (GOLA GHAT),6.4,7.86,3.9
2024,9,September,2,Uttar Pradesh,10156,BATHING GHAT (GOLA GHAT),6.6,8.01,4.2
2024,10,October,1,Uttar Pradesh,10156,BATHING GHAT (GOLA GHAT),6.8,8.05,3.4
2024,10,October,2,Uttar Pradesh,10156,BATHING GHAT (GOLA GHAT),6.6,8.2,3.5
2024,11,November,1,Uttar Pradesh,10156,BATHING GHAT (GOLA GHAT),7.7,8.38,3.3
2024,11,November,2,Uttar Pradesh,10156,BATHING GHAT (GOLA GHAT),8.3,8.3,3.1
2024,12,December,1,Uttar Pradesh,10156,BATHING GHAT (GOLA GHAT),9.3,8.4,3.0
2024,12,December,2,Uttar Pradesh,10156,BATHING GHAT (GOLA GHAT),9.9,8.4,3.2
2017,6,June,1,Uttar Pradesh,10157,RIVER GANGA AT BATHING GHAT (JAJMAU BRIDGE),6.4,7.36,4.2
2017,7,July,1,Uttar Pradesh,10157,RIVER GANGA AT BATHING GHAT (JAJMAU BRIDGE),5.6,7.31,5.0
2017,8,August,1,Uttar Pradesh,10157,RIVER GANGA AT BATHING GHAT (JAJMAU BRIDGE),5.7,7.36,5.2
2017,9,September,1,Uttar Pradesh,10157,RIVER GANGA AT BATHING GHAT (JAJMAU BRIDGE),5.9,7.5,5.4
2017,10,October,1,Uttar Pradesh,10157,RIVER GANGA AT BATHING GHAT (JAJMAU BRIDGE),6.7,7.5,4.9
2017,11,November,1,Uttar Pradesh,10157,RIVER GANGA AT BATHING GHAT (JAJMAU BRIDGE),7.6,7.59,4.0
2017,12,December,1,Uttar Pradesh,10157,RIVER GANGA AT BATHING GHAT (JAJMAU BRIDGE),9.4,7.86,5.6
2018,1,January,1,Uttar Pradesh,10157,RIVER GANGA AT BATHING GHAT (JAJMAU BRIDGE),10.8,8.37,6.8
2018,2,February,1,Uttar Pradesh,10157,RIVER GANGA AT BATHING GHAT (JAJMAU BRIDGE),8.5,8.46,6.4
2018,3,March,1,Uttar Pradesh,10157,RIVER GANGA AT BATHING GHAT (JAJMAU BRIDGE),7.0,8.16,6.2
2018,4,April,1,Uttar Pradesh,10157,RIVER GANGA AT BATHING GHAT (JAJMAU BRIDGE),5.1,7.66,6.4
2018,5,May,1,Uttar Pradesh,10157,RIVER GANGA AT BATHING GHAT (JAJMAU BRIDGE),4.5,7.62,6.6
2018,6,June,1,Uttar Pradesh,10157,RIVER GANGA AT BATHING GHAT (JAJMAU BRIDGE),5.2,7.89,5.6
2018,7,July,1,Uttar Pradesh,10157,RIVER GANGA AT BATHING GHAT (JAJMAU BRIDGE),5.0,7.71,5.4
2018,8,August,1,Uttar Pradesh,10157,RIVER GANGA AT BATHING GHAT (JAJMAU BRIDGE),6.1,7.62,5.8
2018,9,September,1,Uttar Pradesh,10157,RIVER GANGA AT BATHING GHAT (JAJMAU BRIDGE),6.3,7.73,4.8
2018,10,October,1,Uttar Pradesh,10157,RIVER GANGA AT BATHING GHAT (JAJMAU BRIDGE),6.5,7.95,4.0
2019,1,January,1,Uttar Pradesh,10157,RIVER GANGA AT BATHING GHAT (JAJMAU BRIDGE),5.6,8.4,3.0
2019,2,February,1,Uttar Pradesh,10157,RIVER GANGA AT BATHING GHAT (JAJMAU BRIDGE),5.7,8.3,2.8
2019,3,March,1,Uttar Pradesh,10157,RIVER GANGA AT BATHING GHAT (JAJMAU BRIDGE),6.3,8.5,3.2
2019,4,April,1,Uttar Pradesh,10157,RIVER GANGA AT BATHING GHAT (JAJMAU BRIDGE),7.0,8.5,5.4
2019,5,May,1,Uttar Pradesh,10157,RIVER GANGA AT BATHING GHAT (JAJMAU BRIDGE),8.7,7.7,5.2
2019,6,June,1,Uttar Pradesh,10157,RIVER GANGA AT BATHING GHAT (JAJMAU BRIDGE),9.5,7.8,4.8
2019,7,July,1,Uttar Pradesh,10157,RIVER GANGA AT BATHING GHAT (JAJMAU BRIDGE),9.5,7.7,4.8
2019,8,August,1,Uttar Pradesh,10157,RIVER GANGA AT BATHING GHAT (JAJMAU BRIDGE),9.6,7.7,3.6
2020,9,September,1,Uttar Pradesh,10157,RIVER GANGA AT BATHING GHAT (JAJMAU BRIDGE),6.1,7.8,4.5
2020,9,September,2,Uttar Pradesh,10157,RIVER GANGA AT BATHING GHAT (JAJMAU BRIDGE),6.7,7.7,4.4
2020,10,October,1,Uttar Pradesh,10157,RIVER GANGA AT BATHING GHAT (JAJMAU BRIDGE),7.4,8.2,4.2
2020,10,October,2,Uttar Pradesh,10157,RIVER GANGA AT BATHING GHAT (JAJMAU BRIDGE),7.6,7.9,4.1
2020,11,November,1,Uttar Pradesh,10157,RIVER GANGA AT BATHING GHAT (JAJMAU BRIDGE),8.3,8.2,4.0
2020,12,December,1,Uttar Pradesh,10157,RIVER GANGA AT BATHING GHAT (JAJMAU BRIDGE),10.6,8.3,4.0
2020,12,December,2,Uttar Pradesh,10157,RIVER GANGA AT BATHING GHAT (JAJMAU BRIDGE),11.3,8.2,4.1
2021,1,January,1,Uttar Pradesh,10157,RIVER GANGA AT BATHING GHAT (JAJMAU BRIDGE),10.4,8.32,3.9
2021,2,February,1,Uttar Pradesh,10157,RIVER GANGA AT BATHING GHAT (JAJMAU BRIDGE),10.3,8.2,3.8
2021,4,April,2,Uttar Pradesh,10157,RIVER GANGA AT BATHING GHAT (JAJMAU BRIDGE),7.6,8.24,3.9
2021,5,May,1,Uttar Pradesh,10157,RIVER GANGA AT BATHING GHAT (JAJMAU BRIDGE),7.3,8.24,3.9
2021,5,May,2,Uttar Pradesh,10157,RIVER GANGA AT BATHING GHAT (JAJMAU BRIDGE),7.7,8.16,3.8
2021,6,June,1,Uttar Pradesh,10157,RIVER GANGA AT BATHING GHAT (JAJMAU BRIDGE),7.7,8.23,3.9
2021,7,July,2,Uttar Pradesh,10157,RIVER GANGA AT BATHING GHAT (JAJMAU BRIDGE),6.3,8.14,4.0
2021,8,August,1,Uttar Pradesh,10157,RIVER GANGA AT BATHING GHAT (JAJMAU BRIDGE),6.2,8.09,4.2
2021,11,November,2,Uttar Pradesh,10157,RIVER GANGA AT BATHING GHAT (JAJMAU BRIDGE),5.5,8.36,4.4
2021,12,December,1,Uttar Pradesh,10157,RIVER GANGA AT BATHING GHAT (JAJMAU BRIDGE),8.2,8.34,4.2
2023,1,January,1,Uttar Pradesh,10157,RIVER GANGA AT BATHING GHAT (JAJMAU BRIDGE),10.0,8.3,3.9
2023,1,January,2,Uttar Pradesh,10157,RIVER GANGA AT BATHING GHAT (JAJMAU BRIDGE),10.2,8.26,4.2
2023,3,March,1,Uttar Pradesh,10157,RIVER GANGA AT BATHING GHAT (JAJMAU BRIDGE),9.4,8.18,4.3
2023,3,March,2,Uttar Pradesh,10157,RIVER GANGA AT BATHING GHAT (JAJMAU BRIDGE),9.4,8.27,3.9
2023,4,April,1,Uttar Pradesh,10157,RIVER GANGA AT BATHING GHAT (JAJMAU BRIDGE),8.2,8.29,4.5
2023,4,April,2,Uttar Pradesh,10157,RIVER GANGA AT BATHING GHAT (JAJMAU BRIDGE),9.0,8.29,4.5
2023,5,May,1,Uttar Pradesh,10157,RIVER GANGA AT BATHING GHAT (JAJMAU BRIDGE),8.3,8.26,4.4
2023,6,June,1,Uttar Pradesh,10157,RIVER GANGA AT BATHING GHAT (JAJMAU BRIDGE),7.2,8.32,4.5
2023,6,June,2,Uttar Pradesh,10157,RIVER GANGA AT BATHING GHAT (JAJMAU BRIDGE),7.3,7.69,4.5
2023,7,July,1,Uttar Pradesh,10157,RIVER GANGA AT BATHING GHAT (JAJMAU BRIDGE),6.0,7.84,4.9
2023,7,July,2,Uttar Pradesh,10157,RIVER GANGA AT BATHING GHAT (JAJMAU BRIDGE),6.7,7.84,4.8
2023,8,August,1,Uttar Pradesh,10157,RIVER GANGA AT BATHING GHAT (JAJMAU BRIDGE),6.0,7.8,3.6
2023,8,August,2,Uttar Pradesh,10157,RIVER GANGA AT BATHING GHAT (JAJMAU BRIDGE),6.1,8.38,3.7
2023,9,September,1,Uttar Pradesh,10157,RIVER GANGA AT BATHING GHAT (JAJMAU BRIDGE),6.6,8.02,3.7
2023,10,October,1,Uttar Pradesh,10157,RIVER GANGA AT BATHING GHAT (JAJMAU BRIDGE),7.0,8.35,3.8
2023,10,October,2,Uttar Pradesh,10157,RIVER GANGA AT BATHING GHAT (JAJMAU BRIDGE),7.7,8.46,4.2
2023,11,November,1,Uttar Pradesh,10157,RIVER GANGA AT BATHING GHAT (JAJMAU BRIDGE),8.4,8.45,3.9
2024,1,January,1,Uttar Pradesh,10157,BATHING GHAT (JAJMAU BRIDGE),10.8,8.43,3.6
2024,1,January,2,Uttar Pradesh,10157,BATHING GHAT (JAJMAU BRIDGE),10.7,8.31,3.3
2024,2,February,1,Uttar Pradesh,10157,BATHING GHAT (JAJMAU BRIDGE),10.6,8.39,3.8
2024,2,February,2,Uttar Pradesh,10157,BATHING GHAT (JAJMAU BRIDGE),10.3,8.42,4.4
2024,3,March,1,Uttar Pradesh,10157,BATHING GHAT (JAJMAU BRIDGE),9.6,8.28,4.2
2024,3,March,2,Uttar Pradesh,10157,BATHING GHAT (JAJMAU BRIDGE),8.6,8.14,4.6
2024,4,April,1,Uttar Pradesh,10157,BATHING GHAT (JAJMAU BRIDGE),8.0,8.14,3.6
2024,4,April,2,Uttar Pradesh,10157,BATHING GHAT (JAJMAU BRIDGE),7.8,8.41,3.9
2024,5,May,1,Uttar Pradesh,10157,BATHING GHAT (JAJMAU BRIDGE),7.6,8.36,5.0
2024,5,May,2,Uttar Pradesh,10157,BATHING GHAT (JAJMAU BRIDGE),7.6,8.38,4.6
2024,6,June,1,Uttar Pradesh,10157,BATHING GHAT (JAJMAU BRIDGE),7.5,8.36,4.2
2024,6,June,2,Uttar Pradesh,10157,BATHING GHAT (JAJMAU BRIDGE),6.9,8.36,4.6
2024,7,July,1,Uttar Pradesh,10157,BATHING GHAT (JAJMAU BRIDGE),6.3,8.33,4.3
2024,7,July,2,Uttar Pradesh,10157,BATHING GHAT (JAJMAU BRIDGE),5.9,8.18,4.5
2024,8,August,1,Uttar Pradesh,10157,BATHING GHAT (JAJMAU BRIDGE),6.4,7.81,4.3
2024,8,August,2,Uttar Pradesh,10157,BATHING GHAT (JAJMAU BRIDGE),6.6,7.9,4.2
2024,9,September,1,Uttar Pradesh,10157,BATHING GHAT (JAJMAU BRIDGE),6.5,7.84,4.2
2024,9,September,2,Uttar Pradesh,10157,BATHING GHAT (JAJMAU BRIDGE),6.7,7.98,4.4
2024,10,October,1,Uttar Pradesh,10157,BATHING GHAT (JAJMAU BRIDGE),6.9,8.0,3.3
2024,10,October,2,Uttar Pradesh,10157,BATHING GHAT (JAJMAU BRIDGE),6.8,8.24,3.4
2024,11,November,1,Uttar Pradesh,10157,BATHING GHAT (JAJMAU BRIDGE),8.0,8.0,3.2
2024,11,November,2,Uttar Pradesh,10157,BATHING GHAT (JAJMAU BRIDGE),8.2,8.34,3.0
2024,12,December,1,Uttar Pradesh,10157,BATHING GHAT (JAJMAU BRIDGE),9.1,8.44,2.8
2024,12,December,2,Uttar Pradesh,10157,BATHING GHAT (JAJMAU BRIDGE),9.6,8.38,3.0
2018,2,February,1,Uttar Pradesh,10158,"RIVER GANGA A/C TAMSA RIVER, SIRSA, SON BARSA",8.3,8.28,3.8
2018,3,March,1,Uttar Pradesh,10158,"RIVER GANGA A/C TAMSA RIVER, SIRSA, SON BARSA",9.5,8.1,3.4
2018,4,April,1,Uttar Pradesh,10158,"RIVER GANGA A/C TAMSA RIVER, SIRSA, SON BARSA",9.1,8.05,3.3
2018,5,May,1,Uttar Pradesh,10158,"RIVER GANGA A/C TAMSA RIVER, SIRSA, SON BARSA",8.7,8.32,3.5
2018,6,June,1,Uttar Pradesh,10158,"RIVER GANGA A/C TAMSA RIVER, SIRSA, SON BARSA",8.6,8.33,3.2
2018,7,July,1,Uttar Pradesh,10158,"RIVER GANGA A/C TAMSA RIVER, SIRSA, SON BARSA",7.5,7.75,3.3
2018,8,August,1,Uttar Pradesh,10158,"RIVER GANGA A/C TAMSA RIVER, SIRSA, SON BARSA",7.6,7.69,2.7
2018,9,September,1,Uttar Pradesh,10158,"RIVER GANGA A/C TAMSA RIVER, SIRSA, SON BARSA",7.9,7.72,2.6
2018,10,October,1,Uttar Pradesh,10158,"RIVER GANGA A/C TAMSA RIVER, SIRSA, SON BARSA",7.8,7.64,2.6
2018,11,November,1,Uttar Pradesh,10158,"RIVER GANGA A/C TAMSA RIVER, SIRSA, SON BARSA",9.2,8.36,2.8
2019,1,January,1,Uttar Pradesh,10158,"RIVER GANGA A/C TAMSA RIVER, SIRSA, SON BARSA",10.6,8.2,2.5
2019,2,February,1,Uttar Pradesh,10158,"RIVER GANGA A/C TAMSA RIVER, SIRSA, SON BARSA",7.3,8.1,2.7
2019,3,March,1,Uttar Pradesh,10158,"RIVER GANGA A/C TAMSA RIVER, SIRSA, SON BARSA",7.4,8.2,2.8
2019,4,April,1,Uttar Pradesh,10158,"RIVER GANGA A/C TAMSA RIVER, SIRSA, SON BARSA",7.5,8.0,2.7
2019,5,May,1,Uttar Pradesh,10158,"RIVER GANGA A/C TAMSA RIVER, SIRSA, SON BARSA",7.6,8.1,2.9
2019,6,June,1,Uttar Pradesh,10158,"RIVER GANGA A/C TAMSA RIVER, SIRSA, SON BARSA",7.8,7.7,2.8
2019,7,July,1,Uttar Pradesh,10158,"RIVER GANGA A/C TAMSA RIVER, SIRSA, SON BARSA",7.8,8.1,2.7
2019,8,August,1,Uttar Pradesh,10158,"RIVER GANGA A/C TAMSA RIVER, SIRSA, SON BARSA",8.4,8.2,2.3
2019,9,September,1,Uttar Pradesh,10158,"RIVER GANGA A/C TAMSA RIVER, SIRSA, SON BARSA",9.6,7.8,2.2
2021,1,January,1,Uttar Pradesh,10158,"RIVER GANGA A/C TAMSA RIVER, SIRSA, SON BARSA",8.3,8.18,2.2
2021,1,January,2,Uttar Pradesh,10158,"RIVER GANGA A/C TAMSA RIVER, SIRSA, SON BARSA",9.5,8.16,2.4
2021,2,February,1,Uttar Pradesh,10158,"RIVER GANGA A/C TAMSA RIVER, SIRSA, SON BARSA",7.5,8.11,2.5
2021,2,February,2,Uttar Pradesh,10158,"RIVER GANGA A/C TAMSA RIVER, SIRSA, SON BARSA",8.9,7.87,2.5
2021,3,March,1,Uttar Pradesh,10158,"RIVER GANGA A/C TAMSA RIVER, SIRSA, SON BARSA",7.9,7.74,2.7
2021,3,March,2,Uttar Pradesh,10158,"RIVER GANGA A/C TAMSA RIVER, SIRSA, SON BARSA",8.0,7.92,2.4
2021,4,April,1,Uttar Pradesh,10158,"RIVER GANGA A/C TAMSA RIVER, SIRSA, SON BARSA",8.1,8.08,2.6
2021,4,April,2,Uttar Pradesh,10158,"RIVER GANGA A/C TAMSA RIVER, SIRSA, SON BARSA",8.4,8.08,2.8
2021,5,May,1,Uttar Pradesh,10158,"RIVER GANGA A/C TAMSA RIVER, SIRSA, SON BARSA",7.5,8.21,2.5
2021,5,May,2,Uttar Pradesh,10158,"RIVER GANGA A/C TAMSA RIVER, SIRSA, SON BARSA",8.4,8.14,2.6
2021,6,June,1,Uttar Pradesh,10158,"RIVER GANGA A/C TAMSA RIVER, SIRSA, SON BARSA",8.0,8.21,2.7
2021,6,June,2,Uttar Pradesh,10158,"RIVER GANGA A/C TAMSA RIVER, SIRSA, SON BARSA",8.5,8.18,2.8
2021,7,July,1,Uttar Pradesh,10158,"RIVER GANGA A/C TAMSA RIVER, SIRSA, SON BARSA",8.4,8.22,2.7
2021,7,July,2,Uttar Pradesh,10158,"RIVER GANGA A/C TAMSA RIVER, SIRSA, SON BARSA",8.7,8.28,2.6
2021,8,August,1,Uttar Pradesh,10158,"RIVER GANGA A/C TAMSA RIVER, SIRSA, SON BARSA",8.1,8.28,2.7
2021,8,August,2,Uttar Pradesh,10158,"RIVER GANGA A/C TAMSA RIVER, SIRSA, SON BARSA",8.7,8.24,2.7
2021,9,September,1,Uttar Pradesh,10158,"RIVER GANGA A/C TAMSA RIVER, SIRSA, SON BARSA",8.6,8.28,2.8
2021,9,September,2,Uttar Pradesh,10158,"RIVER GANGA A/C TAMSA RIVER, SIRSA, SON BARSA",8.6,8.24,2.6
2021,10,October,1,Uttar Pradesh,10158,"RIVER GANGA A/C TAMSA RIVER, SIRSA, SON BARSA",8.5,8.15,2.7
2021,10,October,2,Uttar Pradesh,10158,"RIVER GANGA A/C TAMSA RIVER, SIRSA, SON BARSA",8.7,8.18,2.6
2021,11,November,1,Uttar Pradesh,10158,"RIVER GANGA A/C TAMSA RIVER, SIRSA, SON BARSA",8.4,8.12,2.7
2021,11,November,2,Uttar Pradesh,10158,"RIVER GANGA A/C TAMSA RIVER, SIRSA, SON BARSA",8.4,8.26,2.7
2021,12,December,1,Uttar Pradesh,10158,"RIVER GANGA A/C TAMSA RIVER, SIRSA, SON BARSA",8.8,8.14,2.7
2021,12,December,2,Uttar Pradesh,10158,"RIVER GANGA A/C TAMSA RIVER, SIRSA, SON BARSA",9.1,8.23,2.8
2023,1,January,2,Uttar Pradesh,10158,"RIVER GANGA A/C TAMSA RIVER, SIRSA, SON BARSA",8.9,8.23,2.8
2023,2,February,1,Uttar Pradesh,10158,"RIVER GANGA A/C TAMSA RIVER, SIRSA, SON BARSA",8.5,8.35,2.8
2023,2,February,2,Uttar Pradesh,10158,"RIVER GANGA A/C TAMSA RIVER, SIRSA, SON BARSA",8.7,8.14,2.7
2023,3,March,1,Uttar Pradesh,10158,"RIVER GANGA A/C TAMSA RIVER, SIRSA, SON BARSA",8.3,8.35,2.7
2023,3,March,2,Uttar Pradesh,10158,"RIVER GANGA A/C TAMSA RIVER, SIRSA, SON BARSA",8.7,8.21,2.8
2023,4,April,1,Uttar Pradesh,10158,"RIVER GANGA A/C TAMSA RIVER, SIRSA, SON BARSA",8.4,8.38,2.8
2023,4,April,2,Uttar Pradesh,10158,"RIVER GANGA A/C TAMSA RIVER, SIRSA, SON BARSA",8.6,8.14,2.7
2023,5,May,1,Uttar Pradesh,10158,"RIVER GANGA A/C TAMSA RIVER, SIRSA, SON BARSA",7.9,8.22,2.8
2023,5,May,2,Uttar Pradesh,10158,"RIVER GANGA A/C TAMSA RIVER, SIRSA, SON BARSA",8.1,8.26,2.7
2023,6,June,1,Uttar Pradesh,10158,"RIVER GANGA A/C TAMSA RIVER, SIRSA, SON BARSA",7.8,8.27,2.6
2023,6,June,2,Uttar Pradesh,10158,"RIVER GANGA A/C TAMSA RIVER, SIRSA, SON BARSA",7.9,8.32,2.8
2023,7,July,1,Uttar Pradesh,10158,"RIVER GANGA A/C TAMSA RIVER, SIRSA, SON BARSA",7.4,8.06,2.8
2023,7,July,2,Uttar Pradesh,10158,"RIVER GANGA A/C TAMSA RIVER, SIRSA, SON BARSA",7.8,7.79,2.8
2023,8,August,1,Uttar Pradesh,10158,"RIVER GANGA A/C TAMSA RIVER, SIRSA, SON BARSA",7.8,7.72,2.7
2023,8,August,2,Uttar Pradesh,10158,"RIVER GANGA A/C TAMSA RIVER, SIRSA, SON BARSA",7.8,7.95,2.7
2023,9,September,1,Uttar Pradesh,10158,"RIVER GANGA A/C TAMSA RIVER, SIRSA, SON BARSA",7.2,7.91,2.7
2023,9,September,2,Uttar Pradesh,10158,"RIVER GANGA A/C TAMSA RIVER, SIRSA, SON BARSA",7.9,7.88,2.8
2023,10,October,1,Uttar Pradesh,10158,"RIVER GANGA A/C TAMSA RIVER, SIRSA, SON BARSA",7.6,7.38,2.9
2023,10,October,2,Uttar Pradesh,10158,"RIVER GANGA A/C TAMSA RIVER, SIRSA, SON BARSA",7.6,7.64,2.8
2023,11,November,1,Uttar Pradesh,10158,"RIVER GANGA A/C TAMSA RIVER, SIRSA, SON BARSA",7.4,8.03,3.0
2023,11,November,2,Uttar Pradesh,10158,"RIVER GANGA A/C TAMSA RIVER, SIRSA, SON BARSA",8.1,8.35,2.8
2023,12,December,1,Uttar Pradesh,10158,"RIVER GANGA A/C TAMSA RIVER, SIRSA, SON BARSA",8.6,8.07,2.9
2023,12,December,2,Uttar Pradesh,10158,"RIVER GANGA A/C TAMSA RIVER, SIRSA, SON BARSA",8.8,8.28,2.8
2024,1,January,1,Uttar Pradesh,10158,A/C TAMAS RIVER (SIRSA),9.1,8.25,2.6
2024,1,January,2,Uttar Pradesh,10158,A/C TAMAS RIVER (SIRSA),12.5,8.08,2.9
2024,2,February,1,Uttar Pradesh,10158,A/C TAMAS RIVER (SIRSA),11.5,8.08,2.9
2024,2,February,2,Uttar Pradesh,10158,A/C TAMAS RIVER (SIRSA),10.9,8.27,2.7
2024,3,March,1,Uttar Pradesh,10158,A/C TAMAS RIVER (SIRSA),8.2,8.22,2.8
2024,3,March,2,Uttar Pradesh,10158,A/C TAMAS RIVER (SIRSA),8.7,8.27,2.8
2024,4,April,1,Uttar Pradesh,10158,A/C TAMAS RIVER (SIRSA),8.8,8.16,2.9
2024,4,April,2,Uttar Pradesh,10158,A/C TAMAS RIVER (SIRSA),8.9,8.32,2.9
2024,5,May,1,Uttar Pradesh,10158,A/C TAMAS RIVER (SIRSA),12.5,8.08,2.9
2024,5,May,2,Uttar Pradesh,10158,A/C TAMAS RIVER (SIRSA),9.5,8.05,2.8
2024,6,June,1,Uttar Pradesh,10158,A/C TAMAS RIVER (SIRSA),8.2,8.33,2.7
2024,6,June,2,Uttar Pradesh,10158,A/C TAMAS RIVER (SIRSA),8.3,8.37,2.8
2024,7,July,1,Uttar Pradesh,10158,A/C TAMAS RIVER (SIRSA),8.5,8.03,2.5
2024,7,July,2,Uttar Pradesh,10158,A/C TAMAS RIVER (SIRSA),8.3,7.72,2.5
2024,8,August,1,Uttar Pradesh,10158,A/C TAMAS RIVER (SIRSA),8.2,7.75,2.5
2024,8,August,2,Uttar Pradesh,10158,A/C TAMAS RIVER (SIRSA),8.3,8.02,2.4
2024,9,September,1,Uttar Pradesh,10158,A/C TAMAS RIVER (SIRSA),8.3,7.7,2.4
2024,9,September,2,Uttar Pradesh,10158,A/C TAMAS RIVER (SIRSA),8.1,7.83,2.3
2024,10,October,1,Uttar Pradesh,10158,A/C TAMAS RIVER (SIRSA),8.5,7.88,2.6
2024,10,October,2,Uttar Pradesh,10158,A/C TAMAS RIVER (SIRSA),8.0,7.79,2.7
2024,11,November,1,Uttar Pradesh,10158,A/C TAMAS RIVER (SIRSA),8.1,7.91,3.0
2024,11,November,2,Uttar Pradesh,10158,A/C TAMAS RIVER (SIRSA),7.8,7.88,3.0
2024,12,December,1,Uttar Pradesh,10158,A/C TAMAS RIVER (SIRSA),7.9,7.84,3.0
2024,12,December,2,Uttar Pradesh,10158,A/C TAMAS RIVER (SIRSA),8.1,7.86,3.0
2017,6,June,1,Bihar,10162, ARA- CHAPRA ROAD BRIDGE (KOIILWAR BARHARA-CHAPRA ROAD),7.6,8.21,2.0
2017,7,July,1,Bihar,10162, ARA- CHAPRA ROAD BRIDGE (KOIILWAR BARHARA-CHAPRA ROAD),7.8,7.86,2.0
2017,8,August,1,Bihar,10162, ARA- CHAPRA ROAD BRIDGE (KOIILWAR BARHARA-CHAPRA ROAD),8.3,7.5,2.5
2017,9,September,1,Bihar,10162, ARA- CHAPRA ROAD BRIDGE (KOIILWAR BARHARA-CHAPRA ROAD),8.0,7.88,2.0
2018,1,January,1,Bihar,10162, ARA- CHAPRA ROAD BRIDGE (KOIILWAR BARHARA-CHAPRA ROAD),9.8,8.26,1.8
2020,7,July,2,Bihar,10162, ARA- CHAPRA ROAD BRIDGE (KOIILWAR BARHARA-CHAPRA ROAD),6.0,7.2,3.0
2020,8,August,2,Bihar,10162, ARA- CHAPRA ROAD BRIDGE (KOIILWAR BARHARA-CHAPRA ROAD),5.9,7.8,2.0
2020,9,September,1,Bihar,10162, ARA- CHAPRA ROAD BRIDGE (KOIILWAR BARHARA-CHAPRA ROAD),7.9,7.9,2.3
2020,9,September,2,Bihar,10162, ARA- CHAPRA ROAD BRIDGE (KOIILWAR BARHARA-CHAPRA ROAD),9.4,8.4,1.8
2021,1,January,1,Bihar,10162, ARA- CHAPRA ROAD BRIDGE (KOIILWAR BARHARA-CHAPRA ROAD),9.8,8.0,1.5
2021,1,January,2,Bihar,10162, ARA- CHAPRA ROAD BRIDGE (KOIILWAR BARHARA-CHAPRA ROAD),9.0,8.0,1.8
2021,2,February,1,Bihar,10162, ARA- CHAPRA ROAD BRIDGE (KOIILWAR BARHARA-CHAPRA ROAD),10.2,8.2,1.1
2021,2,February,2,Bihar,10162, ARA- CHAPRA ROAD BRIDGE (KOIILWAR BARHARA-CHAPRA ROAD),9.5,8.12,1.8
2021,3,March,1,Bihar,10162, ARA- CHAPRA ROAD BRIDGE (KOIILWAR BARHARA-CHAPRA ROAD),8.6,7.77,1.4
2021,3,March,2,Bihar,10162, ARA- CHAPRA ROAD BRIDGE (KOIILWAR BARHARA-CHAPRA ROAD),9.6,7.64,1.4
2021,4,April,1,Bihar,10162, ARA- CHAPRA ROAD BRIDGE (KOIILWAR BARHARA-CHAPRA ROAD),8.1,8.13,1.2
2021,4,April,2,Bihar,10162, ARA- CHAPRA ROAD BRIDGE (KOIILWAR BARHARA-CHAPRA ROAD),8.4,7.84,1.3
2021,5,May,1,Bihar,10162, ARA- CHAPRA ROAD BRIDGE (KOIILWAR BARHARA-CHAPRA ROAD),8.7,7.79,1.0
2021,5,May,2,Bihar,10162, ARA- CHAPRA ROAD BRIDGE (KOIILWAR BARHARA-CHAPRA ROAD),7.9,7.79,1.0
2021,6,June,1,Bihar,10162, ARA- CHAPRA ROAD BRIDGE (KOIILWAR BARHARA-CHAPRA ROAD),7.8,8.04,1.6
2021,6,June,2,Bihar,10162, ARA- CHAPRA ROAD BRIDGE (KOIILWAR BARHARA-CHAPRA ROAD),7.9,7.54,1.7
2021,7,July,1,Bihar,10162, ARA- CHAPRA ROAD BRIDGE (KOIILWAR BARHARA-CHAPRA ROAD),5.9,7.6,1.2
2021,7,July,2,Bihar,10162, ARA- CHAPRA ROAD BRIDGE (KOIILWAR BARHARA-CHAPRA ROAD),6.5,7.63,1.1
2021,8,August,1,Bihar,10162, ARA- CHAPRA ROAD BRIDGE (KOIILWAR BARHARA-CHAPRA ROAD),6.3,7.66,2.0
2021,8,August,2,Bihar,10162, ARA- CHAPRA ROAD BRIDGE (KOIILWAR BARHARA-CHAPRA ROAD),5.6,7.5,2.1
2021,9,September,1,Bihar,10162, ARA- CHAPRA ROAD BRIDGE (KOIILWAR BARHARA-CHAPRA ROAD),8.3,7.8,1.2
2021,9,September,2,Bihar,10162, ARA- CHAPRA ROAD BRIDGE (KOIILWAR BARHARA-CHAPRA ROAD),6.9,7.95,2.4
2021,10,October,1,Bihar,10162, ARA- CHAPRA ROAD BRIDGE (KOIILWAR BARHARA-CHAPRA ROAD),6.0,7.81,1.8
2021,10,October,2,Bihar,10162, ARA- CHAPRA ROAD BRIDGE (KOIILWAR BARHARA-CHAPRA ROAD),7.5,7.72,1.0
2021,11,November,1,Bihar,10162, ARA- CHAPRA ROAD BRIDGE (KOIILWAR BARHARA-CHAPRA ROAD),6.1,7.86,2.8
2021,11,November,2,Bihar,10162, ARA- CHAPRA ROAD BRIDGE (KOIILWAR BARHARA-CHAPRA ROAD),7.9,7.89,1.6
2021,12,December,1,Bihar,10162, ARA- CHAPRA ROAD BRIDGE (KOIILWAR BARHARA-CHAPRA ROAD),8.0,8.01,1.4
2021,12,December,2,Bihar,10162, ARA- CHAPRA ROAD BRIDGE (KOIILWAR BARHARA-CHAPRA ROAD),10.8,8.2,1.0
2022,1,January,1,Bihar,10162, ARA- CHAPRA ROAD BRIDGE (KOIILWAR BARHARA-CHAPRA ROAD),7.6,8.55,1.4
2022,1,January,2,Bihar,10162, ARA- CHAPRA ROAD BRIDGE (KOIILWAR BARHARA-CHAPRA ROAD),9.8,8.37,1.1
2022,2,February,1,Bihar,10162, ARA- CHAPRA ROAD BRIDGE (KOIILWAR BARHARA-CHAPRA ROAD),11.5,8.65,1.1
2022,2,February,2,Bihar,10162, ARA- CHAPRA ROAD BRIDGE (KOIILWAR BARHARA-CHAPRA ROAD),10.2,7.98,1.0
2022,3,March,1,Bihar,10162, ARA- CHAPRA ROAD BRIDGE (KOIILWAR BARHARA-CHAPRA ROAD),9.1,8.03,1.3
2022,3,March,2,Bihar,10162, ARA- CHAPRA ROAD BRIDGE (KOIILWAR BARHARA-CHAPRA ROAD),8.0,8.03,1.9
2022,4,April,1,Bihar,10162, ARA- CHAPRA ROAD BRIDGE (KOIILWAR BARHARA-CHAPRA ROAD),8.9,8.46,1.5
2022,4,April,2,Bihar,10162, ARA- CHAPRA ROAD BRIDGE (KOIILWAR BARHARA-CHAPRA ROAD),8.4,7.34,1.0
2022,5,May,1,Bihar,10162, ARA- CHAPRA ROAD BRIDGE (KOIILWAR BARHARA-CHAPRA ROAD),8.5,7.87,1.9
2022,5,May,2,Bihar,10162, ARA- CHAPRA ROAD BRIDGE (KOIILWAR BARHARA-CHAPRA ROAD),8.3,7.97,1.0
2022,6,June,1,Bihar,10162, ARA- CHAPRA ROAD BRIDGE (KOIILWAR BARHARA-CHAPRA ROAD),8.9,7.82,1.8
2022,7,July,1,Bihar,10162, ARA- CHAPRA ROAD BRIDGE (KOIILWAR BARHARA-CHAPRA ROAD),7.9,7.44,1.7
2022,7,July,2,Bihar,10162, ARA- CHAPRA ROAD BRIDGE (KOIILWAR BARHARA-CHAPRA ROAD),8.2,7.37,1.0
2022,8,August,1,Bihar,10162, ARA- CHAPRA ROAD BRIDGE (KOIILWAR BARHARA-CHAPRA ROAD),7.4,7.49,1.4
2022,8,August,2,Bihar,10162, ARA- CHAPRA ROAD BRIDGE (KOIILWAR BARHARA-CHAPRA ROAD),7.7,7.2,2.2
2022,9,September,1,Bihar,10162, ARA- CHAPRA ROAD BRIDGE (KOIILWAR BARHARA-CHAPRA ROAD),6.7,6.96,2.0
2022,9,September,2,Bihar,10162, ARA- CHAPRA ROAD BRIDGE (KOIILWAR BARHARA-CHAPRA ROAD),6.6,7.53,2.0
2022,10,October,1,Bihar,10162, ARA- CHAPRA ROAD BRIDGE (KOIILWAR BARHARA-CHAPRA ROAD),8.1,7.2,1.3
2022,10,October,2,Bihar,10162, ARA- CHAPRA ROAD BRIDGE (KOIILWAR BARHARA-CHAPRA ROAD),6.9,7.34,1.7
2022,11,November,1,Bihar,10162, ARA- CHAPRA ROAD BRIDGE (KOIILWAR BARHARA-CHAPRA ROAD),7.9,7.63,1.6
2022,11,November,2,Bihar,10162, ARA- CHAPRA ROAD BRIDGE (KOIILWAR BARHARA-CHAPRA ROAD),7.7,7.39,1.6
2022,12,December,1,Bihar,10162, ARA- CHAPRA ROAD BRIDGE (KOIILWAR BARHARA-CHAPRA ROAD),9.5,7.3,1.3
2022,12,December,2,Bihar,10162, ARA- CHAPRA ROAD BRIDGE (KOIILWAR BARHARA-CHAPRA ROAD),9.7,7.77,1.0
2023,1,January,1,Bihar,10162, ARA- CHAPRA ROAD BRIDGE (KOIILWAR BARHARA-CHAPRA ROAD),8.2,7.68,1.0
2023,1,January,2,Bihar,10162, ARA- CHAPRA ROAD BRIDGE (KOIILWAR BARHARA-CHAPRA ROAD),8.6,8.33,1.0
2023,2,February,1,Bihar,10162, ARA- CHAPRA ROAD BRIDGE (KOIILWAR BARHARA-CHAPRA ROAD),8.1,7.58,1.3
2023,3,March,1,Bihar,10162, ARA- CHAPRA ROAD BRIDGE (KOIILWAR BARHARA-CHAPRA ROAD),8.5,7.56,1.4
2023,3,March,2,Bihar,10162, ARA- CHAPRA ROAD BRIDGE (KOIILWAR BARHARA-CHAPRA ROAD),8.1,8.13,1.4
2023,4,April,1,Bihar,10162, ARA- CHAPRA ROAD BRIDGE (KOIILWAR BARHARA-CHAPRA ROAD),7.7,7.77,2.2
2023,4,April,2,Bihar,10162, ARA- CHAPRA ROAD BRIDGE (KOIILWAR BARHARA-CHAPRA ROAD),8.2,7.78,1.6
2023,5,May,1,Bihar,10162, ARA- CHAPRA ROAD BRIDGE (KOIILWAR BARHARA-CHAPRA ROAD),8.8,7.62,2.1
2023,5,May,2,Bihar,10162, ARA- CHAPRA ROAD BRIDGE (KOIILWAR BARHARA-CHAPRA ROAD),8.1,7.92,1.9
2023,6,June,1,Bihar,10162, ARA- CHAPRA ROAD BRIDGE (KOIILWAR BARHARA-CHAPRA ROAD),7.9,7.59,2.0
2023,6,June,2,Bihar,10162, ARA- CHAPRA ROAD BRIDGE (KOIILWAR BARHARA-CHAPRA ROAD),8.2,8.01,2.1
2023,7,July,1,Bihar,10162, ARA- CHAPRA ROAD BRIDGE (KOIILWAR BARHARA-CHAPRA ROAD),7.3,7.59,2.4
2023,7,July,2,Bihar,10162, ARA- CHAPRA ROAD BRIDGE (KOIILWAR BARHARA-CHAPRA ROAD),7.6,8.03,1.4
2023,8,August,1,Bihar,10162, ARA- CHAPRA ROAD BRIDGE (KOIILWAR BARHARA-CHAPRA ROAD),7.4,7.64,1.8
2023,8,August,2,Bihar,10162, ARA- CHAPRA ROAD BRIDGE (KOIILWAR BARHARA-CHAPRA ROAD),7.5,7.59,2.1
2023,9,September,1,Bihar,10162, ARA- CHAPRA ROAD BRIDGE (KOIILWAR BARHARA-CHAPRA ROAD),7.7,7.72,1.3
2023,9,September,2,Bihar,10162, ARA- CHAPRA ROAD BRIDGE (KOIILWAR BARHARA-CHAPRA ROAD),8.1,7.68,1.8
2023,10,October,1,Bihar,10162, ARA- CHAPRA ROAD BRIDGE (KOIILWAR BARHARA-CHAPRA ROAD),8.3,7.81,1.4
2023,10,October,2,Bihar,10162, ARA- CHAPRA ROAD BRIDGE (KOIILWAR BARHARA-CHAPRA ROAD),8.0,7.72,2.5
2023,11,November,1,Bihar,10162, ARA- CHAPRA ROAD BRIDGE (KOIILWAR BARHARA-CHAPRA ROAD),8.1,7.74,1.0
2023,11,November,2,Bihar,10162, ARA- CHAPRA ROAD BRIDGE (KOIILWAR BARHARA-CHAPRA ROAD),7.7,7.82,1.8
2023,12,December,1,Bihar,10162, ARA- CHAPRA ROAD BRIDGE (KOIILWAR BARHARA-CHAPRA ROAD),8.9,7.21,1.1
2023,12,December,2,Bihar,10162, ARA- CHAPRA ROAD BRIDGE (KOIILWAR BARHARA-CHAPRA ROAD),8.4,7.25,1.7
2024,1,January,1,Bihar,10162,"U/s DORIGANJ, CHAPRA",8.4,7.76,1.4
2024,1,January,2,Bihar,10162,"U/s DORIGANJ, CHAPRA",7.9,7.64,1.6
2024,2,February,1,Bihar,10162,"U/s DORIGANJ, CHAPRA",8.2,7.86,1.0
2024,2,February,2,Bihar,10162,"U/s DORIGANJ, CHAPRA",7.9,7.26,1.0
2024,3,March,1,Bihar,10162,"U/s DORIGANJ, CHAPRA",7.9,7.55,1.0
2024,3,March,2,Bihar,10162,"U/s DORIGANJ, CHAPRA",8.1,7.88,1.0
2024,4,April,1,Bihar,10162,"U/s DORIGANJ, CHAPRA",7.7,7.84,1.2
2024,4,April,2,Bihar,10162,"U/s DORIGANJ, CHAPRA",7.8,7.88,1.0
2024,5,May,1,Bihar,10162,"U/s DORIGANJ, CHAPRA",8.2,7.24,1.3
2024,5,May,2,Bihar,10162,"U/s DORIGANJ, CHAPRA",8.5,7.79,1.3
2024,6,June,1,Bihar,10162,"U/s DORIGANJ, CHAPRA",8.2,7.78,1.1
2024,6,June,2,Bihar,10162,"U/s DORIGANJ, CHAPRA",8.2,8.01,1.5
2024,7,July,1,Bihar,10162,"U/s DORIGANJ, CHAPRA",8.5,7.68,1.1
2024,7,July,2,Bihar,10162,"U/s DORIGANJ, CHAPRA",7.8,7.48,1.2
2024,8,August,1,Bihar,10162,"U/s DORIGANJ, CHAPRA",7.8,7.64,1.2
2024,8,August,2,Bihar,10162,"U/s DORIGANJ, CHAPRA",7.6,7.89,2.1
2024,9,September,1,Bihar,10162,"U/s DORIGANJ, CHAPRA",7.4,7.5,1.2
2024,9,September,2,Bihar,10162,"U/s DORIGANJ, CHAPRA",7.3,7.89,2.8
2024,10,October,1,Bihar,10162,"U/s DORIGANJ, CHAPRA",7.6,7.6,1.5
2024,10,October,2,Bihar,10162,"U/s DORIGANJ, CHAPRA",7.6,7.67,1.6
2024,11,November,1,Bihar,10162,"U/s DORIGANJ, CHAPRA",7.2,7.65,1.3
2024,11,November,2,Bihar,10162,"U/s DORIGANJ, CHAPRA",7.2,7.29,1.1
2024,12,December,1,Bihar,10162,"U/s DORIGANJ, CHAPRA",8.5,7.4,1.4
2024,12,December,2,Bihar,10162,"U/s DORIGANJ, CHAPRA",7.7,7.37,1.9
