Forecast_Year,Forecast_Month_No,Forecast_Month,Forecast_Round,State,Station Code,Station Name,Pred_DO,Pred_pH,Pred_BOD
2026,1,January,1,Uttar Pradesh,1046,PRAYAGRAJ (RASOOLABAD),9.14,8.288,2.582
2026,1,January,2,Uttar Pradesh,1046,PRAYAGRAJ (RASOOLABAD),9.235,8.296,2.571
2026,2,February,1,Uttar Pradesh,1046,PRAYAGRAJ (RASOOLABAD),9.225,8.292,2.586
2026,2,February,2,Uttar Pradesh,1046,PRAYAGRAJ (RASOOLABAD),9.152,8.28,2.62
2026,3,March,1,Uttar Pradesh,1046,PRAYAGRAJ (RASOOLABAD),9.051,8.265,2.662
2026,3,March,2,Uttar Pradesh,1046,PRAYAGRAJ (RASOOLABAD),8.927,8.246,2.709
2026,4,April,1,Uttar Pradesh,1046,PRAYAGRAJ (RASOOLABAD),8.789,8.225,2.746
2026,4,April,2,Uttar Pradesh,1046,PRAYAGRAJ (RASOOLABAD),8.643,8.2,2.767
2026,5,May,1,Uttar Pradesh,1046,PRAYAGRAJ (RASOOLABAD),8.522,8.177,2.776
2026,5,May,2,Uttar Pradesh,1046,PRAYAGRAJ (RASOOLABAD),8.42,8.156,2.787
2026,6,June,1,Uttar Pradesh,1046,PRAYAGRAJ (RASOOLABAD),8.376,8.149,2.798
2026,6,June,2,Uttar Pradesh,1046,PRAYAGRAJ (RASOOLABAD),8.366,8.148,2.807
2026,7,July,1,Uttar Pradesh,1046,PRAYAGRAJ (RASOOLABAD),8.381,8.152,2.815
2026,7,July,2,Uttar Pradesh,1046,PRAYAGRAJ (RASOOLABAD),8.414,8.159,2.821
2026,8,August,1,Uttar Pradesh,1046,PRAYAGRAJ (RASOOLABAD),8.458,8.167,2.827
2026,8,August,2,Uttar Pradesh,1046,PRAYAGRAJ (RASOOLABAD),8.507,8.175,2.832
2026,9,September,1,Uttar Pradesh,1046,PRAYAGRAJ (RASOOLABAD),8.559,8.182,2.835
2026,9,September,2,Uttar Pradesh,1046,PRAYAGRAJ (RASOOLABAD),8.614,8.19,2.838
2026,10,October,1,Uttar Pradesh,1046,PRAYAGRAJ (RASOOLABAD),8.665,8.198,2.84
2026,10,October,2,Uttar Pradesh,1046,PRAYAGRAJ (RASOOLABAD),8.71,8.205,2.843
2026,11,November,1,Uttar Pradesh,1046,PRAYAGRAJ (RASOOLABAD),8.745,8.209,2.844
2026,11,November,2,Uttar Pradesh,1046,PRAYAGRAJ (RASOOLABAD),8.764,8.212,2.847
2026,12,December,1,Uttar Pradesh,1046,PRAYAGRAJ (RASOOLABAD),8.765,8.211,2.851
2026,12,December,2,Uttar Pradesh,1046,PRAYAGRAJ (RASOOLABAD),8.749,8.208,2.857
2026,1,January,1,Uttar Pradesh,1049,PRAYAGRAJ D/S (SANGAM),9.219,8.298,2.556
2026,1,January,2,Uttar Pradesh,1049,PRAYAGRAJ D/S (SANGAM),9.459,8.328,2.511
2026,2,February,1,Uttar Pradesh,1049,PRAYAGRAJ D/S (SANGAM),9.526,8.329,2.49
2026,2,February,2,Uttar Pradesh,1049,PRAYAGRAJ D/S (SANGAM),9.488,8.319,2.493
2026,3,March,1,Uttar Pradesh,1049,PRAYAGRAJ D/S (SANGAM),9.404,8.307,2.522
2026,3,March,2,Uttar Pradesh,1049,PRAYAGRAJ D/S (SANGAM),9.283,8.294,2.577
2026,4,April,1,Uttar Pradesh,1049,PRAYAGRAJ D/S (SANGAM),9.115,8.271,2.643
2026,4,April,2,Uttar Pradesh,1049,PRAYAGRAJ D/S (SANGAM),8.936,8.247,2.707
2026,5,May,1,Uttar Pradesh,1049,PRAYAGRAJ D/S (SANGAM),8.702,8.209,2.748
2026,5,May,2,Uttar Pradesh,1049,PRAYAGRAJ D/S (SANGAM),8.482,8.167,2.766
2026,6,June,1,Uttar Pradesh,1049,PRAYAGRAJ D/S (SANGAM),8.362,8.145,2.776
2026,6,June,2,Uttar Pradesh,1049,PRAYAGRAJ D/S (SANGAM),8.303,8.135,2.781
2026,7,July,1,Uttar Pradesh,1049,PRAYAGRAJ D/S (SANGAM),8.297,8.136,2.786
2026,7,July,2,Uttar Pradesh,1049,PRAYAGRAJ D/S (SANGAM),8.326,8.144,2.793
2026,8,August,1,Uttar Pradesh,1049,PRAYAGRAJ D/S (SANGAM),8.374,8.155,2.8
2026,8,August,2,Uttar Pradesh,1049,PRAYAGRAJ D/S (SANGAM),8.431,8.166,2.807
2026,9,September,1,Uttar Pradesh,1049,PRAYAGRAJ D/S (SANGAM),8.492,8.176,2.812
2026,9,September,2,Uttar Pradesh,1049,PRAYAGRAJ D/S (SANGAM),8.555,8.185,2.817
2026,10,October,1,Uttar Pradesh,1049,PRAYAGRAJ D/S (SANGAM),8.619,8.194,2.821
2026,10,October,2,Uttar Pradesh,1049,PRAYAGRAJ D/S (SANGAM),8.682,8.203,2.826
2026,11,November,1,Uttar Pradesh,1049,PRAYAGRAJ D/S (SANGAM),8.74,8.211,2.829
2026,11,November,2,Uttar Pradesh,1049,PRAYAGRAJ D/S (SANGAM),8.785,8.217,2.83
2026,12,December,1,Uttar Pradesh,1049,PRAYAGRAJ D/S (SANGAM),8.809,8.22,2.832
2026,12,December,2,Uttar Pradesh,1049,PRAYAGRAJ D/S (SANGAM),8.809,8.219,2.836
2026,1,January,1,West Bengal,1052,ULUBERIA,7.195,7.676,2.407
2026,1,January,2,West Bengal,1052,ULUBERIA,7.141,7.705,2.334
2026,2,February,1,West Bengal,1052,ULUBERIA,7.129,7.711,2.317
2026,2,February,2,West Bengal,1052,ULUBERIA,7.123,7.708,2.315
2026,3,March,1,West Bengal,1052,ULUBERIA,7.123,7.697,2.303
2026,3,March,2,West Bengal,1052,ULUBERIA,7.136,7.684,2.283
2026,4,April,1,West Bengal,1052,ULUBERIA,7.201,7.65,2.249
2026,4,April,2,West Bengal,1052,ULUBERIA,7.254,7.629,2.204
2026,5,May,1,West Bengal,1052,ULUBERIA,7.305,7.604,2.149
2026,5,May,2,West Bengal,1052,ULUBERIA,7.379,7.577,2.133
2026,6,June,1,West Bengal,1052,ULUBERIA,7.423,7.571,2.121
2026,6,June,2,West Bengal,1052,ULUBERIA,7.435,7.561,2.085
2026,7,July,1,West Bengal,1052,ULUBERIA,7.428,7.557,2.034
2026,7,July,2,West Bengal,1052,ULUBERIA,7.429,7.548,1.992
2026,8,August,1,West Bengal,1052,ULUBERIA,7.435,7.534,1.954
2026,8,August,2,West Bengal,1052,ULUBERIA,7.445,7.517,1.916
2026,9,September,1,West Bengal,1052,ULUBERIA,7.455,7.498,1.878
2026,9,September,2,West Bengal,1052,ULUBERIA,7.463,7.48,1.842
2026,10,October,1,West Bengal,1052,ULUBERIA,7.471,7.46,1.805
2026,10,October,2,West Bengal,1052,ULUBERIA,7.479,7.442,1.768
2026,11,November,1,West Bengal,1052,ULUBERIA,7.487,7.425,1.732
2026,11,November,2,West Bengal,1052,ULUBERIA,7.496,7.411,1.697
2026,12,December,1,West Bengal,1052,ULUBERIA,7.503,7.399,1.663
2026,12,December,2,West Bengal,1052,ULUBERIA,7.508,7.386,1.628
2026,1,January,1,West Bengal,1053,DAKSHINESHWAR,7.648,7.472,2.143
2026,1,January,2,West Bengal,1053,DAKSHINESHWAR,7.647,7.508,1.956
2026,2,February,1,West Bengal,1053,DAKSHINESHWAR,7.607,7.519,1.871
2026,2,February,2,West Bengal,1053,DAKSHINESHWAR,7.577,7.5,1.831
2026,3,March,1,West Bengal,1053,DAKSHINESHWAR,7.574,7.484,1.79
2026,3,March,2,West Bengal,1053,DAKSHINESHWAR,7.587,7.471,1.759
2026,4,April,1,West Bengal,1053,DAKSHINESHWAR,7.602,7.455,1.725
2026,4,April,2,West Bengal,1053,DAKSHINESHWAR,7.62,7.439,1.698
2026,5,May,1,West Bengal,1053,DAKSHINESHWAR,7.638,7.39,1.671
2026,5,May,2,West Bengal,1053,DAKSHINESHWAR,7.683,7.361,1.637
2026,6,June,1,West Bengal,1053,DAKSHINESHWAR,7.8,7.303,1.626
2026,6,June,2,West Bengal,1053,DAKSHINESHWAR,7.887,7.269,1.569
2026,7,July,1,West Bengal,1053,DAKSHINESHWAR,7.868,7.247,1.492
2026,7,July,2,West Bengal,1053,DAKSHINESHWAR,7.86,7.237,1.462
2026,8,August,1,West Bengal,1053,DAKSHINESHWAR,7.869,7.226,1.45
2026,8,August,2,West Bengal,1053,DAKSHINESHWAR,7.9,7.211,1.444
2026,9,September,1,West Bengal,1053,DAKSHINESHWAR,7.944,7.194,1.441
2026,9,September,2,West Bengal,1053,DAKSHINESHWAR,7.996,7.177,1.44
2026,10,October,1,West Bengal,1053,DAKSHINESHWAR,8.054,7.162,1.441
2026,10,October,2,West Bengal,1053,DAKSHINESHWAR,8.113,7.148,1.447
2026,11,November,1,West Bengal,1053,DAKSHINESHWAR,8.175,7.134,1.455
2026,11,November,2,West Bengal,1053,DAKSHINESHWAR,8.229,7.123,1.462
2026,12,December,1,West Bengal,1053,DAKSHINESHWAR,8.278,7.114,1.47
2026,12,December,2,West Bengal,1053,DAKSHINESHWAR,8.313,7.109,1.475
2026,1,January,1,West Bengal,1054,PALTA,8.257,7.085,1.813
2026,1,January,2,West Bengal,1054,PALTA,8.544,7.169,1.481
2026,2,February,1,West Bengal,1054,PALTA,8.568,7.234,1.39
2026,2,February,2,West Bengal,1054,PALTA,8.689,7.173,1.392
2026,3,March,1,West Bengal,1054,PALTA,8.775,7.146,1.386
2026,3,March,2,West Bengal,1054,PALTA,8.833,7.123,1.412
2026,4,April,1,West Bengal,1054,PALTA,8.856,7.114,1.417
2026,4,April,2,West Bengal,1054,PALTA,8.859,7.108,1.434
2026,5,May,1,West Bengal,1054,PALTA,8.845,7.105,1.443
2026,5,May,2,West Bengal,1054,PALTA,8.818,7.103,1.454
2026,6,June,1,West Bengal,1054,PALTA,8.807,7.102,1.465
2026,6,June,2,West Bengal,1054,PALTA,8.77,7.101,1.474
2026,7,July,1,West Bengal,1054,PALTA,8.709,7.103,1.493
2026,7,July,2,West Bengal,1054,PALTA,8.674,7.104,1.507
2026,8,August,1,West Bengal,1054,PALTA,8.663,7.103,1.516
2026,8,August,2,West Bengal,1054,PALTA,8.67,7.102,1.525
2026,9,September,1,West Bengal,1054,PALTA,8.679,7.101,1.53
2026,9,September,2,West Bengal,1054,PALTA,8.689,7.099,1.532
2026,10,October,1,West Bengal,1054,PALTA,8.696,7.099,1.532
2026,10,October,2,West Bengal,1054,PALTA,8.701,7.098,1.532
2026,11,November,1,West Bengal,1054,PALTA,8.704,7.097,1.532
2026,11,November,2,West Bengal,1054,PALTA,8.707,7.097,1.531
2026,12,December,1,West Bengal,1054,PALTA,8.709,7.096,1.531
2026,12,December,2,West Bengal,1054,PALTA,8.711,7.096,1.531
2026,1,January,1,Jharkhand,1059,RAJMAHAL,7.115,7.5,1.434
2026,1,January,2,Jharkhand,1059,RAJMAHAL,7.25,7.494,1.424
2026,2,February,1,Jharkhand,1059,RAJMAHAL,7.275,7.498,1.417
2026,2,February,2,Jharkhand,1059,RAJMAHAL,7.271,7.498,1.42
2026,3,March,1,Jharkhand,1059,RAJMAHAL,7.271,7.496,1.421
2026,3,March,2,Jharkhand,1059,RAJMAHAL,7.261,7.496,1.424
2026,4,April,1,Jharkhand,1059,RAJMAHAL,7.248,7.496,1.429
2026,4,April,2,Jharkhand,1059,RAJMAHAL,7.228,7.501,1.438
2026,5,May,1,Jharkhand,1059,RAJMAHAL,7.225,7.502,1.444
2026,5,May,2,Jharkhand,1059,RAJMAHAL,7.227,7.501,1.448
2026,6,June,1,Jharkhand,1059,RAJMAHAL,7.214,7.488,1.447
2026,6,June,2,Jharkhand,1059,RAJMAHAL,7.206,7.474,1.448
2026,7,July,1,Jharkhand,1059,RAJMAHAL,7.207,7.458,1.452
2026,7,July,2,Jharkhand,1059,RAJMAHAL,7.211,7.452,1.453
2026,8,August,1,Jharkhand,1059,RAJMAHAL,7.215,7.45,1.453
2026,8,August,2,Jharkhand,1059,RAJMAHAL,7.218,7.448,1.452
2026,9,September,1,Jharkhand,1059,RAJMAHAL,7.222,7.445,1.452
2026,9,September,2,Jharkhand,1059,RAJMAHAL,7.227,7.443,1.452
2026,10,October,1,Jharkhand,1059,RAJMAHAL,7.232,7.44,1.451
2026,10,October,2,Jharkhand,1059,RAJMAHAL,7.237,7.436,1.45
2026,11,November,1,Jharkhand,1059,RAJMAHAL,7.243,7.432,1.449
2026,11,November,2,Jharkhand,1059,RAJMAHAL,7.25,7.428,1.448
2026,12,December,1,Jharkhand,1059,RAJMAHAL,7.259,7.423,1.447
2026,12,December,2,Jharkhand,1059,RAJMAHAL,7.268,7.417,1.446
2026,1,January,1,Uttarakhand,1060,U/S RISHIKESH ,9.786,7.86,1.098
2026,1,January,2,Uttarakhand,1060,U/S RISHIKESH ,9.622,7.849,1.161
2026,2,February,1,Uttarakhand,1060,U/S RISHIKESH ,9.524,7.858,1.204
2026,2,February,2,Uttarakhand,1060,U/S RISHIKESH ,9.464,7.865,1.23
2026,3,March,1,Uttarakhand,1060,U/S RISHIKESH ,9.424,7.871,1.246
2026,3,March,2,Uttarakhand,1060,U/S RISHIKESH ,9.385,7.876,1.264
2026,4,April,1,Uttarakhand,1060,U/S RISHIKESH ,9.37,7.879,1.269
2026,4,April,2,Uttarakhand,1060,U/S RISHIKESH ,9.365,7.88,1.269
2026,5,May,1,Uttarakhand,1060,U/S RISHIKESH ,9.403,7.877,1.245
2026,5,May,2,Uttarakhand,1060,U/S RISHIKESH ,9.444,7.872,1.216
2026,6,June,1,Uttarakhand,1060,U/S RISHIKESH ,9.493,7.864,1.177
2026,6,June,2,Uttarakhand,1060,U/S RISHIKESH ,9.541,7.853,1.136
2026,7,July,1,Uttarakhand,1060,U/S RISHIKESH ,9.584,7.84,1.089
2026,7,July,2,Uttarakhand,1060,U/S RISHIKESH ,9.602,7.832,1.074
2026,8,August,1,Uttarakhand,1060,U/S RISHIKESH ,9.613,7.827,1.066
2026,8,August,2,Uttarakhand,1060,U/S RISHIKESH ,9.625,7.825,1.059
2026,9,September,1,Uttarakhand,1060,U/S RISHIKESH ,9.641,7.822,1.051
2026,9,September,2,Uttarakhand,1060,U/S RISHIKESH ,9.66,7.819,1.041
2026,10,October,1,Uttarakhand,1060,U/S RISHIKESH ,9.683,7.816,1.03
2026,10,October,2,Uttarakhand,1060,U/S RISHIKESH ,9.709,7.812,1.018
2026,11,November,1,Uttarakhand,1060,U/S RISHIKESH ,9.736,7.808,1.005
2026,11,November,2,Uttarakhand,1060,U/S RISHIKESH ,9.761,7.804,0.994
2026,12,December,1,Uttarakhand,1060,U/S RISHIKESH ,9.784,7.801,0.984
2026,12,December,2,Uttarakhand,1060,U/S RISHIKESH ,9.804,7.797,0.977
2026,1,January,1,Uttarakhand,1061,HARIDWAR D/S,9.01,8.107,2.385
2026,1,January,2,Uttarakhand,1061,HARIDWAR D/S,8.521,8.078,2.589
2026,2,February,1,Uttarakhand,1061,HARIDWAR D/S,8.255,8.054,2.669
2026,2,February,2,Uttarakhand,1061,HARIDWAR D/S,8.149,8.026,2.702
2026,3,March,1,Uttarakhand,1061,HARIDWAR D/S,8.1,8.004,2.711
2026,3,March,2,Uttarakhand,1061,HARIDWAR D/S,8.077,7.995,2.704
2026,4,April,1,Uttarakhand,1061,HARIDWAR D/S,8.076,7.991,2.691
2026,4,April,2,Uttarakhand,1061,HARIDWAR D/S,8.147,8.073,2.718
2026,5,May,1,Uttarakhand,1061,HARIDWAR D/S,8.236,8.116,2.727
2026,5,May,2,Uttarakhand,1061,HARIDWAR D/S,8.335,8.145,2.74
2026,6,June,1,Uttarakhand,1061,HARIDWAR D/S,8.426,8.165,2.743
2026,6,June,2,Uttarakhand,1061,HARIDWAR D/S,8.505,8.177,2.761
2026,7,July,1,Uttarakhand,1061,HARIDWAR D/S,8.589,8.191,2.783
2026,7,July,2,Uttarakhand,1061,HARIDWAR D/S,8.69,8.209,2.794
2026,8,August,1,Uttarakhand,1061,HARIDWAR D/S,8.786,8.224,2.796
2026,8,August,2,Uttarakhand,1061,HARIDWAR D/S,8.856,8.234,2.795
2026,9,September,1,Uttarakhand,1061,HARIDWAR D/S,8.89,8.238,2.796
2026,9,September,2,Uttarakhand,1061,HARIDWAR D/S,8.889,8.236,2.802
2026,10,October,1,Uttarakhand,1061,HARIDWAR D/S,8.863,8.231,2.813
2026,10,October,2,Uttarakhand,1061,HARIDWAR D/S,8.816,8.222,2.825
2026,11,November,1,Uttarakhand,1061,HARIDWAR D/S,8.75,8.211,2.838
2026,11,November,2,Uttarakhand,1061,HARIDWAR D/S,8.677,8.198,2.851
2026,12,December,1,Uttarakhand,1061,HARIDWAR D/S,8.605,8.184,2.862
2026,12,December,2,Uttarakhand,1061,HARIDWAR D/S,8.545,8.173,2.87
2026,1,January,1,Uttar Pradesh,1062,"BRIJGHAT D/S, GHARMUKTESHWAR ",10.366,7.478,1.449
2026,1,January,2,Uttar Pradesh,1062,"BRIJGHAT D/S, GHARMUKTESHWAR ",10.272,7.427,1.394
2026,2,February,1,Uttar Pradesh,1062,"BRIJGHAT D/S, GHARMUKTESHWAR ",10.178,7.432,1.362
2026,2,February,2,Uttar Pradesh,1062,"BRIJGHAT D/S, GHARMUKTESHWAR ",10.148,7.466,1.311
2026,3,March,1,Uttar Pradesh,1062,"BRIJGHAT D/S, GHARMUKTESHWAR ",10.173,7.53,1.238
2026,3,March,2,Uttar Pradesh,1062,"BRIJGHAT D/S, GHARMUKTESHWAR ",10.205,7.597,1.152
2026,4,April,1,Uttar Pradesh,1062,"BRIJGHAT D/S, GHARMUKTESHWAR ",10.229,7.668,1.07
2026,4,April,2,Uttar Pradesh,1062,"BRIJGHAT D/S, GHARMUKTESHWAR ",10.213,7.719,1.029
2026,5,May,1,Uttar Pradesh,1062,"BRIJGHAT D/S, GHARMUKTESHWAR ",10.187,7.745,1.008
2026,5,May,2,Uttar Pradesh,1062,"BRIJGHAT D/S, GHARMUKTESHWAR ",10.166,7.758,0.998
2026,6,June,1,Uttar Pradesh,1062,"BRIJGHAT D/S, GHARMUKTESHWAR ",10.148,7.762,0.981
2026,6,June,2,Uttar Pradesh,1062,"BRIJGHAT D/S, GHARMUKTESHWAR ",10.125,7.764,0.968
2026,7,July,1,Uttar Pradesh,1062,"BRIJGHAT D/S, GHARMUKTESHWAR ",10.107,7.765,0.959
2026,7,July,2,Uttar Pradesh,1062,"BRIJGHAT D/S, GHARMUKTESHWAR ",10.089,7.767,0.953
2026,8,August,1,Uttar Pradesh,1062,"BRIJGHAT D/S, GHARMUKTESHWAR ",10.069,7.769,0.948
2026,8,August,2,Uttar Pradesh,1062,"BRIJGHAT D/S, GHARMUKTESHWAR ",10.049,7.772,0.943
2026,9,September,1,Uttar Pradesh,1062,"BRIJGHAT D/S, GHARMUKTESHWAR ",10.03,7.775,0.94
2026,9,September,2,Uttar Pradesh,1062,"BRIJGHAT D/S, GHARMUKTESHWAR ",10.015,7.777,0.939
2026,10,October,1,Uttar Pradesh,1062,"BRIJGHAT D/S, GHARMUKTESHWAR ",10.002,7.779,0.939
2026,10,October,2,Uttar Pradesh,1062,"BRIJGHAT D/S, GHARMUKTESHWAR ",9.993,7.78,0.94
2026,11,November,1,Uttar Pradesh,1062,"BRIJGHAT D/S, GHARMUKTESHWAR ",9.987,7.781,0.94
2026,11,November,2,Uttar Pradesh,1062,"BRIJGHAT D/S, GHARMUKTESHWAR ",9.981,7.781,0.94
2026,12,December,1,Uttar Pradesh,1062,"BRIJGHAT D/S, GHARMUKTESHWAR ",9.976,7.781,0.94
2026,12,December,2,Uttar Pradesh,1062,"BRIJGHAT D/S, GHARMUKTESHWAR ",9.972,7.781,0.939
2026,1,January,1,Uttar Pradesh,1063,U/S KANNAUJ (RAJGHAT),9.822,8.354,3.031
2026,1,January,2,Uttar Pradesh,1063,U/S KANNAUJ (RAJGHAT),9.513,8.328,3.239
2026,2,February,1,Uttar Pradesh,1063,U/S KANNAUJ (RAJGHAT),9.239,8.283,3.368
2026,2,February,2,Uttar Pradesh,1063,U/S KANNAUJ (RAJGHAT),8.954,8.226,3.458
2026,3,March,1,Uttar Pradesh,1063,U/S KANNAUJ (RAJGHAT),8.658,8.168,3.508
2026,3,March,2,Uttar Pradesh,1063,U/S KANNAUJ (RAJGHAT),8.388,8.115,3.51
2026,4,April,1,Uttar Pradesh,1063,U/S KANNAUJ (RAJGHAT),8.196,8.077,3.463
2026,4,April,2,Uttar Pradesh,1063,U/S KANNAUJ (RAJGHAT),8.101,8.06,3.389
2026,5,May,1,Uttar Pradesh,1063,U/S KANNAUJ (RAJGHAT),8.096,8.062,3.332
2026,5,May,2,Uttar Pradesh,1063,U/S KANNAUJ (RAJGHAT),8.127,8.067,3.297
2026,6,June,1,Uttar Pradesh,1063,U/S KANNAUJ (RAJGHAT),8.162,8.072,3.294
2026,6,June,2,Uttar Pradesh,1063,U/S KANNAUJ (RAJGHAT),8.185,8.072,3.311
2026,7,July,1,Uttar Pradesh,1063,U/S KANNAUJ (RAJGHAT),8.19,8.062,3.345
2026,7,July,2,Uttar Pradesh,1063,U/S KANNAUJ (RAJGHAT),8.171,8.05,3.393
2026,8,August,1,Uttar Pradesh,1063,U/S KANNAUJ (RAJGHAT),8.129,8.036,3.447
2026,8,August,2,Uttar Pradesh,1063,U/S KANNAUJ (RAJGHAT),8.058,8.019,3.503
2026,9,September,1,Uttar Pradesh,1063,U/S KANNAUJ (RAJGHAT),7.956,8.0,3.559
2026,9,September,2,Uttar Pradesh,1063,U/S KANNAUJ (RAJGHAT),7.831,7.98,3.606
2026,10,October,1,Uttar Pradesh,1063,U/S KANNAUJ (RAJGHAT),7.7,7.961,3.64
2026,10,October,2,Uttar Pradesh,1063,U/S KANNAUJ (RAJGHAT),7.57,7.942,3.663
2026,11,November,1,Uttar Pradesh,1063,U/S KANNAUJ (RAJGHAT),7.452,7.926,3.68
2026,11,November,2,Uttar Pradesh,1063,U/S KANNAUJ (RAJGHAT),7.348,7.912,3.697
2026,12,December,1,Uttar Pradesh,1063,U/S KANNAUJ (RAJGHAT),7.238,7.896,3.715
2026,12,December,2,Uttar Pradesh,1063,U/S KANNAUJ (RAJGHAT),7.113,7.878,3.726
2026,1,January,1,Uttar Pradesh,1066,KANNAUJ D/S,9.82,8.33,3.263
2026,1,January,2,Uttar Pradesh,1066,KANNAUJ D/S,9.532,8.31,3.497
2026,2,February,1,Uttar Pradesh,1066,KANNAUJ D/S,9.178,8.256,3.677
2026,2,February,2,Uttar Pradesh,1066,KANNAUJ D/S,8.752,8.182,3.808
2026,3,March,1,Uttar Pradesh,1066,KANNAUJ D/S,8.299,8.098,3.88
2026,3,March,2,Uttar Pradesh,1066,KANNAUJ D/S,7.92,8.028,3.898
2026,4,April,1,Uttar Pradesh,1066,KANNAUJ D/S,7.675,7.985,3.869
2026,4,April,2,Uttar Pradesh,1066,KANNAUJ D/S,7.585,7.97,3.809
2026,5,May,1,Uttar Pradesh,1066,KANNAUJ D/S,7.59,7.974,3.763
2026,5,May,2,Uttar Pradesh,1066,KANNAUJ D/S,7.65,7.986,3.737
2026,6,June,1,Uttar Pradesh,1066,KANNAUJ D/S,7.726,7.994,3.74
2026,6,June,2,Uttar Pradesh,1066,KANNAUJ D/S,7.773,7.989,3.777
2026,7,July,1,Uttar Pradesh,1066,KANNAUJ D/S,7.781,7.972,3.838
2026,7,July,2,Uttar Pradesh,1066,KANNAUJ D/S,7.743,7.951,3.903
2026,8,August,1,Uttar Pradesh,1066,KANNAUJ D/S,7.655,7.926,3.956
2026,8,August,2,Uttar Pradesh,1066,KANNAUJ D/S,7.496,7.895,3.975
2026,9,September,1,Uttar Pradesh,1066,KANNAUJ D/S,7.282,7.863,3.935
2026,9,September,2,Uttar Pradesh,1066,KANNAUJ D/S,7.05,7.832,3.879
2026,10,October,1,Uttar Pradesh,1066,KANNAUJ D/S,6.834,7.807,3.821
2026,10,October,2,Uttar Pradesh,1066,KANNAUJ D/S,6.683,7.797,3.775
2026,11,November,1,Uttar Pradesh,1066,KANNAUJ D/S,6.598,7.795,3.739
2026,11,November,2,Uttar Pradesh,1066,KANNAUJ D/S,6.56,7.796,3.715
2026,12,December,1,Uttar Pradesh,1066,KANNAUJ D/S,6.551,7.798,3.696
2026,12,December,2,Uttar Pradesh,1066,KANNAUJ D/S,6.558,7.801,3.68
2026,1,January,1,Uttar Pradesh,1067,U/S KANPUR  (RANIGHAT),9.892,8.353,3.237
2026,1,January,2,Uttar Pradesh,1067,U/S KANPUR  (RANIGHAT),9.595,8.323,3.517
2026,2,February,1,Uttar Pradesh,1067,U/S KANPUR  (RANIGHAT),9.2,8.264,3.73
2026,2,February,2,Uttar Pradesh,1067,U/S KANPUR  (RANIGHAT),8.72,8.186,3.887
2026,3,March,1,Uttar Pradesh,1067,U/S KANPUR  (RANIGHAT),8.215,8.091,3.965
2026,3,March,2,Uttar Pradesh,1067,U/S KANPUR  (RANIGHAT),7.802,8.014,3.975
2026,4,April,1,Uttar Pradesh,1067,U/S KANPUR  (RANIGHAT),7.544,7.971,3.952
2026,4,April,2,Uttar Pradesh,1067,U/S KANPUR  (RANIGHAT),7.43,7.956,3.909
2026,5,May,1,Uttar Pradesh,1067,U/S KANPUR  (RANIGHAT),7.426,7.961,3.859
2026,5,May,2,Uttar Pradesh,1067,U/S KANPUR  (RANIGHAT),7.495,7.976,3.825
2026,6,June,1,Uttar Pradesh,1067,U/S KANPUR  (RANIGHAT),7.591,7.989,3.817
2026,6,June,2,Uttar Pradesh,1067,U/S KANPUR  (RANIGHAT),7.671,7.987,3.844
2026,7,July,1,Uttar Pradesh,1067,U/S KANPUR  (RANIGHAT),7.706,7.972,3.897
2026,7,July,2,Uttar Pradesh,1067,U/S KANPUR  (RANIGHAT),7.688,7.95,3.955
2026,8,August,1,Uttar Pradesh,1067,U/S KANPUR  (RANIGHAT),7.614,7.925,4.004
2026,8,August,2,Uttar Pradesh,1067,U/S KANPUR  (RANIGHAT),7.459,7.893,4.014
2026,9,September,1,Uttar Pradesh,1067,U/S KANPUR  (RANIGHAT),7.227,7.859,3.957
2026,9,September,2,Uttar Pradesh,1067,U/S KANPUR  (RANIGHAT),6.981,7.825,3.881
2026,10,October,1,Uttar Pradesh,1067,U/S KANPUR  (RANIGHAT),6.771,7.802,3.813
2026,10,October,2,Uttar Pradesh,1067,U/S KANPUR  (RANIGHAT),6.638,7.794,3.762
2026,11,November,1,Uttar Pradesh,1067,U/S KANPUR  (RANIGHAT),6.571,7.793,3.726
2026,11,November,2,Uttar Pradesh,1067,U/S KANPUR  (RANIGHAT),6.546,7.796,3.702
2026,12,December,1,Uttar Pradesh,1067,U/S KANPUR  (RANIGHAT),6.546,7.799,3.683
2026,12,December,2,Uttar Pradesh,1067,U/S KANPUR  (RANIGHAT),6.559,7.803,3.667
2026,1,January,1,Uttar Pradesh,1068,KANPUR D/S (JAJMAU PUMPING STATION),9.567,8.276,3.679
2026,1,January,2,Uttar Pradesh,1068,KANPUR D/S (JAJMAU PUMPING STATION),9.39,8.264,3.934
2026,2,February,1,Uttar Pradesh,1068,KANPUR D/S (JAJMAU PUMPING STATION),8.991,8.214,4.143
2026,2,February,2,Uttar Pradesh,1068,KANPUR D/S (JAJMAU PUMPING STATION),8.365,8.116,4.283
2026,3,March,1,Uttar Pradesh,1068,KANPUR D/S (JAJMAU PUMPING STATION),7.736,7.991,4.311
2026,3,March,2,Uttar Pradesh,1068,KANPUR D/S (JAJMAU PUMPING STATION),7.317,7.909,4.269
2026,4,April,1,Uttar Pradesh,1068,KANPUR D/S (JAJMAU PUMPING STATION),7.065,7.862,4.202
2026,4,April,2,Uttar Pradesh,1068,KANPUR D/S (JAJMAU PUMPING STATION),6.935,7.842,4.136
2026,5,May,1,Uttar Pradesh,1068,KANPUR D/S (JAJMAU PUMPING STATION),6.887,7.84,4.091
2026,5,May,2,Uttar Pradesh,1068,KANPUR D/S (JAJMAU PUMPING STATION),6.906,7.852,4.064
2026,6,June,1,Uttar Pradesh,1068,KANPUR D/S (JAJMAU PUMPING STATION),6.989,7.873,4.048
2026,6,June,2,Uttar Pradesh,1068,KANPUR D/S (JAJMAU PUMPING STATION),7.151,7.896,4.038
2026,7,July,1,Uttar Pradesh,1068,KANPUR D/S (JAJMAU PUMPING STATION),7.321,7.912,4.042
2026,7,July,2,Uttar Pradesh,1068,KANPUR D/S (JAJMAU PUMPING STATION),7.456,7.916,4.049
2026,8,August,1,Uttar Pradesh,1068,KANPUR D/S (JAJMAU PUMPING STATION),7.516,7.908,4.052
2026,8,August,2,Uttar Pradesh,1068,KANPUR D/S (JAJMAU PUMPING STATION),7.447,7.884,4.004
2026,9,September,1,Uttar Pradesh,1068,KANPUR D/S (JAJMAU PUMPING STATION),7.265,7.854,3.889
2026,9,September,2,Uttar Pradesh,1068,KANPUR D/S (JAJMAU PUMPING STATION),7.075,7.827,3.795
2026,10,October,1,Uttar Pradesh,1068,KANPUR D/S (JAJMAU PUMPING STATION),6.898,7.805,3.738
2026,10,October,2,Uttar Pradesh,1068,KANPUR D/S (JAJMAU PUMPING STATION),6.764,7.793,3.698
2026,11,November,1,Uttar Pradesh,1068,KANPUR D/S (JAJMAU PUMPING STATION),6.678,7.788,3.665
2026,11,November,2,Uttar Pradesh,1068,KANPUR D/S (JAJMAU PUMPING STATION),6.631,7.788,3.64
2026,12,December,1,Uttar Pradesh,1068,KANPUR D/S (JAJMAU PUMPING STATION),6.61,7.791,3.622
2026,12,December,2,Uttar Pradesh,1068,KANPUR D/S (JAJMAU PUMPING STATION),6.605,7.795,3.608
2026,1,January,1,Uttar Pradesh,1070,U/S VARANASI  (VISHWA SUNDARI BRIDGE),9.142,8.29,2.198
2026,1,January,2,Uttar Pradesh,1070,U/S VARANASI  (VISHWA SUNDARI BRIDGE),9.383,8.309,2.188
2026,2,February,1,Uttar Pradesh,1070,U/S VARANASI  (VISHWA SUNDARI BRIDGE),9.46,8.309,2.173
2026,2,February,2,Uttar Pradesh,1070,U/S VARANASI  (VISHWA SUNDARI BRIDGE),9.424,8.299,2.19
2026,3,March,1,Uttar Pradesh,1070,U/S VARANASI  (VISHWA SUNDARI BRIDGE),9.274,8.285,2.279
2026,3,March,2,Uttar Pradesh,1070,U/S VARANASI  (VISHWA SUNDARI BRIDGE),9.123,8.268,2.37
2026,4,April,1,Uttar Pradesh,1070,U/S VARANASI  (VISHWA SUNDARI BRIDGE),8.912,8.239,2.473
2026,4,April,2,Uttar Pradesh,1070,U/S VARANASI  (VISHWA SUNDARI BRIDGE),8.699,8.205,2.551
2026,5,May,1,Uttar Pradesh,1070,U/S VARANASI  (VISHWA SUNDARI BRIDGE),8.517,8.172,2.602
2026,5,May,2,Uttar Pradesh,1070,U/S VARANASI  (VISHWA SUNDARI BRIDGE),8.377,8.142,2.625
2026,6,June,1,Uttar Pradesh,1070,U/S VARANASI  (VISHWA SUNDARI BRIDGE),8.306,8.128,2.637
2026,6,June,2,Uttar Pradesh,1070,U/S VARANASI  (VISHWA SUNDARI BRIDGE),8.286,8.127,2.652
2026,7,July,1,Uttar Pradesh,1070,U/S VARANASI  (VISHWA SUNDARI BRIDGE),8.3,8.134,2.674
2026,7,July,2,Uttar Pradesh,1070,U/S VARANASI  (VISHWA SUNDARI BRIDGE),8.339,8.146,2.694
2026,8,August,1,Uttar Pradesh,1070,U/S VARANASI  (VISHWA SUNDARI BRIDGE),8.39,8.158,2.712
2026,8,August,2,Uttar Pradesh,1070,U/S VARANASI  (VISHWA SUNDARI BRIDGE),8.449,8.171,2.729
2026,9,September,1,Uttar Pradesh,1070,U/S VARANASI  (VISHWA SUNDARI BRIDGE),8.512,8.182,2.744
2026,9,September,2,Uttar Pradesh,1070,U/S VARANASI  (VISHWA SUNDARI BRIDGE),8.577,8.193,2.756
2026,10,October,1,Uttar Pradesh,1070,U/S VARANASI  (VISHWA SUNDARI BRIDGE),8.645,8.203,2.764
2026,10,October,2,Uttar Pradesh,1070,U/S VARANASI  (VISHWA SUNDARI BRIDGE),8.709,8.213,2.772
2026,11,November,1,Uttar Pradesh,1070,U/S VARANASI  (VISHWA SUNDARI BRIDGE),8.764,8.22,2.779
2026,11,November,2,Uttar Pradesh,1070,U/S VARANASI  (VISHWA SUNDARI BRIDGE),8.798,8.224,2.787
2026,12,December,1,Uttar Pradesh,1070,U/S VARANASI  (VISHWA SUNDARI BRIDGE),8.808,8.225,2.796
2026,12,December,2,Uttar Pradesh,1070,U/S VARANASI  (VISHWA SUNDARI BRIDGE),8.796,8.221,2.806
2026,1,January,1,Uttar Pradesh,1071,VARANASI D/S (MALVIYA BRIDGE),7.723,7.959,3.299
2026,1,January,2,Uttar Pradesh,1071,VARANASI D/S (MALVIYA BRIDGE),7.713,7.968,3.368
2026,2,February,1,Uttar Pradesh,1071,VARANASI D/S (MALVIYA BRIDGE),7.672,7.966,3.424
2026,2,February,2,Uttar Pradesh,1071,VARANASI D/S (MALVIYA BRIDGE),7.606,7.96,3.475
2026,3,March,1,Uttar Pradesh,1071,VARANASI D/S (MALVIYA BRIDGE),7.509,7.952,3.519
2026,3,March,2,Uttar Pradesh,1071,VARANASI D/S (MALVIYA BRIDGE),7.399,7.941,3.554
2026,4,April,1,Uttar Pradesh,1071,VARANASI D/S (MALVIYA BRIDGE),7.279,7.927,3.579
2026,4,April,2,Uttar Pradesh,1071,VARANASI D/S (MALVIYA BRIDGE),7.136,7.905,3.599
2026,5,May,1,Uttar Pradesh,1071,VARANASI D/S (MALVIYA BRIDGE),6.983,7.885,3.603
2026,5,May,2,Uttar Pradesh,1071,VARANASI D/S (MALVIYA BRIDGE),6.845,7.868,3.595
2026,6,June,1,Uttar Pradesh,1071,VARANASI D/S (MALVIYA BRIDGE),6.731,7.854,3.58
2026,6,June,2,Uttar Pradesh,1071,VARANASI D/S (MALVIYA BRIDGE),6.646,7.849,3.564
2026,7,July,1,Uttar Pradesh,1071,VARANASI D/S (MALVIYA BRIDGE),6.595,7.848,3.555
2026,7,July,2,Uttar Pradesh,1071,VARANASI D/S (MALVIYA BRIDGE),6.569,7.85,3.547
2026,8,August,1,Uttar Pradesh,1071,VARANASI D/S (MALVIYA BRIDGE),6.562,7.854,3.537
2026,8,August,2,Uttar Pradesh,1071,VARANASI D/S (MALVIYA BRIDGE),6.57,7.86,3.52
2026,9,September,1,Uttar Pradesh,1071,VARANASI D/S (MALVIYA BRIDGE),6.592,7.868,3.495
2026,9,September,2,Uttar Pradesh,1071,VARANASI D/S (MALVIYA BRIDGE),6.631,7.879,3.463
2026,10,October,1,Uttar Pradesh,1071,VARANASI D/S (MALVIYA BRIDGE),6.688,7.893,3.424
2026,10,October,2,Uttar Pradesh,1071,VARANASI D/S (MALVIYA BRIDGE),6.768,7.913,3.379
2026,11,November,1,Uttar Pradesh,1071,VARANASI D/S (MALVIYA BRIDGE),6.872,7.937,3.329
2026,11,November,2,Uttar Pradesh,1071,VARANASI D/S (MALVIYA BRIDGE),7.003,7.965,3.281
2026,12,December,1,Uttar Pradesh,1071,VARANASI D/S (MALVIYA BRIDGE),7.173,7.998,3.241
2026,12,December,2,Uttar Pradesh,1071,VARANASI D/S (MALVIYA BRIDGE),7.391,8.036,3.202
2026,1,January,1,Uttar Pradesh,1073,TARIGHAT (GHAZIPUR),7.439,7.938,3.512
2026,1,January,2,Uttar Pradesh,1073,TARIGHAT (GHAZIPUR),7.478,7.957,3.508
2026,2,February,1,Uttar Pradesh,1073,TARIGHAT (GHAZIPUR),7.501,7.965,3.506
2026,2,February,2,Uttar Pradesh,1073,TARIGHAT (GHAZIPUR),7.5,7.967,3.512
2026,3,March,1,Uttar Pradesh,1073,TARIGHAT (GHAZIPUR),7.479,7.969,3.52
2026,3,March,2,Uttar Pradesh,1073,TARIGHAT (GHAZIPUR),7.439,7.967,3.536
2026,4,April,1,Uttar Pradesh,1073,TARIGHAT (GHAZIPUR),7.381,7.957,3.555
2026,4,April,2,Uttar Pradesh,1073,TARIGHAT (GHAZIPUR),7.304,7.946,3.575
2026,5,May,1,Uttar Pradesh,1073,TARIGHAT (GHAZIPUR),7.209,7.932,3.595
2026,5,May,2,Uttar Pradesh,1073,TARIGHAT (GHAZIPUR),7.095,7.916,3.608
2026,6,June,1,Uttar Pradesh,1073,TARIGHAT (GHAZIPUR),6.934,7.884,3.603
2026,6,June,2,Uttar Pradesh,1073,TARIGHAT (GHAZIPUR),6.786,7.866,3.593
2026,7,July,1,Uttar Pradesh,1073,TARIGHAT (GHAZIPUR),6.676,7.86,3.578
2026,7,July,2,Uttar Pradesh,1073,TARIGHAT (GHAZIPUR),6.61,7.859,3.558
2026,8,August,1,Uttar Pradesh,1073,TARIGHAT (GHAZIPUR),6.579,7.862,3.54
2026,8,August,2,Uttar Pradesh,1073,TARIGHAT (GHAZIPUR),6.572,7.866,3.524
2026,9,September,1,Uttar Pradesh,1073,TARIGHAT (GHAZIPUR),6.58,7.872,3.507
2026,9,September,2,Uttar Pradesh,1073,TARIGHAT (GHAZIPUR),6.602,7.88,3.486
2026,10,October,1,Uttar Pradesh,1073,TARIGHAT (GHAZIPUR),6.637,7.889,3.461
2026,10,October,2,Uttar Pradesh,1073,TARIGHAT (GHAZIPUR),6.686,7.902,3.43
2026,11,November,1,Uttar Pradesh,1073,TARIGHAT (GHAZIPUR),6.755,7.918,3.391
2026,11,November,2,Uttar Pradesh,1073,TARIGHAT (GHAZIPUR),6.85,7.94,3.343
2026,12,December,1,Uttar Pradesh,1073,TARIGHAT (GHAZIPUR),6.976,7.968,3.292
2026,12,December,2,Uttar Pradesh,1073,TARIGHAT (GHAZIPUR),7.146,8.001,3.245
2026,1,January,1,Bihar,1074,"BUXAR, CHAUSA KARMNASA ",7.909,7.837,1.497
2026,1,January,2,Bihar,1074,"BUXAR, CHAUSA KARMNASA ",7.553,7.66,1.675
2026,2,February,1,Bihar,1074,"BUXAR, CHAUSA KARMNASA ",7.461,7.639,1.781
2026,2,February,2,Bihar,1074,"BUXAR, CHAUSA KARMNASA ",7.436,7.638,1.82
2026,3,March,1,Bihar,1074,"BUXAR, CHAUSA KARMNASA ",7.432,7.639,1.836
2026,3,March,2,Bihar,1074,"BUXAR, CHAUSA KARMNASA ",7.437,7.643,1.846
2026,4,April,1,Bihar,1074,"BUXAR, CHAUSA KARMNASA ",7.404,7.637,1.821
2026,4,April,2,Bihar,1074,"BUXAR, CHAUSA KARMNASA ",7.393,7.629,1.815
2026,5,May,1,Bihar,1074,"BUXAR, CHAUSA KARMNASA ",7.377,7.627,1.805
2026,5,May,2,Bihar,1074,"BUXAR, CHAUSA KARMNASA ",7.368,7.615,1.777
2026,6,June,1,Bihar,1074,"BUXAR, CHAUSA KARMNASA ",7.326,7.601,1.729
2026,6,June,2,Bihar,1074,"BUXAR, CHAUSA KARMNASA ",7.314,7.596,1.717
2026,7,July,1,Bihar,1074,"BUXAR, CHAUSA KARMNASA ",7.291,7.545,1.661
2026,7,July,2,Bihar,1074,"BUXAR, CHAUSA KARMNASA ",7.281,7.511,1.625
2026,8,August,1,Bihar,1074,"BUXAR, CHAUSA KARMNASA ",7.284,7.5,1.601
2026,8,August,2,Bihar,1074,"BUXAR, CHAUSA KARMNASA ",7.285,7.493,1.581
2026,9,September,1,Bihar,1074,"BUXAR, CHAUSA KARMNASA ",7.283,7.488,1.565
2026,9,September,2,Bihar,1074,"BUXAR, CHAUSA KARMNASA ",7.279,7.483,1.551
2026,10,October,1,Bihar,1074,"BUXAR, CHAUSA KARMNASA ",7.275,7.477,1.537
2026,10,October,2,Bihar,1074,"BUXAR, CHAUSA KARMNASA ",7.271,7.471,1.526
2026,11,November,1,Bihar,1074,"BUXAR, CHAUSA KARMNASA ",7.267,7.464,1.515
2026,11,November,2,Bihar,1074,"BUXAR, CHAUSA KARMNASA ",7.265,7.457,1.505
2026,12,December,1,Bihar,1074,"BUXAR, CHAUSA KARMNASA ",7.265,7.45,1.495
2026,12,December,2,Bihar,1074,"BUXAR, CHAUSA KARMNASA ",7.266,7.443,1.487
2026,1,January,1,Bihar,1077,"KURJI AT DIGHA GHAT, U/S PATNA",7.419,7.556,1.612
2026,1,January,2,Bihar,1077,"KURJI AT DIGHA GHAT, U/S PATNA",7.3,7.564,1.625
2026,2,February,1,Bihar,1077,"KURJI AT DIGHA GHAT, U/S PATNA",7.268,7.563,1.64
2026,2,February,2,Bihar,1077,"KURJI AT DIGHA GHAT, U/S PATNA",7.266,7.567,1.656
2026,3,March,1,Bihar,1077,"KURJI AT DIGHA GHAT, U/S PATNA",7.264,7.569,1.663
2026,3,March,2,Bihar,1077,"KURJI AT DIGHA GHAT, U/S PATNA",7.275,7.571,1.671
2026,4,April,1,Bihar,1077,"KURJI AT DIGHA GHAT, U/S PATNA",7.273,7.574,1.678
2026,4,April,2,Bihar,1077,"KURJI AT DIGHA GHAT, U/S PATNA",7.274,7.574,1.681
2026,5,May,1,Bihar,1077,"KURJI AT DIGHA GHAT, U/S PATNA",7.275,7.575,1.682
2026,5,May,2,Bihar,1077,"KURJI AT DIGHA GHAT, U/S PATNA",7.28,7.576,1.687
2026,6,June,1,Bihar,1077,"KURJI AT DIGHA GHAT, U/S PATNA",7.294,7.57,1.677
2026,6,June,2,Bihar,1077,"KURJI AT DIGHA GHAT, U/S PATNA",7.263,7.491,1.59
2026,7,July,1,Bihar,1077,"KURJI AT DIGHA GHAT, U/S PATNA",7.256,7.48,1.539
2026,7,July,2,Bihar,1077,"KURJI AT DIGHA GHAT, U/S PATNA",7.25,7.477,1.521
2026,8,August,1,Bihar,1077,"KURJI AT DIGHA GHAT, U/S PATNA",7.248,7.474,1.514
2026,8,August,2,Bihar,1077,"KURJI AT DIGHA GHAT, U/S PATNA",7.247,7.471,1.509
2026,9,September,1,Bihar,1077,"KURJI AT DIGHA GHAT, U/S PATNA",7.248,7.467,1.505
2026,9,September,2,Bihar,1077,"KURJI AT DIGHA GHAT, U/S PATNA",7.249,7.463,1.5
2026,10,October,1,Bihar,1077,"KURJI AT DIGHA GHAT, U/S PATNA",7.251,7.458,1.495
2026,10,October,2,Bihar,1077,"KURJI AT DIGHA GHAT, U/S PATNA",7.253,7.453,1.489
2026,11,November,1,Bihar,1077,"KURJI AT DIGHA GHAT, U/S PATNA",7.255,7.447,1.483
2026,11,November,2,Bihar,1077,"KURJI AT DIGHA GHAT, U/S PATNA",7.258,7.441,1.476
2026,12,December,1,Bihar,1077,"KURJI AT DIGHA GHAT, U/S PATNA",7.262,7.434,1.47
2026,12,December,2,Bihar,1077,"KURJI AT DIGHA GHAT, U/S PATNA",7.268,7.426,1.463
2026,1,January,1,Bihar,1079,PATNA D/S (GANGA BRIDGE),7.485,7.604,1.824
2026,1,January,2,Bihar,1079,PATNA D/S (GANGA BRIDGE),7.389,7.585,1.708
2026,2,February,1,Bihar,1079,PATNA D/S (GANGA BRIDGE),7.376,7.58,1.7
2026,2,February,2,Bihar,1079,PATNA D/S (GANGA BRIDGE),7.365,7.575,1.689
2026,3,March,1,Bihar,1079,PATNA D/S (GANGA BRIDGE),7.368,7.573,1.702
2026,3,March,2,Bihar,1079,PATNA D/S (GANGA BRIDGE),7.314,7.544,1.647
2026,4,April,1,Bihar,1079,PATNA D/S (GANGA BRIDGE),7.297,7.544,1.642
2026,4,April,2,Bihar,1079,PATNA D/S (GANGA BRIDGE),7.29,7.546,1.647
2026,5,May,1,Bihar,1079,PATNA D/S (GANGA BRIDGE),7.288,7.548,1.653
2026,5,May,2,Bihar,1079,PATNA D/S (GANGA BRIDGE),7.298,7.544,1.666
2026,6,June,1,Bihar,1079,PATNA D/S (GANGA BRIDGE),7.319,7.535,1.684
2026,6,June,2,Bihar,1079,PATNA D/S (GANGA BRIDGE),7.297,7.472,1.601
2026,7,July,1,Bihar,1079,PATNA D/S (GANGA BRIDGE),7.288,7.468,1.549
2026,7,July,2,Bihar,1079,PATNA D/S (GANGA BRIDGE),7.277,7.464,1.525
2026,8,August,1,Bihar,1079,PATNA D/S (GANGA BRIDGE),7.272,7.46,1.513
2026,8,August,2,Bihar,1079,PATNA D/S (GANGA BRIDGE),7.27,7.456,1.506
2026,9,September,1,Bihar,1079,PATNA D/S (GANGA BRIDGE),7.27,7.451,1.5
2026,9,September,2,Bihar,1079,PATNA D/S (GANGA BRIDGE),7.271,7.446,1.493
2026,10,October,1,Bihar,1079,PATNA D/S (GANGA BRIDGE),7.272,7.441,1.488
2026,10,October,2,Bihar,1079,PATNA D/S (GANGA BRIDGE),7.274,7.436,1.483
2026,11,November,1,Bihar,1079,PATNA D/S (GANGA BRIDGE),7.278,7.43,1.478
2026,11,November,2,Bihar,1079,PATNA D/S (GANGA BRIDGE),7.284,7.424,1.472
2026,12,December,1,Bihar,1079,PATNA D/S (GANGA BRIDGE),7.29,7.416,1.466
2026,12,December,2,Bihar,1079,PATNA D/S (GANGA BRIDGE),7.298,7.408,1.46
2026,1,January,1,West Bengal,1080,BEHARAMPORE,8.29,7.337,1.491
2026,1,January,2,West Bengal,1080,BEHARAMPORE,8.117,7.479,1.424
2026,2,February,1,West Bengal,1080,BEHARAMPORE,7.934,7.544,1.486
2026,2,February,2,West Bengal,1080,BEHARAMPORE,8.068,7.313,1.511
2026,3,March,1,West Bengal,1080,BEHARAMPORE,8.292,7.217,1.419
2026,3,March,2,West Bengal,1080,BEHARAMPORE,8.415,7.181,1.375
2026,4,April,1,West Bengal,1080,BEHARAMPORE,8.456,7.164,1.363
2026,4,April,2,West Bengal,1080,BEHARAMPORE,8.471,7.154,1.361
2026,5,May,1,West Bengal,1080,BEHARAMPORE,8.474,7.149,1.364
2026,5,May,2,West Bengal,1080,BEHARAMPORE,8.464,7.145,1.364
2026,6,June,1,West Bengal,1080,BEHARAMPORE,8.443,7.143,1.375
2026,6,June,2,West Bengal,1080,BEHARAMPORE,8.379,7.147,1.383
2026,7,July,1,West Bengal,1080,BEHARAMPORE,8.311,7.153,1.391
2026,7,July,2,West Bengal,1080,BEHARAMPORE,8.285,7.155,1.396
2026,8,August,1,West Bengal,1080,BEHARAMPORE,8.301,7.148,1.409
2026,8,August,2,West Bengal,1080,BEHARAMPORE,8.392,7.12,1.474
2026,9,September,1,West Bengal,1080,BEHARAMPORE,8.434,7.107,1.493
2026,9,September,2,West Bengal,1080,BEHARAMPORE,8.456,7.103,1.499
2026,10,October,1,West Bengal,1080,BEHARAMPORE,8.472,7.1,1.501
2026,10,October,2,West Bengal,1080,BEHARAMPORE,8.486,7.099,1.503
2026,11,November,1,West Bengal,1080,BEHARAMPORE,8.5,7.098,1.504
2026,11,November,2,West Bengal,1080,BEHARAMPORE,8.514,7.097,1.505
2026,12,December,1,West Bengal,1080,BEHARAMPORE,8.529,7.096,1.507
2026,12,December,2,West Bengal,1080,BEHARAMPORE,8.543,7.096,1.509
2026,1,January,1,Uttar Pradesh,1145,NARORA (BULANDSAHAR),8.991,7.132,1.405
2026,1,January,2,Uttar Pradesh,1145,NARORA (BULANDSAHAR),8.824,7.14,1.423
2026,2,February,1,Uttar Pradesh,1145,NARORA (BULANDSAHAR),8.733,7.145,1.441
2026,2,February,2,Uttar Pradesh,1145,NARORA (BULANDSAHAR),8.69,7.147,1.453
2026,3,March,1,Uttar Pradesh,1145,NARORA (BULANDSAHAR),8.682,7.146,1.463
2026,3,March,2,Uttar Pradesh,1145,NARORA (BULANDSAHAR),8.685,7.144,1.47
2026,4,April,1,Uttar Pradesh,1145,NARORA (BULANDSAHAR),8.692,7.143,1.474
2026,4,April,2,Uttar Pradesh,1145,NARORA (BULANDSAHAR),8.703,7.141,1.476
2026,5,May,1,Uttar Pradesh,1145,NARORA (BULANDSAHAR),8.719,7.137,1.482
2026,5,May,2,Uttar Pradesh,1145,NARORA (BULANDSAHAR),8.726,7.126,1.492
2026,6,June,1,Uttar Pradesh,1145,NARORA (BULANDSAHAR),8.725,7.116,1.503
2026,6,June,2,Uttar Pradesh,1145,NARORA (BULANDSAHAR),8.725,7.108,1.517
2026,7,July,1,Uttar Pradesh,1145,NARORA (BULANDSAHAR),8.694,7.102,1.517
2026,7,July,2,Uttar Pradesh,1145,NARORA (BULANDSAHAR),8.677,7.1,1.52
2026,8,August,1,Uttar Pradesh,1145,NARORA (BULANDSAHAR),8.671,7.099,1.523
2026,8,August,2,Uttar Pradesh,1145,NARORA (BULANDSAHAR),8.672,7.098,1.525
2026,9,September,1,Uttar Pradesh,1145,NARORA (BULANDSAHAR),8.676,7.098,1.527
2026,9,September,2,Uttar Pradesh,1145,NARORA (BULANDSAHAR),8.682,7.097,1.528
2026,10,October,1,Uttar Pradesh,1145,NARORA (BULANDSAHAR),8.688,7.097,1.529
2026,10,October,2,Uttar Pradesh,1145,NARORA (BULANDSAHAR),8.694,7.097,1.53
2026,11,November,1,Uttar Pradesh,1145,NARORA (BULANDSAHAR),8.701,7.096,1.531
2026,11,November,2,Uttar Pradesh,1145,NARORA (BULANDSAHAR),8.706,7.096,1.531
2026,12,December,1,Uttar Pradesh,1145,NARORA (BULANDSAHAR),8.71,7.096,1.532
2026,12,December,2,Uttar Pradesh,1145,NARORA (BULANDSAHAR),8.714,7.095,1.532
2026,1,January,1,Uttar Pradesh,1146,BITHOOR (KANPUR),9.775,8.348,3.293
2026,1,January,2,Uttar Pradesh,1146,BITHOOR (KANPUR),9.481,8.317,3.543
2026,2,February,1,Uttar Pradesh,1146,BITHOOR (KANPUR),9.096,8.257,3.741
2026,2,February,2,Uttar Pradesh,1146,BITHOOR (KANPUR),8.642,8.18,3.884
2026,3,March,1,Uttar Pradesh,1146,BITHOOR (KANPUR),8.16,8.087,3.951
2026,3,March,2,Uttar Pradesh,1146,BITHOOR (KANPUR),7.782,8.016,3.957
2026,4,April,1,Uttar Pradesh,1146,BITHOOR (KANPUR),7.546,7.975,3.931
2026,4,April,2,Uttar Pradesh,1146,BITHOOR (KANPUR),7.444,7.961,3.887
2026,5,May,1,Uttar Pradesh,1146,BITHOOR (KANPUR),7.448,7.965,3.839
2026,5,May,2,Uttar Pradesh,1146,BITHOOR (KANPUR),7.52,7.98,3.808
2026,6,June,1,Uttar Pradesh,1146,BITHOOR (KANPUR),7.613,7.99,3.807
2026,6,June,2,Uttar Pradesh,1146,BITHOOR (KANPUR),7.68,7.984,3.843
2026,7,July,1,Uttar Pradesh,1146,BITHOOR (KANPUR),7.703,7.968,3.898
2026,7,July,2,Uttar Pradesh,1146,BITHOOR (KANPUR),7.675,7.947,3.956
2026,8,August,1,Uttar Pradesh,1146,BITHOOR (KANPUR),7.591,7.922,4.001
2026,8,August,2,Uttar Pradesh,1146,BITHOOR (KANPUR),7.427,7.89,4.003
2026,9,September,1,Uttar Pradesh,1146,BITHOOR (KANPUR),7.194,7.855,3.944
2026,9,September,2,Uttar Pradesh,1146,BITHOOR (KANPUR),6.951,7.823,3.869
2026,10,October,1,Uttar Pradesh,1146,BITHOOR (KANPUR),6.749,7.802,3.804
2026,10,October,2,Uttar Pradesh,1146,BITHOOR (KANPUR),6.626,7.795,3.755
2026,11,November,1,Uttar Pradesh,1146,BITHOOR (KANPUR),6.565,7.795,3.72
2026,11,November,2,Uttar Pradesh,1146,BITHOOR (KANPUR),6.545,7.797,3.697
2026,12,December,1,Uttar Pradesh,1146,BITHOOR (KANPUR),6.546,7.801,3.679
2026,12,December,2,Uttar Pradesh,1146,BITHOOR (KANPUR),6.56,7.804,3.663
2026,1,January,1,Uttar Pradesh,1147,DALMAU (RAI BAREILLY),9.061,8.07,2.242
2026,1,January,2,Uttar Pradesh,1147,DALMAU (RAI BAREILLY),8.785,8.107,2.404
2026,2,February,1,Uttar Pradesh,1147,DALMAU (RAI BAREILLY),8.652,8.127,2.569
2026,2,February,2,Uttar Pradesh,1147,DALMAU (RAI BAREILLY),8.565,8.137,2.684
2026,3,March,1,Uttar Pradesh,1147,DALMAU (RAI BAREILLY),8.417,8.125,2.748
2026,3,March,2,Uttar Pradesh,1147,DALMAU (RAI BAREILLY),8.305,8.115,2.767
2026,4,April,1,Uttar Pradesh,1147,DALMAU (RAI BAREILLY),8.229,8.108,2.757
2026,4,April,2,Uttar Pradesh,1147,DALMAU (RAI BAREILLY),8.195,8.099,2.752
2026,5,May,1,Uttar Pradesh,1147,DALMAU (RAI BAREILLY),8.181,8.095,2.749
2026,5,May,2,Uttar Pradesh,1147,DALMAU (RAI BAREILLY),8.183,8.094,2.748
2026,6,June,1,Uttar Pradesh,1147,DALMAU (RAI BAREILLY),8.208,8.098,2.752
2026,6,June,2,Uttar Pradesh,1147,DALMAU (RAI BAREILLY),8.242,8.105,2.754
2026,7,July,1,Uttar Pradesh,1147,DALMAU (RAI BAREILLY),8.326,8.131,2.768
2026,7,July,2,Uttar Pradesh,1147,DALMAU (RAI BAREILLY),8.441,8.161,2.782
2026,8,August,1,Uttar Pradesh,1147,DALMAU (RAI BAREILLY),8.565,8.186,2.794
2026,8,August,2,Uttar Pradesh,1147,DALMAU (RAI BAREILLY),8.692,8.209,2.8
2026,9,September,1,Uttar Pradesh,1147,DALMAU (RAI BAREILLY),8.805,8.226,2.801
2026,9,September,2,Uttar Pradesh,1147,DALMAU (RAI BAREILLY),8.887,8.237,2.797
2026,10,October,1,Uttar Pradesh,1147,DALMAU (RAI BAREILLY),8.927,8.241,2.795
2026,10,October,2,Uttar Pradesh,1147,DALMAU (RAI BAREILLY),8.929,8.24,2.799
2026,11,November,1,Uttar Pradesh,1147,DALMAU (RAI BAREILLY),8.901,8.235,2.809
2026,11,November,2,Uttar Pradesh,1147,DALMAU (RAI BAREILLY),8.849,8.227,2.824
2026,12,December,1,Uttar Pradesh,1147,DALMAU (RAI BAREILLY),8.783,8.216,2.838
2026,12,December,2,Uttar Pradesh,1147,DALMAU (RAI BAREILLY),8.707,8.203,2.852
2026,1,January,1,West Bengal,1335,PATIKALI ,7.537,8.092,1.883
2026,1,January,2,West Bengal,1335,PATIKALI ,7.723,8.04,1.831
2026,2,February,1,West Bengal,1335,PATIKALI ,7.709,7.998,1.837
2026,2,February,2,West Bengal,1335,PATIKALI ,7.63,7.949,1.837
2026,3,March,1,West Bengal,1335,PATIKALI ,7.55,7.908,1.858
2026,3,March,2,West Bengal,1335,PATIKALI ,7.504,7.873,1.853
2026,4,April,1,West Bengal,1335,PATIKALI ,7.457,7.832,1.85
2026,4,April,2,West Bengal,1335,PATIKALI ,7.52,7.821,1.828
2026,5,May,1,West Bengal,1335,PATIKALI ,7.514,7.779,1.767
2026,5,May,2,West Bengal,1335,PATIKALI ,7.487,7.76,1.777
2026,6,June,1,West Bengal,1335,PATIKALI ,7.446,7.738,1.79
2026,6,June,2,West Bengal,1335,PATIKALI ,7.385,7.707,1.803
2026,7,July,1,West Bengal,1335,PATIKALI ,7.341,7.678,1.816
2026,7,July,2,West Bengal,1335,PATIKALI ,7.317,7.65,1.802
2026,8,August,1,West Bengal,1335,PATIKALI ,7.301,7.625,1.778
2026,8,August,2,West Bengal,1335,PATIKALI ,7.288,7.603,1.75
2026,9,September,1,West Bengal,1335,PATIKALI ,7.277,7.584,1.722
2026,9,September,2,West Bengal,1335,PATIKALI ,7.267,7.568,1.697
2026,10,October,1,West Bengal,1335,PATIKALI ,7.261,7.554,1.67
2026,10,October,2,West Bengal,1335,PATIKALI ,7.256,7.54,1.643
2026,11,November,1,West Bengal,1335,PATIKALI ,7.252,7.528,1.615
2026,11,November,2,West Bengal,1335,PATIKALI ,7.249,7.517,1.593
2026,12,December,1,West Bengal,1335,PATIKALI ,7.249,7.505,1.574
2026,12,December,2,West Bengal,1335,PATIKALI ,7.251,7.495,1.556
2026,1,January,1,West Bengal,1469,DIAMOND HARBOUR,6.972,7.732,2.274
2026,1,January,2,West Bengal,1469,DIAMOND HARBOUR,7.108,7.762,2.194
2026,2,February,1,West Bengal,1469,DIAMOND HARBOUR,7.149,7.772,2.169
2026,2,February,2,West Bengal,1469,DIAMOND HARBOUR,7.152,7.771,2.159
2026,3,March,1,West Bengal,1469,DIAMOND HARBOUR,7.143,7.763,2.152
2026,3,March,2,West Bengal,1469,DIAMOND HARBOUR,7.134,7.744,2.133
2026,4,April,1,West Bengal,1469,DIAMOND HARBOUR,7.147,7.717,2.083
2026,4,April,2,West Bengal,1469,DIAMOND HARBOUR,7.196,7.681,2.025
2026,5,May,1,West Bengal,1469,DIAMOND HARBOUR,7.23,7.656,1.966
2026,5,May,2,West Bengal,1469,DIAMOND HARBOUR,7.262,7.638,1.924
2026,6,June,1,West Bengal,1469,DIAMOND HARBOUR,7.289,7.627,1.901
2026,6,June,2,West Bengal,1469,DIAMOND HARBOUR,7.315,7.623,1.903
2026,7,July,1,West Bengal,1469,DIAMOND HARBOUR,7.32,7.606,1.87
2026,7,July,2,West Bengal,1469,DIAMOND HARBOUR,7.322,7.59,1.835
2026,8,August,1,West Bengal,1469,DIAMOND HARBOUR,7.322,7.575,1.8
2026,8,August,2,West Bengal,1469,DIAMOND HARBOUR,7.321,7.559,1.764
2026,9,September,1,West Bengal,1469,DIAMOND HARBOUR,7.319,7.543,1.727
2026,9,September,2,West Bengal,1469,DIAMOND HARBOUR,7.315,7.526,1.691
2026,10,October,1,West Bengal,1469,DIAMOND HARBOUR,7.312,7.511,1.657
2026,10,October,2,West Bengal,1469,DIAMOND HARBOUR,7.311,7.498,1.626
2026,11,November,1,West Bengal,1469,DIAMOND HARBOUR,7.309,7.487,1.598
2026,11,November,2,West Bengal,1469,DIAMOND HARBOUR,7.306,7.478,1.576
2026,12,December,1,West Bengal,1469,DIAMOND HARBOUR,7.304,7.47,1.558
2026,12,December,2,West Bengal,1469,DIAMOND HARBOUR,7.302,7.463,1.543
2026,1,January,1,West Bengal,1470,GARDEN REACH,7.22,7.694,2.415
2026,1,January,2,West Bengal,1470,GARDEN REACH,7.187,7.695,2.39
2026,2,February,1,West Bengal,1470,GARDEN REACH,7.185,7.683,2.385
2026,2,February,2,West Bengal,1470,GARDEN REACH,7.199,7.665,2.384
2026,3,March,1,West Bengal,1470,GARDEN REACH,7.232,7.639,2.372
2026,3,March,2,West Bengal,1470,GARDEN REACH,7.301,7.606,2.346
2026,4,April,1,West Bengal,1470,GARDEN REACH,7.356,7.586,2.312
2026,4,April,2,West Bengal,1470,GARDEN REACH,7.396,7.571,2.279
2026,5,May,1,West Bengal,1470,GARDEN REACH,7.438,7.546,2.245
2026,5,May,2,West Bengal,1470,GARDEN REACH,7.509,7.516,2.228
2026,6,June,1,West Bengal,1470,GARDEN REACH,7.556,7.512,2.214
2026,6,June,2,West Bengal,1470,GARDEN REACH,7.556,7.51,2.173
2026,7,July,1,West Bengal,1470,GARDEN REACH,7.552,7.5,2.121
2026,7,July,2,West Bengal,1470,GARDEN REACH,7.564,7.484,2.08
2026,8,August,1,West Bengal,1470,GARDEN REACH,7.579,7.465,2.046
2026,8,August,2,West Bengal,1470,GARDEN REACH,7.597,7.444,2.011
2026,9,September,1,West Bengal,1470,GARDEN REACH,7.617,7.42,1.971
2026,9,September,2,West Bengal,1470,GARDEN REACH,7.647,7.391,1.92
2026,10,October,1,West Bengal,1470,GARDEN REACH,7.7,7.357,1.85
2026,10,October,2,West Bengal,1470,GARDEN REACH,7.777,7.319,1.764
2026,11,November,1,West Bengal,1470,GARDEN REACH,7.889,7.276,1.67
2026,11,November,2,West Bengal,1470,GARDEN REACH,8.006,7.235,1.585
2026,12,December,1,West Bengal,1470,GARDEN REACH,8.101,7.206,1.522
2026,12,December,2,West Bengal,1470,GARDEN REACH,8.169,7.186,1.482
2026,1,January,1,West Bengal,1471,SHIVPUR (HOWRAH),7.21,7.686,2.33
2026,1,January,2,West Bengal,1471,SHIVPUR (HOWRAH),7.19,7.692,2.301
2026,2,February,1,West Bengal,1471,SHIVPUR (HOWRAH),7.184,7.685,2.292
2026,2,February,2,West Bengal,1471,SHIVPUR (HOWRAH),7.192,7.669,2.286
2026,3,March,1,West Bengal,1471,SHIVPUR (HOWRAH),7.21,7.649,2.266
2026,3,March,2,West Bengal,1471,SHIVPUR (HOWRAH),7.258,7.619,2.24
2026,4,April,1,West Bengal,1471,SHIVPUR (HOWRAH),7.314,7.593,2.202
2026,4,April,2,West Bengal,1471,SHIVPUR (HOWRAH),7.37,7.562,2.145
2026,5,May,1,West Bengal,1471,SHIVPUR (HOWRAH),7.421,7.535,2.087
2026,5,May,2,West Bengal,1471,SHIVPUR (HOWRAH),7.481,7.512,2.063
2026,6,June,1,West Bengal,1471,SHIVPUR (HOWRAH),7.514,7.512,2.046
2026,6,June,2,West Bengal,1471,SHIVPUR (HOWRAH),7.501,7.513,2.0
2026,7,July,1,West Bengal,1471,SHIVPUR (HOWRAH),7.49,7.505,1.951
2026,7,July,2,West Bengal,1471,SHIVPUR (HOWRAH),7.491,7.492,1.91
2026,8,August,1,West Bengal,1471,SHIVPUR (HOWRAH),7.496,7.476,1.873
2026,8,August,2,West Bengal,1471,SHIVPUR (HOWRAH),7.503,7.458,1.839
2026,9,September,1,West Bengal,1471,SHIVPUR (HOWRAH),7.513,7.438,1.802
2026,9,September,2,West Bengal,1471,SHIVPUR (HOWRAH),7.525,7.416,1.764
2026,10,October,1,West Bengal,1471,SHIVPUR (HOWRAH),7.54,7.395,1.726
2026,10,October,2,West Bengal,1471,SHIVPUR (HOWRAH),7.564,7.372,1.682
2026,11,November,1,West Bengal,1471,SHIVPUR (HOWRAH),7.596,7.346,1.638
2026,11,November,2,West Bengal,1471,SHIVPUR (HOWRAH),7.635,7.32,1.593
2026,12,December,1,West Bengal,1471,SHIVPUR (HOWRAH),7.676,7.295,1.551
2026,12,December,2,West Bengal,1471,SHIVPUR (HOWRAH),7.717,7.274,1.517
2026,1,January,1,West Bengal,1472,SERAMPORE,8.196,7.127,1.904
2026,1,January,2,West Bengal,1472,SERAMPORE,8.577,7.164,1.541
2026,2,February,1,West Bengal,1472,SERAMPORE,8.666,7.199,1.421
2026,2,February,2,West Bengal,1472,SERAMPORE,8.722,7.186,1.399
2026,3,March,1,West Bengal,1472,SERAMPORE,8.77,7.179,1.388
2026,3,March,2,West Bengal,1472,SERAMPORE,8.849,7.144,1.407
2026,4,April,1,West Bengal,1472,SERAMPORE,8.884,7.129,1.409
2026,4,April,2,West Bengal,1472,SERAMPORE,8.899,7.118,1.425
2026,5,May,1,West Bengal,1472,SERAMPORE,8.893,7.108,1.438
2026,5,May,2,West Bengal,1472,SERAMPORE,8.87,7.105,1.452
2026,6,June,1,West Bengal,1472,SERAMPORE,8.849,7.103,1.463
2026,6,June,2,West Bengal,1472,SERAMPORE,8.801,7.103,1.473
2026,7,July,1,West Bengal,1472,SERAMPORE,8.737,7.105,1.493
2026,7,July,2,West Bengal,1472,SERAMPORE,8.697,7.105,1.509
2026,8,August,1,West Bengal,1472,SERAMPORE,8.681,7.104,1.517
2026,8,August,2,West Bengal,1472,SERAMPORE,8.681,7.103,1.524
2026,9,September,1,West Bengal,1472,SERAMPORE,8.688,7.102,1.528
2026,9,September,2,West Bengal,1472,SERAMPORE,8.697,7.101,1.531
2026,10,October,1,West Bengal,1472,SERAMPORE,8.704,7.1,1.532
2026,10,October,2,West Bengal,1472,SERAMPORE,8.71,7.099,1.532
2026,11,November,1,West Bengal,1472,SERAMPORE,8.713,7.098,1.532
2026,11,November,2,West Bengal,1472,SERAMPORE,8.715,7.097,1.532
2026,12,December,1,West Bengal,1472,SERAMPORE,8.716,7.097,1.532
2026,12,December,2,West Bengal,1472,SERAMPORE,8.716,7.096,1.532
2026,1,January,1,Bihar,1815,MOKAMA D/S ,7.484,7.58,1.535
2026,1,January,2,Bihar,1815,MOKAMA D/S ,7.435,7.578,1.618
2026,2,February,1,Bihar,1815,MOKAMA D/S ,7.419,7.578,1.65
2026,2,February,2,Bihar,1815,MOKAMA D/S ,7.419,7.58,1.666
2026,3,March,1,Bihar,1815,MOKAMA D/S ,7.433,7.579,1.681
2026,3,March,2,Bihar,1815,MOKAMA D/S ,7.433,7.583,1.685
2026,4,April,1,Bihar,1815,MOKAMA D/S ,7.416,7.572,1.656
2026,4,April,2,Bihar,1815,MOKAMA D/S ,7.414,7.571,1.649
2026,5,May,1,Bihar,1815,MOKAMA D/S ,7.421,7.574,1.654
2026,5,May,2,Bihar,1815,MOKAMA D/S ,7.425,7.576,1.658
2026,6,June,1,Bihar,1815,MOKAMA D/S ,7.424,7.575,1.656
2026,6,June,2,Bihar,1815,MOKAMA D/S ,7.283,7.487,1.557
2026,7,July,1,Bihar,1815,MOKAMA D/S ,7.269,7.474,1.531
2026,7,July,2,Bihar,1815,MOKAMA D/S ,7.266,7.47,1.521
2026,8,August,1,Bihar,1815,MOKAMA D/S ,7.266,7.467,1.515
2026,8,August,2,Bihar,1815,MOKAMA D/S ,7.265,7.463,1.51
2026,9,September,1,Bihar,1815,MOKAMA D/S ,7.265,7.459,1.505
2026,9,September,2,Bihar,1815,MOKAMA D/S ,7.264,7.456,1.499
2026,10,October,1,Bihar,1815,MOKAMA D/S ,7.264,7.451,1.493
2026,10,October,2,Bihar,1815,MOKAMA D/S ,7.264,7.447,1.487
2026,11,November,1,Bihar,1815,MOKAMA D/S ,7.266,7.441,1.481
2026,11,November,2,Bihar,1815,MOKAMA D/S ,7.268,7.435,1.475
2026,12,December,1,Bihar,1815,MOKAMA D/S ,7.272,7.428,1.469
2026,12,December,2,Bihar,1815,MOKAMA D/S ,7.278,7.419,1.462
2026,1,January,1,Bihar,1816,KAHALGAON,8.328,7.59,1.582
2026,1,January,2,Bihar,1816,KAHALGAON,7.784,7.624,1.583
2026,2,February,1,Bihar,1816,KAHALGAON,7.563,7.615,1.655
2026,2,February,2,Bihar,1816,KAHALGAON,7.487,7.618,1.706
2026,3,March,1,Bihar,1816,KAHALGAON,7.454,7.621,1.728
2026,3,March,2,Bihar,1816,KAHALGAON,7.433,7.626,1.735
2026,4,April,1,Bihar,1816,KAHALGAON,7.423,7.621,1.732
2026,4,April,2,Bihar,1816,KAHALGAON,7.432,7.622,1.744
2026,5,May,1,Bihar,1816,KAHALGAON,7.44,7.622,1.75
2026,5,May,2,Bihar,1816,KAHALGAON,7.448,7.615,1.738
2026,6,June,1,Bihar,1816,KAHALGAON,7.441,7.613,1.729
2026,6,June,2,Bihar,1816,KAHALGAON,7.372,7.52,1.656
2026,7,July,1,Bihar,1816,KAHALGAON,7.333,7.502,1.601
2026,7,July,2,Bihar,1816,KAHALGAON,7.299,7.491,1.567
2026,8,August,1,Bihar,1816,KAHALGAON,7.284,7.485,1.553
2026,8,August,2,Bihar,1816,KAHALGAON,7.278,7.481,1.544
2026,9,September,1,Bihar,1816,KAHALGAON,7.275,7.477,1.536
2026,9,September,2,Bihar,1816,KAHALGAON,7.273,7.472,1.527
2026,10,October,1,Bihar,1816,KAHALGAON,7.271,7.466,1.519
2026,10,October,2,Bihar,1816,KAHALGAON,7.27,7.46,1.511
2026,11,November,1,Bihar,1816,KAHALGAON,7.27,7.454,1.503
2026,11,November,2,Bihar,1816,KAHALGAON,7.271,7.446,1.494
2026,12,December,1,Bihar,1816,KAHALGAON,7.273,7.438,1.485
2026,12,December,2,Bihar,1816,KAHALGAON,7.276,7.429,1.475
2026,1,January,1,Bihar,1817,U/S MOKAMA,7.604,7.541,1.496
2026,1,January,2,Bihar,1817,U/S MOKAMA,7.438,7.557,1.576
2026,2,February,1,Bihar,1817,U/S MOKAMA,7.381,7.559,1.615
2026,2,February,2,Bihar,1817,U/S MOKAMA,7.369,7.559,1.633
2026,3,March,1,Bihar,1817,U/S MOKAMA,7.372,7.562,1.646
2026,3,March,2,Bihar,1817,U/S MOKAMA,7.368,7.562,1.646
2026,4,April,1,Bihar,1817,U/S MOKAMA,7.381,7.568,1.662
2026,4,April,2,Bihar,1817,U/S MOKAMA,7.382,7.57,1.665
2026,5,May,1,Bihar,1817,U/S MOKAMA,7.379,7.572,1.666
2026,5,May,2,Bihar,1817,U/S MOKAMA,7.374,7.574,1.667
2026,6,June,1,Bihar,1817,U/S MOKAMA,7.385,7.575,1.674
2026,6,June,2,Bihar,1817,U/S MOKAMA,7.279,7.48,1.558
2026,7,July,1,Bihar,1817,U/S MOKAMA,7.269,7.469,1.525
2026,7,July,2,Bihar,1817,U/S MOKAMA,7.263,7.467,1.514
2026,8,August,1,Bihar,1817,U/S MOKAMA,7.261,7.464,1.509
2026,8,August,2,Bihar,1817,U/S MOKAMA,7.261,7.461,1.506
2026,9,September,1,Bihar,1817,U/S MOKAMA,7.261,7.458,1.502
2026,9,September,2,Bihar,1817,U/S MOKAMA,7.262,7.455,1.497
2026,10,October,1,Bihar,1817,U/S MOKAMA,7.263,7.451,1.493
2026,10,October,2,Bihar,1817,U/S MOKAMA,7.264,7.446,1.487
2026,11,November,1,Bihar,1817,U/S MOKAMA,7.265,7.441,1.481
2026,11,November,2,Bihar,1817,U/S MOKAMA,7.268,7.434,1.474
2026,12,December,1,Bihar,1817,U/S MOKAMA,7.272,7.427,1.468
2026,12,December,2,Bihar,1817,U/S MOKAMA,7.279,7.418,1.461
2026,1,January,1,Bihar,1818,MUNGER D/S,7.734,7.539,1.428
2026,1,January,2,Bihar,1818,MUNGER D/S,7.525,7.56,1.512
2026,2,February,1,Bihar,1818,MUNGER D/S,7.439,7.565,1.554
2026,2,February,2,Bihar,1818,MUNGER D/S,7.406,7.564,1.573
2026,3,March,1,Bihar,1818,MUNGER D/S,7.397,7.569,1.581
2026,3,March,2,Bihar,1818,MUNGER D/S,7.363,7.546,1.532
2026,4,April,1,Bihar,1818,MUNGER D/S,7.352,7.542,1.514
2026,4,April,2,Bihar,1818,MUNGER D/S,7.368,7.536,1.507
2026,5,May,1,Bihar,1818,MUNGER D/S,7.394,7.533,1.514
2026,5,May,2,Bihar,1818,MUNGER D/S,7.399,7.534,1.513
2026,6,June,1,Bihar,1818,MUNGER D/S,7.411,7.53,1.516
2026,6,June,2,Bihar,1818,MUNGER D/S,7.289,7.469,1.467
2026,7,July,1,Bihar,1818,MUNGER D/S,7.25,7.463,1.471
2026,7,July,2,Bihar,1818,MUNGER D/S,7.237,7.461,1.476
2026,8,August,1,Bihar,1818,MUNGER D/S,7.235,7.458,1.477
2026,8,August,2,Bihar,1818,MUNGER D/S,7.235,7.455,1.475
2026,9,September,1,Bihar,1818,MUNGER D/S,7.236,7.452,1.472
2026,9,September,2,Bihar,1818,MUNGER D/S,7.239,7.448,1.469
2026,10,October,1,Bihar,1818,MUNGER D/S,7.242,7.444,1.466
2026,10,October,2,Bihar,1818,MUNGER D/S,7.246,7.439,1.463
2026,11,November,1,Bihar,1818,MUNGER D/S,7.251,7.435,1.461
2026,11,November,2,Bihar,1818,MUNGER D/S,7.257,7.43,1.458
2026,12,December,1,Bihar,1818,MUNGER D/S,7.264,7.424,1.454
2026,12,December,2,Bihar,1818,MUNGER D/S,7.272,7.417,1.451
2026,1,January,1,Bihar,1819,BHAGALPUR,8.135,7.496,1.434
2026,1,January,2,Bihar,1819,BHAGALPUR,7.696,7.555,1.499
2026,2,February,1,Bihar,1819,BHAGALPUR,7.536,7.561,1.563
2026,2,February,2,Bihar,1819,BHAGALPUR,7.463,7.563,1.598
2026,3,March,1,Bihar,1819,BHAGALPUR,7.412,7.571,1.613
2026,3,March,2,Bihar,1819,BHAGALPUR,7.381,7.565,1.608
2026,4,April,1,Bihar,1819,BHAGALPUR,7.375,7.564,1.611
2026,4,April,2,Bihar,1819,BHAGALPUR,7.368,7.557,1.601
2026,5,May,1,Bihar,1819,BHAGALPUR,7.372,7.55,1.589
2026,5,May,2,Bihar,1819,BHAGALPUR,7.364,7.549,1.58
2026,6,June,1,Bihar,1819,BHAGALPUR,7.382,7.55,1.592
2026,6,June,2,Bihar,1819,BHAGALPUR,7.338,7.471,1.546
2026,7,July,1,Bihar,1819,BHAGALPUR,7.296,7.463,1.504
2026,7,July,2,Bihar,1819,BHAGALPUR,7.268,7.461,1.494
2026,8,August,1,Bihar,1819,BHAGALPUR,7.256,7.459,1.492
2026,8,August,2,Bihar,1819,BHAGALPUR,7.253,7.457,1.491
2026,9,September,1,Bihar,1819,BHAGALPUR,7.252,7.454,1.488
2026,9,September,2,Bihar,1819,BHAGALPUR,7.253,7.45,1.484
2026,10,October,1,Bihar,1819,BHAGALPUR,7.255,7.445,1.48
2026,10,October,2,Bihar,1819,BHAGALPUR,7.258,7.44,1.475
2026,11,November,1,Bihar,1819,BHAGALPUR,7.262,7.435,1.47
2026,11,November,2,Bihar,1819,BHAGALPUR,7.267,7.429,1.466
2026,12,December,1,Bihar,1819,BHAGALPUR,7.274,7.422,1.461
2026,12,December,2,Bihar,1819,BHAGALPUR,7.282,7.414,1.457
2026,1,January,1,Uttar Pradesh,2485,"U/S, VINDHYACHAL (MIRZAPUR)",9.023,8.274,2.424
2026,1,January,2,Uttar Pradesh,2485,"U/S, VINDHYACHAL (MIRZAPUR)",9.309,8.311,2.406
2026,2,February,1,Uttar Pradesh,2485,"U/S, VINDHYACHAL (MIRZAPUR)",9.433,8.318,2.357
2026,2,February,2,Uttar Pradesh,2485,"U/S, VINDHYACHAL (MIRZAPUR)",9.477,8.317,2.315
2026,3,March,1,Uttar Pradesh,2485,"U/S, VINDHYACHAL (MIRZAPUR)",9.429,8.305,2.3
2026,3,March,2,Uttar Pradesh,2485,"U/S, VINDHYACHAL (MIRZAPUR)",9.302,8.29,2.353
2026,4,April,1,Uttar Pradesh,2485,"U/S, VINDHYACHAL (MIRZAPUR)",9.147,8.274,2.445
2026,4,April,2,Uttar Pradesh,2485,"U/S, VINDHYACHAL (MIRZAPUR)",8.912,8.242,2.559
2026,5,May,1,Uttar Pradesh,2485,"U/S, VINDHYACHAL (MIRZAPUR)",8.682,8.207,2.636
2026,5,May,2,Uttar Pradesh,2485,"U/S, VINDHYACHAL (MIRZAPUR)",8.486,8.17,2.676
2026,6,June,1,Uttar Pradesh,2485,"U/S, VINDHYACHAL (MIRZAPUR)",8.363,8.145,2.696
2026,6,June,2,Uttar Pradesh,2485,"U/S, VINDHYACHAL (MIRZAPUR)",8.308,8.135,2.707
2026,7,July,1,Uttar Pradesh,2485,"U/S, VINDHYACHAL (MIRZAPUR)",8.295,8.134,2.718
2026,7,July,2,Uttar Pradesh,2485,"U/S, VINDHYACHAL (MIRZAPUR)",8.318,8.141,2.729
2026,8,August,1,Uttar Pradesh,2485,"U/S, VINDHYACHAL (MIRZAPUR)",8.362,8.152,2.74
2026,8,August,2,Uttar Pradesh,2485,"U/S, VINDHYACHAL (MIRZAPUR)",8.415,8.164,2.751
2026,9,September,1,Uttar Pradesh,2485,"U/S, VINDHYACHAL (MIRZAPUR)",8.476,8.175,2.762
2026,9,September,2,Uttar Pradesh,2485,"U/S, VINDHYACHAL (MIRZAPUR)",8.538,8.185,2.772
2026,10,October,1,Uttar Pradesh,2485,"U/S, VINDHYACHAL (MIRZAPUR)",8.604,8.195,2.781
2026,10,October,2,Uttar Pradesh,2485,"U/S, VINDHYACHAL (MIRZAPUR)",8.669,8.205,2.789
2026,11,November,1,Uttar Pradesh,2485,"U/S, VINDHYACHAL (MIRZAPUR)",8.731,8.214,2.795
2026,11,November,2,Uttar Pradesh,2485,"U/S, VINDHYACHAL (MIRZAPUR)",8.779,8.22,2.8
2026,12,December,1,Uttar Pradesh,2485,"U/S, VINDHYACHAL (MIRZAPUR)",8.807,8.223,2.806
2026,12,December,2,Uttar Pradesh,2485,"U/S, VINDHYACHAL (MIRZAPUR)",8.809,8.222,2.813
2026,1,January,1,Uttar Pradesh,2486,"D/S, MIRZAPUR",7.862,8.006,3.581
2026,1,January,2,Uttar Pradesh,2486,"D/S, MIRZAPUR",7.833,7.999,3.575
2026,2,February,1,Uttar Pradesh,2486,"D/S, MIRZAPUR",7.761,7.985,3.596
2026,2,February,2,Uttar Pradesh,2486,"D/S, MIRZAPUR",7.661,7.961,3.624
2026,3,March,1,Uttar Pradesh,2486,"D/S, MIRZAPUR",7.524,7.941,3.656
2026,3,March,2,Uttar Pradesh,2486,"D/S, MIRZAPUR",7.369,7.917,3.682
2026,4,April,1,Uttar Pradesh,2486,"D/S, MIRZAPUR",7.205,7.895,3.694
2026,4,April,2,Uttar Pradesh,2486,"D/S, MIRZAPUR",7.026,7.874,3.693
2026,5,May,1,Uttar Pradesh,2486,"D/S, MIRZAPUR",6.854,7.859,3.676
2026,5,May,2,Uttar Pradesh,2486,"D/S, MIRZAPUR",6.724,7.847,3.658
2026,6,June,1,Uttar Pradesh,2486,"D/S, MIRZAPUR",6.641,7.839,3.643
2026,6,June,2,Uttar Pradesh,2486,"D/S, MIRZAPUR",6.598,7.832,3.631
2026,7,July,1,Uttar Pradesh,2486,"D/S, MIRZAPUR",6.574,7.835,3.62
2026,7,July,2,Uttar Pradesh,2486,"D/S, MIRZAPUR",6.565,7.837,3.605
2026,8,August,1,Uttar Pradesh,2486,"D/S, MIRZAPUR",6.565,7.84,3.585
2026,8,August,2,Uttar Pradesh,2486,"D/S, MIRZAPUR",6.577,7.844,3.559
2026,9,September,1,Uttar Pradesh,2486,"D/S, MIRZAPUR",6.6,7.851,3.522
2026,9,September,2,Uttar Pradesh,2486,"D/S, MIRZAPUR",6.644,7.863,3.476
2026,10,October,1,Uttar Pradesh,2486,"D/S, MIRZAPUR",6.706,7.879,3.427
2026,10,October,2,Uttar Pradesh,2486,"D/S, MIRZAPUR",6.79,7.901,3.377
2026,11,November,1,Uttar Pradesh,2486,"D/S, MIRZAPUR",6.89,7.926,3.332
2026,11,November,2,Uttar Pradesh,2486,"D/S, MIRZAPUR",7.008,7.952,3.291
2026,12,December,1,Uttar Pradesh,2486,"D/S, MIRZAPUR",7.155,7.981,3.261
2026,12,December,2,Uttar Pradesh,2486,"D/S, MIRZAPUR",7.334,8.012,3.234
2026,1,January,1,Uttar Pradesh,2487,KADAGHAT (KAUSHAMBI),9.187,8.3,2.511
2026,1,January,2,Uttar Pradesh,2487,KADAGHAT (KAUSHAMBI),9.29,8.304,2.517
2026,2,February,1,Uttar Pradesh,2487,KADAGHAT (KAUSHAMBI),9.229,8.292,2.549
2026,2,February,2,Uttar Pradesh,2487,KADAGHAT (KAUSHAMBI),9.132,8.277,2.593
2026,3,March,1,Uttar Pradesh,2487,KADAGHAT (KAUSHAMBI),9.027,8.262,2.637
2026,3,March,2,Uttar Pradesh,2487,KADAGHAT (KAUSHAMBI),8.904,8.245,2.682
2026,4,April,1,Uttar Pradesh,2487,KADAGHAT (KAUSHAMBI),8.762,8.223,2.717
2026,4,April,2,Uttar Pradesh,2487,KADAGHAT (KAUSHAMBI),8.612,8.196,2.736
2026,5,May,1,Uttar Pradesh,2487,KADAGHAT (KAUSHAMBI),8.486,8.17,2.746
2026,5,May,2,Uttar Pradesh,2487,KADAGHAT (KAUSHAMBI),8.396,8.151,2.757
2026,6,June,1,Uttar Pradesh,2487,KADAGHAT (KAUSHAMBI),8.36,8.146,2.771
2026,6,June,2,Uttar Pradesh,2487,KADAGHAT (KAUSHAMBI),8.362,8.148,2.784
2026,7,July,1,Uttar Pradesh,2487,KADAGHAT (KAUSHAMBI),8.385,8.154,2.796
2026,7,July,2,Uttar Pradesh,2487,KADAGHAT (KAUSHAMBI),8.421,8.162,2.805
2026,8,August,1,Uttar Pradesh,2487,KADAGHAT (KAUSHAMBI),8.468,8.17,2.813
2026,8,August,2,Uttar Pradesh,2487,KADAGHAT (KAUSHAMBI),8.518,8.178,2.819
2026,9,September,1,Uttar Pradesh,2487,KADAGHAT (KAUSHAMBI),8.571,8.186,2.823
2026,9,September,2,Uttar Pradesh,2487,KADAGHAT (KAUSHAMBI),8.625,8.194,2.826
2026,10,October,1,Uttar Pradesh,2487,KADAGHAT (KAUSHAMBI),8.677,8.201,2.829
2026,10,October,2,Uttar Pradesh,2487,KADAGHAT (KAUSHAMBI),8.722,8.208,2.832
2026,11,November,1,Uttar Pradesh,2487,KADAGHAT (KAUSHAMBI),8.754,8.212,2.834
2026,11,November,2,Uttar Pradesh,2487,KADAGHAT (KAUSHAMBI),8.77,8.213,2.838
2026,12,December,1,Uttar Pradesh,2487,KADAGHAT (KAUSHAMBI),8.766,8.212,2.843
2026,12,December,2,Uttar Pradesh,2487,KADAGHAT (KAUSHAMBI),8.746,8.208,2.85
2026,1,January,1,Uttar Pradesh,2488,U/S ANOOPSHAHAR,8.519,7.198,1.321
2026,1,January,2,Uttar Pradesh,2488,U/S ANOOPSHAHAR,8.48,7.182,1.365
2026,2,February,1,Uttar Pradesh,2488,U/S ANOOPSHAHAR,8.437,7.176,1.378
2026,2,February,2,Uttar Pradesh,2488,U/S ANOOPSHAHAR,8.393,7.177,1.384
2026,3,March,1,Uttar Pradesh,2488,U/S ANOOPSHAHAR,8.383,7.177,1.389
2026,3,March,2,Uttar Pradesh,2488,U/S ANOOPSHAHAR,8.379,7.178,1.39
2026,4,April,1,Uttar Pradesh,2488,U/S ANOOPSHAHAR,8.375,7.178,1.389
2026,4,April,2,Uttar Pradesh,2488,U/S ANOOPSHAHAR,8.396,7.163,1.407
2026,5,May,1,Uttar Pradesh,2488,U/S ANOOPSHAHAR,8.44,7.129,1.458
2026,5,May,2,Uttar Pradesh,2488,U/S ANOOPSHAHAR,8.451,7.116,1.474
2026,6,June,1,Uttar Pradesh,2488,U/S ANOOPSHAHAR,8.446,7.112,1.479
2026,6,June,2,Uttar Pradesh,2488,U/S ANOOPSHAHAR,8.453,7.109,1.485
2026,7,July,1,Uttar Pradesh,2488,U/S ANOOPSHAHAR,8.473,7.104,1.495
2026,7,July,2,Uttar Pradesh,2488,U/S ANOOPSHAHAR,8.488,7.101,1.499
2026,8,August,1,Uttar Pradesh,2488,U/S ANOOPSHAHAR,8.502,7.099,1.502
2026,8,August,2,Uttar Pradesh,2488,U/S ANOOPSHAHAR,8.516,7.098,1.504
2026,9,September,1,Uttar Pradesh,2488,U/S ANOOPSHAHAR,8.532,7.097,1.506
2026,9,September,2,Uttar Pradesh,2488,U/S ANOOPSHAHAR,8.548,7.096,1.509
2026,10,October,1,Uttar Pradesh,2488,U/S ANOOPSHAHAR,8.566,7.095,1.513
2026,10,October,2,Uttar Pradesh,2488,U/S ANOOPSHAHAR,8.585,7.094,1.516
2026,11,November,1,Uttar Pradesh,2488,U/S ANOOPSHAHAR,8.604,7.094,1.52
2026,11,November,2,Uttar Pradesh,2488,U/S ANOOPSHAHAR,8.618,7.093,1.521
2026,12,December,1,Uttar Pradesh,2488,U/S ANOOPSHAHAR,8.63,7.093,1.522
2026,12,December,2,Uttar Pradesh,2488,U/S ANOOPSHAHAR,8.64,7.093,1.523
2026,1,January,1,Uttar Pradesh,2489,ANOOPSHAHAR D/S,8.783,7.161,1.369
2026,1,January,2,Uttar Pradesh,2489,ANOOPSHAHAR D/S,8.677,7.134,1.424
2026,2,February,1,Uttar Pradesh,2489,ANOOPSHAHAR D/S,8.615,7.125,1.451
2026,2,February,2,Uttar Pradesh,2489,ANOOPSHAHAR D/S,8.571,7.123,1.464
2026,3,March,1,Uttar Pradesh,2489,ANOOPSHAHAR D/S,8.565,7.121,1.476
2026,3,March,2,Uttar Pradesh,2489,ANOOPSHAHAR D/S,8.573,7.119,1.483
2026,4,April,1,Uttar Pradesh,2489,ANOOPSHAHAR D/S,8.579,7.119,1.487
2026,4,April,2,Uttar Pradesh,2489,ANOOPSHAHAR D/S,8.593,7.117,1.49
2026,5,May,1,Uttar Pradesh,2489,ANOOPSHAHAR D/S,8.606,7.116,1.492
2026,5,May,2,Uttar Pradesh,2489,ANOOPSHAHAR D/S,8.615,7.113,1.495
2026,6,June,1,Uttar Pradesh,2489,ANOOPSHAHAR D/S,8.62,7.111,1.495
2026,6,June,2,Uttar Pradesh,2489,ANOOPSHAHAR D/S,8.634,7.109,1.501
2026,7,July,1,Uttar Pradesh,2489,ANOOPSHAHAR D/S,8.634,7.101,1.512
2026,7,July,2,Uttar Pradesh,2489,ANOOPSHAHAR D/S,8.635,7.097,1.518
2026,8,August,1,Uttar Pradesh,2489,ANOOPSHAHAR D/S,8.639,7.096,1.522
2026,8,August,2,Uttar Pradesh,2489,ANOOPSHAHAR D/S,8.645,7.095,1.523
2026,9,September,1,Uttar Pradesh,2489,ANOOPSHAHAR D/S,8.651,7.095,1.525
2026,9,September,2,Uttar Pradesh,2489,ANOOPSHAHAR D/S,8.658,7.095,1.526
2026,10,October,1,Uttar Pradesh,2489,ANOOPSHAHAR D/S,8.665,7.095,1.526
2026,10,October,2,Uttar Pradesh,2489,ANOOPSHAHAR D/S,8.672,7.095,1.527
2026,11,November,1,Uttar Pradesh,2489,ANOOPSHAHAR D/S,8.679,7.095,1.528
2026,11,November,2,Uttar Pradesh,2489,ANOOPSHAHAR D/S,8.685,7.095,1.529
2026,12,December,1,Uttar Pradesh,2489,ANOOPSHAHAR D/S,8.691,7.095,1.529
2026,12,December,2,Uttar Pradesh,2489,ANOOPSHAHAR D/S,8.697,7.095,1.53
2026,1,January,1,Uttar Pradesh,2490,KACHHLA GHAT (ALIGARH),9.849,7.739,1.126
2026,1,January,2,Uttar Pradesh,2490,KACHHLA GHAT (ALIGARH),9.655,7.768,1.107
2026,2,February,1,Uttar Pradesh,2490,KACHHLA GHAT (ALIGARH),9.557,7.785,1.11
2026,2,February,2,Uttar Pradesh,2490,KACHHLA GHAT (ALIGARH),9.507,7.794,1.114
2026,3,March,1,Uttar Pradesh,2490,KACHHLA GHAT (ALIGARH),9.482,7.795,1.111
2026,3,March,2,Uttar Pradesh,2490,KACHHLA GHAT (ALIGARH),9.488,7.807,1.106
2026,4,April,1,Uttar Pradesh,2490,KACHHLA GHAT (ALIGARH),9.585,7.816,1.06
2026,4,April,2,Uttar Pradesh,2490,KACHHLA GHAT (ALIGARH),9.662,7.811,1.031
2026,5,May,1,Uttar Pradesh,2490,KACHHLA GHAT (ALIGARH),9.707,7.805,1.013
2026,5,May,2,Uttar Pradesh,2490,KACHHLA GHAT (ALIGARH),9.772,7.803,0.999
2026,6,June,1,Uttar Pradesh,2490,KACHHLA GHAT (ALIGARH),9.815,7.799,0.987
2026,6,June,2,Uttar Pradesh,2490,KACHHLA GHAT (ALIGARH),9.833,7.792,0.974
2026,7,July,1,Uttar Pradesh,2490,KACHHLA GHAT (ALIGARH),9.825,7.789,0.968
2026,7,July,2,Uttar Pradesh,2490,KACHHLA GHAT (ALIGARH),9.82,7.789,0.967
2026,8,August,1,Uttar Pradesh,2490,KACHHLA GHAT (ALIGARH),9.823,7.789,0.965
2026,8,August,2,Uttar Pradesh,2490,KACHHLA GHAT (ALIGARH),9.832,7.789,0.963
2026,9,September,1,Uttar Pradesh,2490,KACHHLA GHAT (ALIGARH),9.844,7.789,0.959
2026,9,September,2,Uttar Pradesh,2490,KACHHLA GHAT (ALIGARH),9.859,7.788,0.956
2026,10,October,1,Uttar Pradesh,2490,KACHHLA GHAT (ALIGARH),9.874,7.787,0.952
2026,10,October,2,Uttar Pradesh,2490,KACHHLA GHAT (ALIGARH),9.887,7.786,0.949
2026,11,November,1,Uttar Pradesh,2490,KACHHLA GHAT (ALIGARH),9.896,7.785,0.947
2026,11,November,2,Uttar Pradesh,2490,KACHHLA GHAT (ALIGARH),9.903,7.785,0.946
2026,12,December,1,Uttar Pradesh,2490,KACHHLA GHAT (ALIGARH),9.909,7.784,0.944
2026,12,December,2,Uttar Pradesh,2490,KACHHLA GHAT (ALIGARH),9.912,7.783,0.943
2026,1,January,1,Uttar Pradesh,2498,KALA KANKAR (PRATAPGARH),9.153,8.133,2.231
2026,1,January,2,Uttar Pradesh,2498,KALA KANKAR (PRATAPGARH),8.893,8.17,2.428
2026,2,February,1,Uttar Pradesh,2498,KALA KANKAR (PRATAPGARH),8.741,8.179,2.591
2026,2,February,2,Uttar Pradesh,2498,KALA KANKAR (PRATAPGARH),8.63,8.173,2.688
2026,3,March,1,Uttar Pradesh,2498,KALA KANKAR (PRATAPGARH),8.463,8.148,2.743
2026,3,March,2,Uttar Pradesh,2498,KALA KANKAR (PRATAPGARH),8.331,8.128,2.759
2026,4,April,1,Uttar Pradesh,2498,KALA KANKAR (PRATAPGARH),8.247,8.113,2.752
2026,4,April,2,Uttar Pradesh,2498,KALA KANKAR (PRATAPGARH),8.208,8.104,2.742
2026,5,May,1,Uttar Pradesh,2498,KALA KANKAR (PRATAPGARH),8.189,8.099,2.736
2026,5,May,2,Uttar Pradesh,2498,KALA KANKAR (PRATAPGARH),8.195,8.1,2.734
2026,6,June,1,Uttar Pradesh,2498,KALA KANKAR (PRATAPGARH),8.237,8.112,2.744
2026,6,June,2,Uttar Pradesh,2498,KALA KANKAR (PRATAPGARH),8.296,8.127,2.749
2026,7,July,1,Uttar Pradesh,2498,KALA KANKAR (PRATAPGARH),8.398,8.153,2.766
2026,7,July,2,Uttar Pradesh,2498,KALA KANKAR (PRATAPGARH),8.512,8.178,2.781
2026,8,August,1,Uttar Pradesh,2498,KALA KANKAR (PRATAPGARH),8.628,8.199,2.792
2026,8,August,2,Uttar Pradesh,2498,KALA KANKAR (PRATAPGARH),8.739,8.216,2.797
2026,9,September,1,Uttar Pradesh,2498,KALA KANKAR (PRATAPGARH),8.831,8.229,2.797
2026,9,September,2,Uttar Pradesh,2498,KALA KANKAR (PRATAPGARH),8.89,8.237,2.796
2026,10,October,1,Uttar Pradesh,2498,KALA KANKAR (PRATAPGARH),8.913,8.239,2.797
2026,10,October,2,Uttar Pradesh,2498,KALA KANKAR (PRATAPGARH),8.903,8.236,2.804
2026,11,November,1,Uttar Pradesh,2498,KALA KANKAR (PRATAPGARH),8.867,8.23,2.815
2026,11,November,2,Uttar Pradesh,2498,KALA KANKAR (PRATAPGARH),8.811,8.221,2.829
2026,12,December,1,Uttar Pradesh,2498,KALA KANKAR (PRATAPGARH),8.742,8.209,2.843
2026,12,December,2,Uttar Pradesh,2498,KALA KANKAR (PRATAPGARH),8.666,8.196,2.856
2026,1,January,1,West Bengal,2506,"TRIBENI, NEAR BURNING GHAT",7.929,7.213,1.647
2026,1,January,2,West Bengal,2506,"TRIBENI, NEAR BURNING GHAT",8.261,7.224,1.507
2026,2,February,1,West Bengal,2506,"TRIBENI, NEAR BURNING GHAT",8.436,7.198,1.433
2026,2,February,2,West Bengal,2506,"TRIBENI, NEAR BURNING GHAT",8.546,7.175,1.401
2026,3,March,1,West Bengal,2506,"TRIBENI, NEAR BURNING GHAT",8.618,7.159,1.393
2026,3,March,2,West Bengal,2506,"TRIBENI, NEAR BURNING GHAT",8.662,7.15,1.385
2026,4,April,1,West Bengal,2506,"TRIBENI, NEAR BURNING GHAT",8.684,7.145,1.382
2026,4,April,2,West Bengal,2506,"TRIBENI, NEAR BURNING GHAT",8.711,7.141,1.383
2026,5,May,1,West Bengal,2506,"TRIBENI, NEAR BURNING GHAT",8.737,7.118,1.402
2026,5,May,2,West Bengal,2506,"TRIBENI, NEAR BURNING GHAT",8.728,7.106,1.437
2026,6,June,1,West Bengal,2506,"TRIBENI, NEAR BURNING GHAT",8.696,7.102,1.453
2026,6,June,2,West Bengal,2506,"TRIBENI, NEAR BURNING GHAT",8.64,7.102,1.465
2026,7,July,1,West Bengal,2506,"TRIBENI, NEAR BURNING GHAT",8.604,7.102,1.49
2026,7,July,2,West Bengal,2506,"TRIBENI, NEAR BURNING GHAT",8.589,7.102,1.504
2026,8,August,1,West Bengal,2506,"TRIBENI, NEAR BURNING GHAT",8.59,7.101,1.512
2026,8,August,2,West Bengal,2506,"TRIBENI, NEAR BURNING GHAT",8.598,7.1,1.517
2026,9,September,1,West Bengal,2506,"TRIBENI, NEAR BURNING GHAT",8.609,7.099,1.52
2026,9,September,2,West Bengal,2506,"TRIBENI, NEAR BURNING GHAT",8.62,7.098,1.522
2026,10,October,1,West Bengal,2506,"TRIBENI, NEAR BURNING GHAT",8.631,7.098,1.524
2026,10,October,2,West Bengal,2506,"TRIBENI, NEAR BURNING GHAT",8.643,7.097,1.525
2026,11,November,1,West Bengal,2506,"TRIBENI, NEAR BURNING GHAT",8.654,7.096,1.527
2026,11,November,2,West Bengal,2506,"TRIBENI, NEAR BURNING GHAT",8.664,7.095,1.527
2026,12,December,1,West Bengal,2506,"TRIBENI, NEAR BURNING GHAT",8.671,7.095,1.527
2026,12,December,2,West Bengal,2506,"TRIBENI, NEAR BURNING GHAT",8.677,7.095,1.527
2026,1,January,1,West Bengal,2511,"NABADIP,GHOSHPARA NEAR MONIPURGHAT",8.523,7.093,1.85
2026,1,January,2,West Bengal,2511,"NABADIP,GHOSHPARA NEAR MONIPURGHAT",8.805,7.129,1.501
2026,2,February,1,West Bengal,2511,"NABADIP,GHOSHPARA NEAR MONIPURGHAT",8.855,7.151,1.418
2026,2,February,2,West Bengal,2511,"NABADIP,GHOSHPARA NEAR MONIPURGHAT",8.875,7.152,1.402
2026,3,March,1,West Bengal,2511,"NABADIP,GHOSHPARA NEAR MONIPURGHAT",8.892,7.151,1.389
2026,3,March,2,West Bengal,2511,"NABADIP,GHOSHPARA NEAR MONIPURGHAT",8.902,7.148,1.379
2026,4,April,1,West Bengal,2511,"NABADIP,GHOSHPARA NEAR MONIPURGHAT",8.917,7.142,1.377
2026,4,April,2,West Bengal,2511,"NABADIP,GHOSHPARA NEAR MONIPURGHAT",8.922,7.124,1.426
2026,5,May,1,West Bengal,2511,"NABADIP,GHOSHPARA NEAR MONIPURGHAT",8.917,7.117,1.446
2026,5,May,2,West Bengal,2511,"NABADIP,GHOSHPARA NEAR MONIPURGHAT",8.905,7.108,1.467
2026,6,June,1,West Bengal,2511,"NABADIP,GHOSHPARA NEAR MONIPURGHAT",8.887,7.105,1.482
2026,6,June,2,West Bengal,2511,"NABADIP,GHOSHPARA NEAR MONIPURGHAT",8.838,7.104,1.49
2026,7,July,1,West Bengal,2511,"NABADIP,GHOSHPARA NEAR MONIPURGHAT",8.771,7.106,1.504
2026,7,July,2,West Bengal,2511,"NABADIP,GHOSHPARA NEAR MONIPURGHAT",8.731,7.106,1.516
2026,8,August,1,West Bengal,2511,"NABADIP,GHOSHPARA NEAR MONIPURGHAT",8.714,7.106,1.523
2026,8,August,2,West Bengal,2511,"NABADIP,GHOSHPARA NEAR MONIPURGHAT",8.709,7.105,1.527
2026,9,September,1,West Bengal,2511,"NABADIP,GHOSHPARA NEAR MONIPURGHAT",8.711,7.104,1.529
2026,9,September,2,West Bengal,2511,"NABADIP,GHOSHPARA NEAR MONIPURGHAT",8.715,7.102,1.531
2026,10,October,1,West Bengal,2511,"NABADIP,GHOSHPARA NEAR MONIPURGHAT",8.721,7.101,1.532
2026,10,October,2,West Bengal,2511,"NABADIP,GHOSHPARA NEAR MONIPURGHAT",8.727,7.1,1.534
2026,11,November,1,West Bengal,2511,"NABADIP,GHOSHPARA NEAR MONIPURGHAT",8.73,7.099,1.534
2026,11,November,2,West Bengal,2511,"NABADIP,GHOSHPARA NEAR MONIPURGHAT",8.732,7.098,1.534
2026,12,December,1,West Bengal,2511,"NABADIP,GHOSHPARA NEAR MONIPURGHAT",8.732,7.097,1.534
2026,12,December,2,West Bengal,2511,"NABADIP,GHOSHPARA NEAR MONIPURGHAT",8.73,7.097,1.533
2026,1,January,1,Bihar,2551,"BUXAR, RAMREKHAGHAT",7.765,7.745,1.529
2026,1,January,2,Bihar,2551,"BUXAR, RAMREKHAGHAT",7.433,7.609,1.642
2026,2,February,1,Bihar,2551,"BUXAR, RAMREKHAGHAT",7.355,7.602,1.73
2026,2,February,2,Bihar,2551,"BUXAR, RAMREKHAGHAT",7.343,7.604,1.764
2026,3,March,1,Bihar,2551,"BUXAR, RAMREKHAGHAT",7.332,7.606,1.769
2026,3,March,2,Bihar,2551,"BUXAR, RAMREKHAGHAT",7.33,7.608,1.772
2026,4,April,1,Bihar,2551,"BUXAR, RAMREKHAGHAT",7.341,7.613,1.787
2026,4,April,2,Bihar,2551,"BUXAR, RAMREKHAGHAT",7.327,7.602,1.77
2026,5,May,1,Bihar,2551,"BUXAR, RAMREKHAGHAT",7.323,7.605,1.773
2026,5,May,2,Bihar,2551,"BUXAR, RAMREKHAGHAT",7.319,7.589,1.729
2026,6,June,1,Bihar,2551,"BUXAR, RAMREKHAGHAT",7.301,7.585,1.705
2026,6,June,2,Bihar,2551,"BUXAR, RAMREKHAGHAT",7.306,7.586,1.704
2026,7,July,1,Bihar,2551,"BUXAR, RAMREKHAGHAT",7.266,7.521,1.626
2026,7,July,2,Bihar,2551,"BUXAR, RAMREKHAGHAT",7.266,7.496,1.585
2026,8,August,1,Bihar,2551,"BUXAR, RAMREKHAGHAT",7.269,7.489,1.563
2026,8,August,2,Bihar,2551,"BUXAR, RAMREKHAGHAT",7.27,7.484,1.548
2026,9,September,1,Bihar,2551,"BUXAR, RAMREKHAGHAT",7.268,7.48,1.538
2026,9,September,2,Bihar,2551,"BUXAR, RAMREKHAGHAT",7.266,7.476,1.528
2026,10,October,1,Bihar,2551,"BUXAR, RAMREKHAGHAT",7.263,7.47,1.52
2026,10,October,2,Bihar,2551,"BUXAR, RAMREKHAGHAT",7.261,7.464,1.511
2026,11,November,1,Bihar,2551,"BUXAR, RAMREKHAGHAT",7.261,7.458,1.503
2026,11,November,2,Bihar,2551,"BUXAR, RAMREKHAGHAT",7.261,7.452,1.494
2026,12,December,1,Bihar,2551,"BUXAR, RAMREKHAGHAT",7.262,7.446,1.486
2026,12,December,2,Bihar,2551,"BUXAR, RAMREKHAGHAT",7.264,7.439,1.478
2026,1,January,1,Bihar,2552,NIT GHANDHI GHAT ( PATNA),7.452,7.543,1.677
2026,1,January,2,Bihar,2552,NIT GHANDHI GHAT ( PATNA),7.377,7.533,1.591
2026,2,February,1,Bihar,2552,NIT GHANDHI GHAT ( PATNA),7.358,7.533,1.584
2026,2,February,2,Bihar,2552,NIT GHANDHI GHAT ( PATNA),7.36,7.518,1.581
2026,3,March,1,Bihar,2552,NIT GHANDHI GHAT ( PATNA),7.368,7.508,1.577
2026,3,March,2,Bihar,2552,NIT GHANDHI GHAT ( PATNA),7.384,7.501,1.593
2026,4,April,1,Bihar,2552,NIT GHANDHI GHAT ( PATNA),7.374,7.486,1.573
2026,4,April,2,Bihar,2552,NIT GHANDHI GHAT ( PATNA),7.38,7.479,1.567
2026,5,May,1,Bihar,2552,NIT GHANDHI GHAT ( PATNA),7.36,7.465,1.534
2026,5,May,2,Bihar,2552,NIT GHANDHI GHAT ( PATNA),7.382,7.435,1.524
2026,6,June,1,Bihar,2552,NIT GHANDHI GHAT ( PATNA),7.411,7.404,1.519
2026,6,June,2,Bihar,2552,NIT GHANDHI GHAT ( PATNA),7.376,7.409,1.496
2026,7,July,1,Bihar,2552,NIT GHANDHI GHAT ( PATNA),7.329,7.416,1.476
2026,7,July,2,Bihar,2552,NIT GHANDHI GHAT ( PATNA),7.313,7.415,1.472
2026,8,August,1,Bihar,2552,NIT GHANDHI GHAT ( PATNA),7.312,7.41,1.47
2026,8,August,2,Bihar,2552,NIT GHANDHI GHAT ( PATNA),7.319,7.402,1.468
2026,9,September,1,Bihar,2552,NIT GHANDHI GHAT ( PATNA),7.33,7.393,1.465
2026,9,September,2,Bihar,2552,NIT GHANDHI GHAT ( PATNA),7.344,7.383,1.462
2026,10,October,1,Bihar,2552,NIT GHANDHI GHAT ( PATNA),7.359,7.372,1.458
2026,10,October,2,Bihar,2552,NIT GHANDHI GHAT ( PATNA),7.376,7.36,1.455
2026,11,November,1,Bihar,2552,NIT GHANDHI GHAT ( PATNA),7.395,7.348,1.451
2026,11,November,2,Bihar,2552,NIT GHANDHI GHAT ( PATNA),7.418,7.334,1.449
2026,12,December,1,Bihar,2552,NIT GHANDHI GHAT ( PATNA),7.44,7.322,1.446
2026,12,December,2,Bihar,2552,NIT GHANDHI GHAT ( PATNA),7.46,7.312,1.442
2026,1,January,1,Bihar,2553,"FATUHA, A/c OF RIVER PUNPUN",7.293,7.525,1.767
2026,1,January,2,Bihar,2553,"FATUHA, A/c OF RIVER PUNPUN",7.289,7.53,1.617
2026,2,February,1,Bihar,2553,"FATUHA, A/c OF RIVER PUNPUN",7.287,7.522,1.568
2026,2,February,2,Bihar,2553,"FATUHA, A/c OF RIVER PUNPUN",7.28,7.517,1.548
2026,3,March,1,Bihar,2553,"FATUHA, A/c OF RIVER PUNPUN",7.28,7.508,1.548
2026,3,March,2,Bihar,2553,"FATUHA, A/c OF RIVER PUNPUN",7.289,7.496,1.537
2026,4,April,1,Bihar,2553,"FATUHA, A/c OF RIVER PUNPUN",7.305,7.487,1.539
2026,4,April,2,Bihar,2553,"FATUHA, A/c OF RIVER PUNPUN",7.302,7.486,1.529
2026,5,May,1,Bihar,2553,"FATUHA, A/c OF RIVER PUNPUN",7.297,7.481,1.525
2026,5,May,2,Bihar,2553,"FATUHA, A/c OF RIVER PUNPUN",7.315,7.463,1.538
2026,6,June,1,Bihar,2553,"FATUHA, A/c OF RIVER PUNPUN",7.339,7.445,1.537
2026,6,June,2,Bihar,2553,"FATUHA, A/c OF RIVER PUNPUN",7.33,7.429,1.507
2026,7,July,1,Bihar,2553,"FATUHA, A/c OF RIVER PUNPUN",7.294,7.432,1.479
2026,7,July,2,Bihar,2553,"FATUHA, A/c OF RIVER PUNPUN",7.278,7.43,1.471
2026,8,August,1,Bihar,2553,"FATUHA, A/c OF RIVER PUNPUN",7.276,7.427,1.468
2026,8,August,2,Bihar,2553,"FATUHA, A/c OF RIVER PUNPUN",7.28,7.422,1.465
2026,9,September,1,Bihar,2553,"FATUHA, A/c OF RIVER PUNPUN",7.286,7.416,1.463
2026,9,September,2,Bihar,2553,"FATUHA, A/c OF RIVER PUNPUN",7.295,7.409,1.46
2026,10,October,1,Bihar,2553,"FATUHA, A/c OF RIVER PUNPUN",7.305,7.402,1.457
2026,10,October,2,Bihar,2553,"FATUHA, A/c OF RIVER PUNPUN",7.316,7.395,1.454
2026,11,November,1,Bihar,2553,"FATUHA, A/c OF RIVER PUNPUN",7.328,7.387,1.452
2026,11,November,2,Bihar,2553,"FATUHA, A/c OF RIVER PUNPUN",7.342,7.377,1.45
2026,12,December,1,Bihar,2553,"FATUHA, A/c OF RIVER PUNPUN",7.355,7.368,1.448
2026,12,December,2,Bihar,2553,"FATUHA, A/c OF RIVER PUNPUN",7.368,7.36,1.445
2026,1,January,1,Bihar,2554,SULTANGANJ (BHAGALPUR),7.675,7.571,1.558
2026,1,January,2,Bihar,2554,SULTANGANJ (BHAGALPUR),7.459,7.584,1.612
2026,2,February,1,Bihar,2554,SULTANGANJ (BHAGALPUR),7.397,7.585,1.652
2026,2,February,2,Bihar,2554,SULTANGANJ (BHAGALPUR),7.387,7.58,1.669
2026,3,March,1,Bihar,2554,SULTANGANJ (BHAGALPUR),7.382,7.584,1.68
2026,3,March,2,Bihar,2554,SULTANGANJ (BHAGALPUR),7.382,7.587,1.689
2026,4,April,1,Bihar,2554,SULTANGANJ (BHAGALPUR),7.36,7.578,1.668
2026,4,April,2,Bihar,2554,SULTANGANJ (BHAGALPUR),7.362,7.576,1.666
2026,5,May,1,Bihar,2554,SULTANGANJ (BHAGALPUR),7.35,7.563,1.631
2026,5,May,2,Bihar,2554,SULTANGANJ (BHAGALPUR),7.347,7.563,1.624
2026,6,June,1,Bihar,2554,SULTANGANJ (BHAGALPUR),7.362,7.563,1.629
2026,6,June,2,Bihar,2554,SULTANGANJ (BHAGALPUR),7.298,7.483,1.558
2026,7,July,1,Bihar,2554,SULTANGANJ (BHAGALPUR),7.273,7.475,1.526
2026,7,July,2,Bihar,2554,SULTANGANJ (BHAGALPUR),7.261,7.473,1.516
2026,8,August,1,Bihar,2554,SULTANGANJ (BHAGALPUR),7.256,7.469,1.511
2026,8,August,2,Bihar,2554,SULTANGANJ (BHAGALPUR),7.255,7.466,1.507
2026,9,September,1,Bihar,2554,SULTANGANJ (BHAGALPUR),7.255,7.462,1.502
2026,9,September,2,Bihar,2554,SULTANGANJ (BHAGALPUR),7.255,7.457,1.496
2026,10,October,1,Bihar,2554,SULTANGANJ (BHAGALPUR),7.255,7.453,1.49
2026,10,October,2,Bihar,2554,SULTANGANJ (BHAGALPUR),7.257,7.447,1.484
2026,11,November,1,Bihar,2554,SULTANGANJ (BHAGALPUR),7.259,7.441,1.478
2026,11,November,2,Bihar,2554,SULTANGANJ (BHAGALPUR),7.262,7.436,1.472
2026,12,December,1,Bihar,2554,SULTANGANJ (BHAGALPUR),7.267,7.429,1.467
2026,12,December,2,Bihar,2554,SULTANGANJ (BHAGALPUR),7.274,7.421,1.461
2026,1,January,1,Bihar,2564,"BALUGHAT, DORIGANJ, SARAN",7.532,7.579,1.436
2026,1,January,2,Bihar,2564,"BALUGHAT, DORIGANJ, SARAN",7.335,7.573,1.596
2026,2,February,1,Bihar,2564,"BALUGHAT, DORIGANJ, SARAN",7.287,7.576,1.664
2026,2,February,2,Bihar,2564,"BALUGHAT, DORIGANJ, SARAN",7.275,7.576,1.682
2026,3,March,1,Bihar,2564,"BALUGHAT, DORIGANJ, SARAN",7.276,7.58,1.693
2026,3,March,2,Bihar,2564,"BALUGHAT, DORIGANJ, SARAN",7.271,7.582,1.694
2026,4,April,1,Bihar,2564,"BALUGHAT, DORIGANJ, SARAN",7.275,7.584,1.701
2026,4,April,2,Bihar,2564,"BALUGHAT, DORIGANJ, SARAN",7.269,7.578,1.691
2026,5,May,1,Bihar,2564,"BALUGHAT, DORIGANJ, SARAN",7.268,7.582,1.694
2026,5,May,2,Bihar,2564,"BALUGHAT, DORIGANJ, SARAN",7.271,7.545,1.605
2026,6,June,1,Bihar,2564,"BALUGHAT, DORIGANJ, SARAN",7.268,7.54,1.574
2026,6,June,2,Bihar,2564,"BALUGHAT, DORIGANJ, SARAN",7.272,7.52,1.534
2026,7,July,1,Bihar,2564,"BALUGHAT, DORIGANJ, SARAN",7.241,7.488,1.519
2026,7,July,2,Bihar,2564,"BALUGHAT, DORIGANJ, SARAN",7.239,7.481,1.515
2026,8,August,1,Bihar,2564,"BALUGHAT, DORIGANJ, SARAN",7.239,7.477,1.511
2026,8,August,2,Bihar,2564,"BALUGHAT, DORIGANJ, SARAN",7.24,7.473,1.506
2026,9,September,1,Bihar,2564,"BALUGHAT, DORIGANJ, SARAN",7.24,7.469,1.501
2026,9,September,2,Bihar,2564,"BALUGHAT, DORIGANJ, SARAN",7.241,7.465,1.495
2026,10,October,1,Bihar,2564,"BALUGHAT, DORIGANJ, SARAN",7.242,7.46,1.489
2026,10,October,2,Bihar,2564,"BALUGHAT, DORIGANJ, SARAN",7.243,7.455,1.483
2026,11,November,1,Bihar,2564,"BALUGHAT, DORIGANJ, SARAN",7.245,7.449,1.477
2026,11,November,2,Bihar,2564,"BALUGHAT, DORIGANJ, SARAN",7.248,7.442,1.47
2026,12,December,1,Bihar,2564,"BALUGHAT, DORIGANJ, SARAN",7.251,7.437,1.465
2026,12,December,2,Bihar,2564,"BALUGHAT, DORIGANJ, SARAN",7.256,7.431,1.461
2026,1,January,1,Uttarakhand,2725,"A/C SONG, D/S RAIWALA",9.429,7.875,1.151
2026,1,January,2,Uttarakhand,2725,"A/C SONG, D/S RAIWALA",9.462,7.855,1.134
2026,2,February,1,Uttarakhand,2725,"A/C SONG, D/S RAIWALA",9.489,7.848,1.125
2026,2,February,2,Uttarakhand,2725,"A/C SONG, D/S RAIWALA",9.518,7.844,1.11
2026,3,March,1,Uttarakhand,2725,"A/C SONG, D/S RAIWALA",9.54,7.84,1.101
2026,3,March,2,Uttarakhand,2725,"A/C SONG, D/S RAIWALA",9.561,7.837,1.09
2026,4,April,1,Uttarakhand,2725,"A/C SONG, D/S RAIWALA",9.579,7.834,1.081
2026,4,April,2,Uttarakhand,2725,"A/C SONG, D/S RAIWALA",9.606,7.83,1.066
2026,5,May,1,Uttarakhand,2725,"A/C SONG, D/S RAIWALA",9.63,7.826,1.055
2026,5,May,2,Uttarakhand,2725,"A/C SONG, D/S RAIWALA",9.659,7.82,1.039
2026,6,June,1,Uttarakhand,2725,"A/C SONG, D/S RAIWALA",9.688,7.815,1.022
2026,6,June,2,Uttarakhand,2725,"A/C SONG, D/S RAIWALA",9.714,7.81,1.01
2026,7,July,1,Uttarakhand,2725,"A/C SONG, D/S RAIWALA",9.74,7.806,0.998
2026,7,July,2,Uttarakhand,2725,"A/C SONG, D/S RAIWALA",9.762,7.802,0.99
2026,8,August,1,Uttarakhand,2725,"A/C SONG, D/S RAIWALA",9.781,7.799,0.983
2026,8,August,2,Uttarakhand,2725,"A/C SONG, D/S RAIWALA",9.798,7.797,0.977
2026,9,September,1,Uttarakhand,2725,"A/C SONG, D/S RAIWALA",9.814,7.795,0.972
2026,9,September,2,Uttarakhand,2725,"A/C SONG, D/S RAIWALA",9.828,7.793,0.967
2026,10,October,1,Uttarakhand,2725,"A/C SONG, D/S RAIWALA",9.841,7.791,0.963
2026,10,October,2,Uttarakhand,2725,"A/C SONG, D/S RAIWALA",9.854,7.79,0.959
2026,11,November,1,Uttarakhand,2725,"A/C SONG, D/S RAIWALA",9.865,7.788,0.956
2026,11,November,2,Uttarakhand,2725,"A/C SONG, D/S RAIWALA",9.875,7.787,0.953
2026,12,December,1,Uttarakhand,2725,"A/C SONG, D/S RAIWALA",9.884,7.786,0.95
2026,12,December,2,Uttarakhand,2725,"A/C SONG, D/S RAIWALA",9.891,7.786,0.949
2026,1,January,1,Uttarakhand,2727, ROORKEE D/S,8.903,8.104,2.604
2026,1,January,2,Uttarakhand,2727, ROORKEE D/S,8.608,8.068,2.824
2026,2,February,1,Uttarakhand,2727, ROORKEE D/S,8.444,8.033,2.958
2026,2,February,2,Uttarakhand,2727, ROORKEE D/S,8.303,8.018,3.0
2026,3,March,1,Uttarakhand,2727, ROORKEE D/S,8.186,8.015,2.999
2026,3,March,2,Uttarakhand,2727, ROORKEE D/S,8.15,8.01,3.016
2026,4,April,1,Uttarakhand,2727, ROORKEE D/S,8.137,8.009,3.031
2026,4,April,2,Uttarakhand,2727, ROORKEE D/S,8.133,8.009,3.047
2026,5,May,1,Uttarakhand,2727, ROORKEE D/S,8.126,8.046,3.021
2026,5,May,2,Uttarakhand,2727, ROORKEE D/S,8.165,8.072,3.012
2026,6,June,1,Uttarakhand,2727, ROORKEE D/S,8.22,8.088,3.018
2026,6,June,2,Uttarakhand,2727, ROORKEE D/S,8.265,8.093,3.035
2026,7,July,1,Uttarakhand,2727, ROORKEE D/S,8.311,8.098,3.059
2026,7,July,2,Uttarakhand,2727, ROORKEE D/S,8.355,8.103,3.082
2026,8,August,1,Uttarakhand,2727, ROORKEE D/S,8.396,8.11,3.099
2026,8,August,2,Uttarakhand,2727, ROORKEE D/S,8.438,8.118,3.105
2026,9,September,1,Uttarakhand,2727, ROORKEE D/S,8.483,8.127,3.105
2026,9,September,2,Uttarakhand,2727, ROORKEE D/S,8.529,8.135,3.101
2026,10,October,1,Uttarakhand,2727, ROORKEE D/S,8.574,8.144,3.094
2026,10,October,2,Uttarakhand,2727, ROORKEE D/S,8.615,8.152,3.083
2026,11,November,1,Uttarakhand,2727, ROORKEE D/S,8.649,8.158,3.07
2026,11,November,2,Uttarakhand,2727, ROORKEE D/S,8.67,8.161,3.059
2026,12,December,1,Uttarakhand,2727, ROORKEE D/S,8.676,8.161,3.053
2026,12,December,2,Uttarakhand,2727, ROORKEE D/S,8.668,8.159,3.05
2026,1,January,1,Bihar,3113,BUXAR D/S,7.861,7.763,1.355
2026,1,January,2,Bihar,3113,BUXAR D/S,7.437,7.629,1.564
2026,2,February,1,Bihar,3113,BUXAR D/S,7.319,7.617,1.697
2026,2,February,2,Bihar,3113,BUXAR D/S,7.301,7.616,1.748
2026,3,March,1,Bihar,3113,BUXAR D/S,7.3,7.619,1.767
2026,3,March,2,Bihar,3113,BUXAR D/S,7.3,7.621,1.772
2026,4,April,1,Bihar,3113,BUXAR D/S,7.309,7.62,1.779
2026,4,April,2,Bihar,3113,BUXAR D/S,7.314,7.612,1.771
2026,5,May,1,Bihar,3113,BUXAR D/S,7.312,7.614,1.775
2026,5,May,2,Bihar,3113,BUXAR D/S,7.315,7.597,1.723
2026,6,June,1,Bihar,3113,BUXAR D/S,7.311,7.597,1.711
2026,6,June,2,Bihar,3113,BUXAR D/S,7.305,7.601,1.715
2026,7,July,1,Bihar,3113,BUXAR D/S,7.262,7.534,1.62
2026,7,July,2,Bihar,3113,BUXAR D/S,7.252,7.505,1.582
2026,8,August,1,Bihar,3113,BUXAR D/S,7.255,7.496,1.563
2026,8,August,2,Bihar,3113,BUXAR D/S,7.257,7.491,1.551
2026,9,September,1,Bihar,3113,BUXAR D/S,7.257,7.487,1.54
2026,9,September,2,Bihar,3113,BUXAR D/S,7.256,7.482,1.531
2026,10,October,1,Bihar,3113,BUXAR D/S,7.255,7.477,1.522
2026,10,October,2,Bihar,3113,BUXAR D/S,7.253,7.471,1.513
2026,11,November,1,Bihar,3113,BUXAR D/S,7.252,7.465,1.505
2026,11,November,2,Bihar,3113,BUXAR D/S,7.252,7.458,1.496
2026,12,December,1,Bihar,3113,BUXAR D/S,7.253,7.452,1.488
2026,12,December,2,Bihar,3113,BUXAR D/S,7.255,7.445,1.481
2026,1,January,1,Bihar,3114,"DANAPUR, NEAR PIPAPUL",7.638,7.622,1.721
2026,1,January,2,Bihar,3114,"DANAPUR, NEAR PIPAPUL",7.417,7.598,1.684
2026,2,February,1,Bihar,3114,"DANAPUR, NEAR PIPAPUL",7.372,7.599,1.713
2026,2,February,2,Bihar,3114,"DANAPUR, NEAR PIPAPUL",7.359,7.596,1.723
2026,3,March,1,Bihar,3114,"DANAPUR, NEAR PIPAPUL",7.359,7.599,1.732
2026,3,March,2,Bihar,3114,"DANAPUR, NEAR PIPAPUL",7.365,7.597,1.734
2026,4,April,1,Bihar,3114,"DANAPUR, NEAR PIPAPUL",7.371,7.601,1.742
2026,4,April,2,Bihar,3114,"DANAPUR, NEAR PIPAPUL",7.371,7.599,1.74
2026,5,May,1,Bihar,3114,"DANAPUR, NEAR PIPAPUL",7.369,7.597,1.738
2026,5,May,2,Bihar,3114,"DANAPUR, NEAR PIPAPUL",7.373,7.587,1.733
2026,6,June,1,Bihar,3114,"DANAPUR, NEAR PIPAPUL",7.401,7.591,1.756
2026,6,June,2,Bihar,3114,"DANAPUR, NEAR PIPAPUL",7.307,7.496,1.641
2026,7,July,1,Bihar,3114,"DANAPUR, NEAR PIPAPUL",7.292,7.487,1.585
2026,7,July,2,Bihar,3114,"DANAPUR, NEAR PIPAPUL",7.283,7.482,1.556
2026,8,August,1,Bihar,3114,"DANAPUR, NEAR PIPAPUL",7.278,7.478,1.542
2026,8,August,2,Bihar,3114,"DANAPUR, NEAR PIPAPUL",7.276,7.474,1.534
2026,9,September,1,Bihar,3114,"DANAPUR, NEAR PIPAPUL",7.275,7.469,1.526
2026,9,September,2,Bihar,3114,"DANAPUR, NEAR PIPAPUL",7.274,7.464,1.519
2026,10,October,1,Bihar,3114,"DANAPUR, NEAR PIPAPUL",7.274,7.458,1.512
2026,10,October,2,Bihar,3114,"DANAPUR, NEAR PIPAPUL",7.274,7.453,1.504
2026,11,November,1,Bihar,3114,"DANAPUR, NEAR PIPAPUL",7.275,7.446,1.496
2026,11,November,2,Bihar,3114,"DANAPUR, NEAR PIPAPUL",7.277,7.439,1.488
2026,12,December,1,Bihar,3114,"DANAPUR, NEAR PIPAPUL",7.279,7.431,1.48
2026,12,December,2,Bihar,3114,"DANAPUR, NEAR PIPAPUL",7.283,7.422,1.47
2026,1,January,1,Bihar,3115,"BARH, NEAR UMANATH TEMPLE ",8.38,7.695,1.432
2026,1,January,2,Bihar,3115,"BARH, NEAR UMANATH TEMPLE ",7.778,7.667,1.615
2026,2,February,1,Bihar,3115,"BARH, NEAR UMANATH TEMPLE ",7.54,7.639,1.722
2026,2,February,2,Bihar,3115,"BARH, NEAR UMANATH TEMPLE ",7.47,7.624,1.784
2026,3,March,1,Bihar,3115,"BARH, NEAR UMANATH TEMPLE ",7.468,7.621,1.824
2026,3,March,2,Bihar,3115,"BARH, NEAR UMANATH TEMPLE ",7.458,7.611,1.806
2026,4,April,1,Bihar,3115,"BARH, NEAR UMANATH TEMPLE ",7.461,7.609,1.808
2026,4,April,2,Bihar,3115,"BARH, NEAR UMANATH TEMPLE ",7.472,7.613,1.82
2026,5,May,1,Bihar,3115,"BARH, NEAR UMANATH TEMPLE ",7.484,7.618,1.833
2026,5,May,2,Bihar,3115,"BARH, NEAR UMANATH TEMPLE ",7.493,7.611,1.836
2026,6,June,1,Bihar,3115,"BARH, NEAR UMANATH TEMPLE ",7.525,7.603,1.849
2026,6,June,2,Bihar,3115,"BARH, NEAR UMANATH TEMPLE ",7.55,7.61,1.871
2026,7,July,1,Bihar,3115,"BARH, NEAR UMANATH TEMPLE ",7.382,7.537,1.701
2026,7,July,2,Bihar,3115,"BARH, NEAR UMANATH TEMPLE ",7.337,7.502,1.65
2026,8,August,1,Bihar,3115,"BARH, NEAR UMANATH TEMPLE ",7.329,7.488,1.622
2026,8,August,2,Bihar,3115,"BARH, NEAR UMANATH TEMPLE ",7.329,7.48,1.603
2026,9,September,1,Bihar,3115,"BARH, NEAR UMANATH TEMPLE ",7.33,7.473,1.588
2026,9,September,2,Bihar,3115,"BARH, NEAR UMANATH TEMPLE ",7.33,7.466,1.574
2026,10,October,1,Bihar,3115,"BARH, NEAR UMANATH TEMPLE ",7.328,7.46,1.561
2026,10,October,2,Bihar,3115,"BARH, NEAR UMANATH TEMPLE ",7.327,7.454,1.55
2026,11,November,1,Bihar,3115,"BARH, NEAR UMANATH TEMPLE ",7.325,7.448,1.538
2026,11,November,2,Bihar,3115,"BARH, NEAR UMANATH TEMPLE ",7.323,7.44,1.526
2026,12,December,1,Bihar,3115,"BARH, NEAR UMANATH TEMPLE ",7.322,7.432,1.513
2026,12,December,2,Bihar,3115,"BARH, NEAR UMANATH TEMPLE ",7.32,7.423,1.499
2026,1,January,1,Bihar,3116,U/S MUNGER,7.944,7.555,1.537
2026,1,January,2,Bihar,3116,U/S MUNGER,7.603,7.565,1.583
2026,2,February,1,Bihar,3116,U/S MUNGER,7.455,7.574,1.639
2026,2,February,2,Bihar,3116,U/S MUNGER,7.406,7.576,1.671
2026,3,March,1,Bihar,3116,U/S MUNGER,7.39,7.578,1.688
2026,3,March,2,Bihar,3116,U/S MUNGER,7.393,7.568,1.671
2026,4,April,1,Bihar,3116,U/S MUNGER,7.395,7.567,1.661
2026,4,April,2,Bihar,3116,U/S MUNGER,7.422,7.572,1.674
2026,5,May,1,Bihar,3116,U/S MUNGER,7.436,7.577,1.686
2026,5,May,2,Bihar,3116,U/S MUNGER,7.414,7.578,1.678
2026,6,June,1,Bihar,3116,U/S MUNGER,7.414,7.571,1.667
2026,6,June,2,Bihar,3116,U/S MUNGER,7.339,7.478,1.588
2026,7,July,1,Bihar,3116,U/S MUNGER,7.306,7.469,1.54
2026,7,July,2,Bihar,3116,U/S MUNGER,7.286,7.466,1.522
2026,8,August,1,Bihar,3116,U/S MUNGER,7.277,7.463,1.516
2026,8,August,2,Bihar,3116,U/S MUNGER,7.274,7.46,1.512
2026,9,September,1,Bihar,3116,U/S MUNGER,7.273,7.456,1.507
2026,9,September,2,Bihar,3116,U/S MUNGER,7.273,7.452,1.501
2026,10,October,1,Bihar,3116,U/S MUNGER,7.273,7.447,1.496
2026,10,October,2,Bihar,3116,U/S MUNGER,7.275,7.443,1.49
2026,11,November,1,Bihar,3116,U/S MUNGER,7.276,7.437,1.484
2026,11,November,2,Bihar,3116,U/S MUNGER,7.279,7.43,1.477
2026,12,December,1,Bihar,3116,U/S MUNGER,7.283,7.422,1.469
2026,12,December,2,Bihar,3116,U/S MUNGER,7.291,7.412,1.463
2026,1,January,1,Bihar,3117,U/S SULTANGANJ,8.511,7.519,1.518
2026,1,January,2,Bihar,3117,U/S SULTANGANJ,8.091,7.599,1.536
2026,2,February,1,Bihar,3117,U/S SULTANGANJ,7.838,7.597,1.61
2026,2,February,2,Bihar,3117,U/S SULTANGANJ,7.698,7.603,1.654
2026,3,March,1,Bihar,3117,U/S SULTANGANJ,7.674,7.603,1.692
2026,3,March,2,Bihar,3117,U/S SULTANGANJ,7.646,7.613,1.704
2026,4,April,1,Bihar,3117,U/S SULTANGANJ,7.625,7.616,1.719
2026,4,April,2,Bihar,3117,U/S SULTANGANJ,7.613,7.616,1.728
2026,5,May,1,Bihar,3117,U/S SULTANGANJ,7.592,7.611,1.729
2026,5,May,2,Bihar,3117,U/S SULTANGANJ,7.586,7.612,1.738
2026,6,June,1,Bihar,3117,U/S SULTANGANJ,7.591,7.61,1.743
2026,6,June,2,Bihar,3117,U/S SULTANGANJ,7.422,7.505,1.65
2026,7,July,1,Bihar,3117,U/S SULTANGANJ,7.379,7.49,1.607
2026,7,July,2,Bihar,3117,U/S SULTANGANJ,7.345,7.482,1.579
2026,8,August,1,Bihar,3117,U/S SULTANGANJ,7.326,7.475,1.563
2026,8,August,2,Bihar,3117,U/S SULTANGANJ,7.318,7.469,1.552
2026,9,September,1,Bihar,3117,U/S SULTANGANJ,7.314,7.465,1.543
2026,9,September,2,Bihar,3117,U/S SULTANGANJ,7.31,7.46,1.534
2026,10,October,1,Bihar,3117,U/S SULTANGANJ,7.306,7.455,1.526
2026,10,October,2,Bihar,3117,U/S SULTANGANJ,7.304,7.448,1.517
2026,11,November,1,Bihar,3117,U/S SULTANGANJ,7.303,7.441,1.507
2026,11,November,2,Bihar,3117,U/S SULTANGANJ,7.302,7.434,1.497
2026,12,December,1,Bihar,3117,U/S SULTANGANJ,7.303,7.424,1.486
2026,12,December,2,Bihar,3117,U/S SULTANGANJ,7.305,7.413,1.475
2026,1,January,1,Bihar,3118,D/S BHAGALPUR,7.68,7.512,1.461
2026,1,January,2,Bihar,3118,D/S BHAGALPUR,7.474,7.499,1.494
2026,2,February,1,Bihar,3118,D/S BHAGALPUR,7.41,7.502,1.525
2026,2,February,2,Bihar,3118,D/S BHAGALPUR,7.383,7.503,1.538
2026,3,March,1,Bihar,3118,D/S BHAGALPUR,7.348,7.505,1.539
2026,3,March,2,Bihar,3118,D/S BHAGALPUR,7.343,7.495,1.538
2026,4,April,1,Bihar,3118,D/S BHAGALPUR,7.346,7.477,1.529
2026,4,April,2,Bihar,3118,D/S BHAGALPUR,7.352,7.473,1.522
2026,5,May,1,Bihar,3118,D/S BHAGALPUR,7.345,7.472,1.51
2026,5,May,2,Bihar,3118,D/S BHAGALPUR,7.316,7.473,1.49
2026,6,June,1,Bihar,3118,D/S BHAGALPUR,7.331,7.458,1.508
2026,6,June,2,Bihar,3118,D/S BHAGALPUR,7.342,7.436,1.494
2026,7,July,1,Bihar,3118,D/S BHAGALPUR,7.299,7.427,1.468
2026,7,July,2,Bihar,3118,D/S BHAGALPUR,7.286,7.422,1.464
2026,8,August,1,Bihar,3118,D/S BHAGALPUR,7.284,7.42,1.463
2026,8,August,2,Bihar,3118,D/S BHAGALPUR,7.287,7.416,1.462
2026,9,September,1,Bihar,3118,D/S BHAGALPUR,7.292,7.411,1.46
2026,9,September,2,Bihar,3118,D/S BHAGALPUR,7.3,7.405,1.457
2026,10,October,1,Bihar,3118,D/S BHAGALPUR,7.309,7.398,1.454
2026,10,October,2,Bihar,3118,D/S BHAGALPUR,7.318,7.392,1.452
2026,11,November,1,Bihar,3118,D/S BHAGALPUR,7.329,7.384,1.449
2026,11,November,2,Bihar,3118,D/S BHAGALPUR,7.341,7.376,1.447
2026,12,December,1,Bihar,3118,D/S BHAGALPUR,7.356,7.366,1.446
2026,12,December,2,Bihar,3118,D/S BHAGALPUR,7.372,7.356,1.445
2026,1,January,1,Bihar,3122,MALSALAMI (PATNA),7.261,7.525,1.659
2026,1,January,2,Bihar,3122,MALSALAMI (PATNA),7.237,7.532,1.572
2026,2,February,1,Bihar,3122,MALSALAMI (PATNA),7.219,7.53,1.549
2026,2,February,2,Bihar,3122,MALSALAMI (PATNA),7.205,7.53,1.542
2026,3,March,1,Bihar,3122,MALSALAMI (PATNA),7.203,7.528,1.544
2026,3,March,2,Bihar,3122,MALSALAMI (PATNA),7.208,7.521,1.53
2026,4,April,1,Bihar,3122,MALSALAMI (PATNA),7.215,7.516,1.528
2026,4,April,2,Bihar,3122,MALSALAMI (PATNA),7.219,7.514,1.521
2026,5,May,1,Bihar,3122,MALSALAMI (PATNA),7.223,7.508,1.507
2026,5,May,2,Bihar,3122,MALSALAMI (PATNA),7.225,7.504,1.498
2026,6,June,1,Bihar,3122,MALSALAMI (PATNA),7.26,7.454,1.494
2026,6,June,2,Bihar,3122,MALSALAMI (PATNA),7.258,7.452,1.484
2026,7,July,1,Bihar,3122,MALSALAMI (PATNA),7.24,7.456,1.474
2026,7,July,2,Bihar,3122,MALSALAMI (PATNA),7.233,7.455,1.47
2026,8,August,1,Bihar,3122,MALSALAMI (PATNA),7.232,7.452,1.468
2026,8,August,2,Bihar,3122,MALSALAMI (PATNA),7.234,7.449,1.466
2026,9,September,1,Bihar,3122,MALSALAMI (PATNA),7.238,7.445,1.464
2026,9,September,2,Bihar,3122,MALSALAMI (PATNA),7.243,7.44,1.462
2026,10,October,1,Bihar,3122,MALSALAMI (PATNA),7.248,7.435,1.459
2026,10,October,2,Bihar,3122,MALSALAMI (PATNA),7.254,7.43,1.456
2026,11,November,1,Bihar,3122,MALSALAMI (PATNA),7.261,7.425,1.454
2026,11,November,2,Bihar,3122,MALSALAMI (PATNA),7.27,7.419,1.452
2026,12,December,1,Bihar,3122,MALSALAMI (PATNA),7.28,7.412,1.45
2026,12,December,2,Bihar,3122,MALSALAMI (PATNA),7.288,7.407,1.447
2026,1,January,1,Bihar,3123,BARAHIA,7.472,7.592,1.723
2026,1,January,2,Bihar,3123,BARAHIA,7.418,7.602,1.723
2026,2,February,1,Bihar,3123,BARAHIA,7.38,7.605,1.725
2026,2,February,2,Bihar,3123,BARAHIA,7.376,7.604,1.738
2026,3,March,1,Bihar,3123,BARAHIA,7.386,7.601,1.743
2026,3,March,2,Bihar,3123,BARAHIA,7.398,7.6,1.749
2026,4,April,1,Bihar,3123,BARAHIA,7.415,7.602,1.753
2026,4,April,2,Bihar,3123,BARAHIA,7.409,7.6,1.741
2026,5,May,1,Bihar,3123,BARAHIA,7.423,7.609,1.755
2026,5,May,2,Bihar,3123,BARAHIA,7.436,7.612,1.769
2026,6,June,1,Bihar,3123,BARAHIA,7.43,7.606,1.755
2026,6,June,2,Bihar,3123,BARAHIA,7.304,7.507,1.652
2026,7,July,1,Bihar,3123,BARAHIA,7.292,7.489,1.598
2026,7,July,2,Bihar,3123,BARAHIA,7.288,7.484,1.569
2026,8,August,1,Bihar,3123,BARAHIA,7.285,7.48,1.553
2026,8,August,2,Bihar,3123,BARAHIA,7.283,7.476,1.543
2026,9,September,1,Bihar,3123,BARAHIA,7.282,7.471,1.534
2026,9,September,2,Bihar,3123,BARAHIA,7.281,7.466,1.526
2026,10,October,1,Bihar,3123,BARAHIA,7.28,7.461,1.518
2026,10,October,2,Bihar,3123,BARAHIA,7.278,7.455,1.51
2026,11,November,1,Bihar,3123,BARAHIA,7.278,7.449,1.502
2026,11,November,2,Bihar,3123,BARAHIA,7.279,7.442,1.493
2026,12,December,1,Bihar,3123,BARAHIA,7.28,7.433,1.483
2026,12,December,2,Bihar,3123,BARAHIA,7.283,7.424,1.473
2026,1,January,1,Bihar,4297," BIDUPUR ROAD BRIDGE, PATNA",7.453,7.634,1.736
2026,1,January,2,Bihar,4297," BIDUPUR ROAD BRIDGE, PATNA",7.346,7.626,1.717
2026,2,February,1,Bihar,4297," BIDUPUR ROAD BRIDGE, PATNA",7.301,7.617,1.723
2026,2,February,2,Bihar,4297," BIDUPUR ROAD BRIDGE, PATNA",7.301,7.614,1.732
2026,3,March,1,Bihar,4297," BIDUPUR ROAD BRIDGE, PATNA",7.303,7.605,1.727
2026,3,March,2,Bihar,4297," BIDUPUR ROAD BRIDGE, PATNA",7.276,7.586,1.687
2026,4,April,1,Bihar,4297," BIDUPUR ROAD BRIDGE, PATNA",7.28,7.586,1.69
2026,4,April,2,Bihar,4297," BIDUPUR ROAD BRIDGE, PATNA",7.286,7.587,1.695
2026,5,May,1,Bihar,4297," BIDUPUR ROAD BRIDGE, PATNA",7.293,7.588,1.7
2026,5,May,2,Bihar,4297," BIDUPUR ROAD BRIDGE, PATNA",7.303,7.586,1.7
2026,6,June,1,Bihar,4297," BIDUPUR ROAD BRIDGE, PATNA",7.319,7.587,1.7
2026,6,June,2,Bihar,4297," BIDUPUR ROAD BRIDGE, PATNA",7.269,7.508,1.621
2026,7,July,1,Bihar,4297," BIDUPUR ROAD BRIDGE, PATNA",7.26,7.495,1.571
2026,7,July,2,Bihar,4297," BIDUPUR ROAD BRIDGE, PATNA",7.255,7.489,1.546
2026,8,August,1,Bihar,4297," BIDUPUR ROAD BRIDGE, PATNA",7.252,7.484,1.532
2026,8,August,2,Bihar,4297," BIDUPUR ROAD BRIDGE, PATNA",7.25,7.48,1.523
2026,9,September,1,Bihar,4297," BIDUPUR ROAD BRIDGE, PATNA",7.249,7.474,1.515
2026,9,September,2,Bihar,4297," BIDUPUR ROAD BRIDGE, PATNA",7.249,7.469,1.508
2026,10,October,1,Bihar,4297," BIDUPUR ROAD BRIDGE, PATNA",7.25,7.464,1.503
2026,10,October,2,Bihar,4297," BIDUPUR ROAD BRIDGE, PATNA",7.252,7.459,1.497
2026,11,November,1,Bihar,4297," BIDUPUR ROAD BRIDGE, PATNA",7.254,7.453,1.49
2026,11,November,2,Bihar,4297," BIDUPUR ROAD BRIDGE, PATNA",7.257,7.447,1.483
2026,12,December,1,Bihar,4297," BIDUPUR ROAD BRIDGE, PATNA",7.26,7.439,1.476
2026,12,December,2,Bihar,4297," BIDUPUR ROAD BRIDGE, PATNA",7.264,7.431,1.469
2026,1,January,1,Bihar,4301,BAKHYIYARPUR TAJPUR BRIDGE  PATNA,8.244,7.665,1.407
2026,1,January,2,Bihar,4301,BAKHYIYARPUR TAJPUR BRIDGE  PATNA,7.661,7.6,1.53
2026,2,February,1,Bihar,4301,BAKHYIYARPUR TAJPUR BRIDGE  PATNA,7.486,7.592,1.636
2026,2,February,2,Bihar,4301,BAKHYIYARPUR TAJPUR BRIDGE  PATNA,7.436,7.589,1.688
2026,3,March,1,Bihar,4301,BAKHYIYARPUR TAJPUR BRIDGE  PATNA,7.433,7.586,1.714
2026,3,March,2,Bihar,4301,BAKHYIYARPUR TAJPUR BRIDGE  PATNA,7.428,7.58,1.706
2026,4,April,1,Bihar,4301,BAKHYIYARPUR TAJPUR BRIDGE  PATNA,7.411,7.576,1.69
2026,4,April,2,Bihar,4301,BAKHYIYARPUR TAJPUR BRIDGE  PATNA,7.416,7.58,1.698
2026,5,May,1,Bihar,4301,BAKHYIYARPUR TAJPUR BRIDGE  PATNA,7.427,7.585,1.712
2026,5,May,2,Bihar,4301,BAKHYIYARPUR TAJPUR BRIDGE  PATNA,7.432,7.581,1.712
2026,6,June,1,Bihar,4301,BAKHYIYARPUR TAJPUR BRIDGE  PATNA,7.465,7.589,1.743
2026,6,June,2,Bihar,4301,BAKHYIYARPUR TAJPUR BRIDGE  PATNA,7.467,7.589,1.746
2026,7,July,1,Bihar,4301,BAKHYIYARPUR TAJPUR BRIDGE  PATNA,7.326,7.511,1.615
2026,7,July,2,Bihar,4301,BAKHYIYARPUR TAJPUR BRIDGE  PATNA,7.293,7.481,1.567
2026,8,August,1,Bihar,4301,BAKHYIYARPUR TAJPUR BRIDGE  PATNA,7.287,7.473,1.546
2026,8,August,2,Bihar,4301,BAKHYIYARPUR TAJPUR BRIDGE  PATNA,7.286,7.469,1.535
2026,9,September,1,Bihar,4301,BAKHYIYARPUR TAJPUR BRIDGE  PATNA,7.285,7.464,1.528
2026,9,September,2,Bihar,4301,BAKHYIYARPUR TAJPUR BRIDGE  PATNA,7.284,7.46,1.52
2026,10,October,1,Bihar,4301,BAKHYIYARPUR TAJPUR BRIDGE  PATNA,7.282,7.456,1.513
2026,10,October,2,Bihar,4301,BAKHYIYARPUR TAJPUR BRIDGE  PATNA,7.282,7.452,1.507
2026,11,November,1,Bihar,4301,BAKHYIYARPUR TAJPUR BRIDGE  PATNA,7.282,7.447,1.501
2026,11,November,2,Bihar,4301,BAKHYIYARPUR TAJPUR BRIDGE  PATNA,7.283,7.441,1.494
2026,12,December,1,Bihar,4301,BAKHYIYARPUR TAJPUR BRIDGE  PATNA,7.284,7.434,1.486
2026,12,December,2,Bihar,4301,BAKHYIYARPUR TAJPUR BRIDGE  PATNA,7.286,7.426,1.477
2026,1,January,1,Bihar,4398,"WATER INTAKE POINT, BHAGALPUR",7.672,7.565,1.515
2026,1,January,2,Bihar,4398,"WATER INTAKE POINT, BHAGALPUR",7.525,7.569,1.576
2026,2,February,1,Bihar,4398,"WATER INTAKE POINT, BHAGALPUR",7.463,7.57,1.606
2026,2,February,2,Bihar,4398,"WATER INTAKE POINT, BHAGALPUR",7.439,7.571,1.62
2026,3,March,1,Bihar,4398,"WATER INTAKE POINT, BHAGALPUR",7.39,7.573,1.618
2026,3,March,2,Bihar,4398,"WATER INTAKE POINT, BHAGALPUR",7.372,7.567,1.612
2026,4,April,1,Bihar,4398,"WATER INTAKE POINT, BHAGALPUR",7.372,7.563,1.614
2026,4,April,2,Bihar,4398,"WATER INTAKE POINT, BHAGALPUR",7.377,7.564,1.617
2026,5,May,1,Bihar,4398,"WATER INTAKE POINT, BHAGALPUR",7.387,7.563,1.623
2026,5,May,2,Bihar,4398,"WATER INTAKE POINT, BHAGALPUR",7.386,7.565,1.625
2026,6,June,1,Bihar,4398,"WATER INTAKE POINT, BHAGALPUR",7.389,7.563,1.627
2026,6,June,2,Bihar,4398,"WATER INTAKE POINT, BHAGALPUR",7.286,7.481,1.544
2026,7,July,1,Bihar,4398,"WATER INTAKE POINT, BHAGALPUR",7.265,7.47,1.514
2026,7,July,2,Bihar,4398,"WATER INTAKE POINT, BHAGALPUR",7.256,7.467,1.505
2026,8,August,1,Bihar,4398,"WATER INTAKE POINT, BHAGALPUR",7.252,7.465,1.501
2026,8,August,2,Bihar,4398,"WATER INTAKE POINT, BHAGALPUR",7.251,7.462,1.497
2026,9,September,1,Bihar,4398,"WATER INTAKE POINT, BHAGALPUR",7.251,7.458,1.494
2026,9,September,2,Bihar,4398,"WATER INTAKE POINT, BHAGALPUR",7.252,7.455,1.49
2026,10,October,1,Bihar,4398,"WATER INTAKE POINT, BHAGALPUR",7.254,7.45,1.485
2026,10,October,2,Bihar,4398,"WATER INTAKE POINT, BHAGALPUR",7.256,7.446,1.481
2026,11,November,1,Bihar,4398,"WATER INTAKE POINT, BHAGALPUR",7.259,7.44,1.476
2026,11,November,2,Bihar,4398,"WATER INTAKE POINT, BHAGALPUR",7.263,7.434,1.47
2026,12,December,1,Bihar,4398,"WATER INTAKE POINT, BHAGALPUR",7.268,7.428,1.465
2026,12,December,2,Bihar,4398,"WATER INTAKE POINT, BHAGALPUR",7.275,7.419,1.459
2026,1,January,1,West Bengal,5162,"FARAKKA,
MUSHIDABAD",8.307,7.399,1.699
2026,1,January,2,West Bengal,5162,"FARAKKA,
MUSHIDABAD",8.093,7.529,1.503
2026,2,February,1,West Bengal,5162,"FARAKKA,
MUSHIDABAD",7.892,7.569,1.548
2026,2,February,2,West Bengal,5162,"FARAKKA,
MUSHIDABAD",7.953,7.355,1.57
2026,3,March,1,West Bengal,5162,"FARAKKA,
MUSHIDABAD",8.188,7.253,1.476
2026,3,March,2,West Bengal,5162,"FARAKKA,
MUSHIDABAD",8.363,7.208,1.407
2026,4,April,1,West Bengal,5162,"FARAKKA,
MUSHIDABAD",8.43,7.185,1.377
2026,4,April,2,West Bengal,5162,"FARAKKA,
MUSHIDABAD",8.452,7.172,1.367
2026,5,May,1,West Bengal,5162,"FARAKKA,
MUSHIDABAD",8.473,7.162,1.366
2026,5,May,2,West Bengal,5162,"FARAKKA,
MUSHIDABAD",8.461,7.157,1.371
2026,6,June,1,West Bengal,5162,"FARAKKA,
MUSHIDABAD",8.459,7.153,1.376
2026,6,June,2,West Bengal,5162,"FARAKKA,
MUSHIDABAD",8.418,7.155,1.382
2026,7,July,1,West Bengal,5162,"FARAKKA,
MUSHIDABAD",8.326,7.162,1.381
2026,7,July,2,West Bengal,5162,"FARAKKA,
MUSHIDABAD",8.278,7.166,1.383
2026,8,August,1,West Bengal,5162,"FARAKKA,
MUSHIDABAD",8.287,7.158,1.399
2026,8,August,2,West Bengal,5162,"FARAKKA,
MUSHIDABAD",8.378,7.125,1.465
2026,9,September,1,West Bengal,5162,"FARAKKA,
MUSHIDABAD",8.423,7.11,1.488
2026,9,September,2,West Bengal,5162,"FARAKKA,
MUSHIDABAD",8.447,7.104,1.495
2026,10,October,1,West Bengal,5162,"FARAKKA,
MUSHIDABAD",8.463,7.102,1.498
2026,10,October,2,West Bengal,5162,"FARAKKA,
MUSHIDABAD",8.477,7.1,1.5
2026,11,November,1,West Bengal,5162,"FARAKKA,
MUSHIDABAD",8.492,7.099,1.502
2026,11,November,2,West Bengal,5162,"FARAKKA,
MUSHIDABAD",8.505,7.098,1.503
2026,12,December,1,West Bengal,5162,"FARAKKA,
MUSHIDABAD",8.519,7.097,1.505
2026,12,December,2,West Bengal,5162,"FARAKKA,
MUSHIDABAD",8.534,7.096,1.507
2026,1,January,1,Uttar Pradesh,5707," NANDAUR NEAR HASTINAPUR
",8.84,7.22,1.485
2026,1,January,2,Uttar Pradesh,5707," NANDAUR NEAR HASTINAPUR
",8.842,7.182,1.448
2026,2,February,1,Uttar Pradesh,5707," NANDAUR NEAR HASTINAPUR
",8.828,7.176,1.434
2026,2,February,2,Uttar Pradesh,5707," NANDAUR NEAR HASTINAPUR
",8.82,7.175,1.429
2026,3,March,1,Uttar Pradesh,5707," NANDAUR NEAR HASTINAPUR
",8.797,7.157,1.451
2026,3,March,2,Uttar Pradesh,5707," NANDAUR NEAR HASTINAPUR
",8.78,7.147,1.467
2026,4,April,1,Uttar Pradesh,5707," NANDAUR NEAR HASTINAPUR
",8.77,7.139,1.479
2026,4,April,2,Uttar Pradesh,5707," NANDAUR NEAR HASTINAPUR
",8.759,7.135,1.483
2026,5,May,1,Uttar Pradesh,5707," NANDAUR NEAR HASTINAPUR
",8.748,7.132,1.485
2026,5,May,2,Uttar Pradesh,5707," NANDAUR NEAR HASTINAPUR
",8.738,7.126,1.489
2026,6,June,1,Uttar Pradesh,5707," NANDAUR NEAR HASTINAPUR
",8.721,7.117,1.496
2026,6,June,2,Uttar Pradesh,5707," NANDAUR NEAR HASTINAPUR
",8.707,7.111,1.505
2026,7,July,1,Uttar Pradesh,5707," NANDAUR NEAR HASTINAPUR
",8.695,7.106,1.515
2026,7,July,2,Uttar Pradesh,5707," NANDAUR NEAR HASTINAPUR
",8.688,7.103,1.52
2026,8,August,1,Uttar Pradesh,5707," NANDAUR NEAR HASTINAPUR
",8.685,7.102,1.523
2026,8,August,2,Uttar Pradesh,5707," NANDAUR NEAR HASTINAPUR
",8.686,7.1,1.526
2026,9,September,1,Uttar Pradesh,5707," NANDAUR NEAR HASTINAPUR
",8.69,7.099,1.528
2026,9,September,2,Uttar Pradesh,5707," NANDAUR NEAR HASTINAPUR
",8.694,7.098,1.529
2026,10,October,1,Uttar Pradesh,5707," NANDAUR NEAR HASTINAPUR
",8.697,7.097,1.53
2026,10,October,2,Uttar Pradesh,5707," NANDAUR NEAR HASTINAPUR
",8.701,7.097,1.53
2026,11,November,1,Uttar Pradesh,5707," NANDAUR NEAR HASTINAPUR
",8.704,7.096,1.53
2026,11,November,2,Uttar Pradesh,5707," NANDAUR NEAR HASTINAPUR
",8.707,7.096,1.531
2026,12,December,1,Uttar Pradesh,5707," NANDAUR NEAR HASTINAPUR
",8.711,7.096,1.531
2026,12,December,2,Uttar Pradesh,5707," NANDAUR NEAR HASTINAPUR
",8.714,7.096,1.532
2026,1,January,1,Uttar Pradesh,5708," TIGRI GANGA GHAT, AMROHA",8.931,7.964,1.323
2026,1,January,2,Uttar Pradesh,5708," TIGRI GANGA GHAT, AMROHA",8.794,7.911,1.399
2026,2,February,1,Uttar Pradesh,5708," TIGRI GANGA GHAT, AMROHA",8.726,7.901,1.434
2026,2,February,2,Uttar Pradesh,5708," TIGRI GANGA GHAT, AMROHA",8.712,7.899,1.447
2026,3,March,1,Uttar Pradesh,5708," TIGRI GANGA GHAT, AMROHA",8.685,7.907,1.468
2026,3,March,2,Uttar Pradesh,5708," TIGRI GANGA GHAT, AMROHA",8.656,7.906,1.477
2026,4,April,1,Uttar Pradesh,5708," TIGRI GANGA GHAT, AMROHA",8.637,7.906,1.484
2026,4,April,2,Uttar Pradesh,5708," TIGRI GANGA GHAT, AMROHA",8.608,7.904,1.49
2026,5,May,1,Uttar Pradesh,5708," TIGRI GANGA GHAT, AMROHA",8.562,7.903,1.503
2026,5,May,2,Uttar Pradesh,5708," TIGRI GANGA GHAT, AMROHA",8.506,7.9,1.521
2026,6,June,1,Uttar Pradesh,5708," TIGRI GANGA GHAT, AMROHA",8.434,7.894,1.541
2026,6,June,2,Uttar Pradesh,5708," TIGRI GANGA GHAT, AMROHA",8.36,7.886,1.568
2026,7,July,1,Uttar Pradesh,5708," TIGRI GANGA GHAT, AMROHA",8.316,7.856,1.522
2026,7,July,2,Uttar Pradesh,5708," TIGRI GANGA GHAT, AMROHA",8.238,7.84,1.523
2026,8,August,1,Uttar Pradesh,5708," TIGRI GANGA GHAT, AMROHA",8.137,7.823,1.543
2026,8,August,2,Uttar Pradesh,5708," TIGRI GANGA GHAT, AMROHA",8.015,7.802,1.573
2026,9,September,1,Uttar Pradesh,5708," TIGRI GANGA GHAT, AMROHA",7.868,7.775,1.616
2026,9,September,2,Uttar Pradesh,5708," TIGRI GANGA GHAT, AMROHA",7.705,7.743,1.671
2026,10,October,1,Uttar Pradesh,5708," TIGRI GANGA GHAT, AMROHA",7.557,7.709,1.731
2026,10,October,2,Uttar Pradesh,5708," TIGRI GANGA GHAT, AMROHA",7.457,7.679,1.774
2026,11,November,1,Uttar Pradesh,5708," TIGRI GANGA GHAT, AMROHA",7.405,7.657,1.791
2026,11,November,2,Uttar Pradesh,5708," TIGRI GANGA GHAT, AMROHA",7.375,7.639,1.791
2026,12,December,1,Uttar Pradesh,5708," TIGRI GANGA GHAT, AMROHA",7.355,7.622,1.78
2026,12,December,2,Uttar Pradesh,5708," TIGRI GANGA GHAT, AMROHA",7.341,7.606,1.76
2026,1,January,1,Uttar Pradesh,5709,"NANAMAU GANGA BRIDGE,KANPUR",9.913,8.356,3.208
2026,1,January,2,Uttar Pradesh,5709,"NANAMAU GANGA BRIDGE,KANPUR",9.66,8.336,3.467
2026,2,February,1,Uttar Pradesh,5709,"NANAMAU GANGA BRIDGE,KANPUR",9.32,8.286,3.674
2026,2,February,2,Uttar Pradesh,5709,"NANAMAU GANGA BRIDGE,KANPUR",8.865,8.215,3.84
2026,3,March,1,Uttar Pradesh,5709,"NANAMAU GANGA BRIDGE,KANPUR",8.359,8.127,3.935
2026,3,March,2,Uttar Pradesh,5709,"NANAMAU GANGA BRIDGE,KANPUR",7.918,8.047,3.966
2026,4,April,1,Uttar Pradesh,5709,"NANAMAU GANGA BRIDGE,KANPUR",7.615,7.995,3.95
2026,4,April,2,Uttar Pradesh,5709,"NANAMAU GANGA BRIDGE,KANPUR",7.472,7.971,3.899
2026,5,May,1,Uttar Pradesh,5709,"NANAMAU GANGA BRIDGE,KANPUR",7.443,7.969,3.848
2026,5,May,2,Uttar Pradesh,5709,"NANAMAU GANGA BRIDGE,KANPUR",7.493,7.981,3.811
2026,6,June,1,Uttar Pradesh,5709,"NANAMAU GANGA BRIDGE,KANPUR",7.582,7.992,3.8
2026,6,June,2,Uttar Pradesh,5709,"NANAMAU GANGA BRIDGE,KANPUR",7.661,7.991,3.824
2026,7,July,1,Uttar Pradesh,5709,"NANAMAU GANGA BRIDGE,KANPUR",7.701,7.978,3.874
2026,7,July,2,Uttar Pradesh,5709,"NANAMAU GANGA BRIDGE,KANPUR",7.691,7.958,3.933
2026,8,August,1,Uttar Pradesh,5709,"NANAMAU GANGA BRIDGE,KANPUR",7.629,7.934,3.986
2026,8,August,2,Uttar Pradesh,5709,"NANAMAU GANGA BRIDGE,KANPUR",7.499,7.905,4.012
2026,9,September,1,Uttar Pradesh,5709,"NANAMAU GANGA BRIDGE,KANPUR",7.289,7.871,3.973
2026,9,September,2,Uttar Pradesh,5709,"NANAMAU GANGA BRIDGE,KANPUR",7.042,7.837,3.9
2026,10,October,1,Uttar Pradesh,5709,"NANAMAU GANGA BRIDGE,KANPUR",6.816,7.811,3.827
2026,10,October,2,Uttar Pradesh,5709,"NANAMAU GANGA BRIDGE,KANPUR",6.662,7.799,3.772
2026,11,November,1,Uttar Pradesh,5709,"NANAMAU GANGA BRIDGE,KANPUR",6.581,7.796,3.731
2026,11,November,2,Uttar Pradesh,5709,"NANAMAU GANGA BRIDGE,KANPUR",6.548,7.798,3.704
2026,12,December,1,Uttar Pradesh,5709,"NANAMAU GANGA BRIDGE,KANPUR",6.543,7.801,3.685
2026,12,December,2,Uttar Pradesh,5709,"NANAMAU GANGA BRIDGE,KANPUR",6.553,7.804,3.668
2026,1,January,1,Uttar Pradesh,5710," PURANA RAJAPUR,
KANPUR",9.438,8.274,3.606
2026,1,January,2,Uttar Pradesh,5710," PURANA RAJAPUR,
KANPUR",9.252,8.263,3.801
2026,2,February,1,Uttar Pradesh,5710," PURANA RAJAPUR,
KANPUR",8.917,8.216,3.962
2026,2,February,2,Uttar Pradesh,5710," PURANA RAJAPUR,
KANPUR",8.46,8.145,4.084
2026,3,March,1,Uttar Pradesh,5710," PURANA RAJAPUR,
KANPUR",7.97,8.055,4.142
2026,3,March,2,Uttar Pradesh,5710," PURANA RAJAPUR,
KANPUR",7.563,7.98,4.146
2026,4,April,1,Uttar Pradesh,5710," PURANA RAJAPUR,
KANPUR",7.301,7.937,4.112
2026,4,April,2,Uttar Pradesh,5710," PURANA RAJAPUR,
KANPUR",7.14,7.912,4.066
2026,5,May,1,Uttar Pradesh,5710," PURANA RAJAPUR,
KANPUR",7.062,7.901,4.017
2026,5,May,2,Uttar Pradesh,5710," PURANA RAJAPUR,
KANPUR",7.056,7.907,3.979
2026,6,June,1,Uttar Pradesh,5710," PURANA RAJAPUR,
KANPUR",7.111,7.92,3.961
2026,6,June,2,Uttar Pradesh,5710," PURANA RAJAPUR,
KANPUR",7.187,7.92,3.979
2026,7,July,1,Uttar Pradesh,5710," PURANA RAJAPUR,
KANPUR",7.266,7.921,4.003
2026,7,July,2,Uttar Pradesh,5710," PURANA RAJAPUR,
KANPUR",7.317,7.914,4.024
2026,8,August,1,Uttar Pradesh,5710," PURANA RAJAPUR,
KANPUR",7.307,7.899,4.031
2026,8,August,2,Uttar Pradesh,5710," PURANA RAJAPUR,
KANPUR",7.205,7.874,3.998
2026,9,September,1,Uttar Pradesh,5710," PURANA RAJAPUR,
KANPUR",7.02,7.843,3.9
2026,9,September,2,Uttar Pradesh,5710," PURANA RAJAPUR,
KANPUR",6.829,7.82,3.784
2026,10,October,1,Uttar Pradesh,5710," PURANA RAJAPUR,
KANPUR",6.699,7.808,3.699
2026,10,October,2,Uttar Pradesh,5710," PURANA RAJAPUR,
KANPUR",6.63,7.804,3.642
2026,11,November,1,Uttar Pradesh,5710," PURANA RAJAPUR,
KANPUR",6.602,7.806,3.607
2026,11,November,2,Uttar Pradesh,5710," PURANA RAJAPUR,
KANPUR",6.596,7.81,3.582
2026,12,December,1,Uttar Pradesh,5710," PURANA RAJAPUR,
KANPUR",6.604,7.815,3.564
2026,12,December,2,Uttar Pradesh,5710," PURANA RAJAPUR,
KANPUR",6.621,7.821,3.547
2026,1,January,1,Uttar Pradesh,5711," A/C PANDU RIVER, DEOMAI",9.237,8.299,2.661
2026,1,January,2,Uttar Pradesh,5711," A/C PANDU RIVER, DEOMAI",9.319,8.304,2.637
2026,2,February,1,Uttar Pradesh,5711," A/C PANDU RIVER, DEOMAI",9.294,8.296,2.644
2026,2,February,2,Uttar Pradesh,5711," A/C PANDU RIVER, DEOMAI",9.208,8.284,2.67
2026,3,March,1,Uttar Pradesh,5711," A/C PANDU RIVER, DEOMAI",9.099,8.269,2.709
2026,3,March,2,Uttar Pradesh,5711," A/C PANDU RIVER, DEOMAI",8.966,8.251,2.753
2026,4,April,1,Uttar Pradesh,5711," A/C PANDU RIVER, DEOMAI",8.822,8.229,2.792
2026,4,April,2,Uttar Pradesh,5711," A/C PANDU RIVER, DEOMAI",8.631,8.194,2.817
2026,5,May,1,Uttar Pradesh,5711," A/C PANDU RIVER, DEOMAI",8.463,8.16,2.827
2026,5,May,2,Uttar Pradesh,5711," A/C PANDU RIVER, DEOMAI",8.375,8.144,2.832
2026,6,June,1,Uttar Pradesh,5711," A/C PANDU RIVER, DEOMAI",8.343,8.14,2.836
2026,6,June,2,Uttar Pradesh,5711," A/C PANDU RIVER, DEOMAI",8.344,8.143,2.839
2026,7,July,1,Uttar Pradesh,5711," A/C PANDU RIVER, DEOMAI",8.368,8.149,2.843
2026,7,July,2,Uttar Pradesh,5711," A/C PANDU RIVER, DEOMAI",8.409,8.157,2.846
2026,8,August,1,Uttar Pradesh,5711," A/C PANDU RIVER, DEOMAI",8.459,8.166,2.848
2026,8,August,2,Uttar Pradesh,5711," A/C PANDU RIVER, DEOMAI",8.514,8.174,2.851
2026,9,September,1,Uttar Pradesh,5711," A/C PANDU RIVER, DEOMAI",8.571,8.182,2.852
2026,9,September,2,Uttar Pradesh,5711," A/C PANDU RIVER, DEOMAI",8.629,8.191,2.853
2026,10,October,1,Uttar Pradesh,5711," A/C PANDU RIVER, DEOMAI",8.683,8.199,2.855
2026,10,October,2,Uttar Pradesh,5711," A/C PANDU RIVER, DEOMAI",8.731,8.206,2.856
2026,11,November,1,Uttar Pradesh,5711," A/C PANDU RIVER, DEOMAI",8.767,8.211,2.856
2026,11,November,2,Uttar Pradesh,5711," A/C PANDU RIVER, DEOMAI",8.783,8.213,2.857
2026,12,December,1,Uttar Pradesh,5711," A/C PANDU RIVER, DEOMAI",8.779,8.211,2.861
2026,12,December,2,Uttar Pradesh,5711," A/C PANDU RIVER, DEOMAI",8.757,8.207,2.866
2026,1,January,1,Uttar Pradesh,5712,"MATA GANGA BRIDGE ,
 FATEHPUR",9.089,7.953,2.006
2026,1,January,2,Uttar Pradesh,5712,"MATA GANGA BRIDGE ,
 FATEHPUR",8.489,7.969,2.113
2026,2,February,1,Uttar Pradesh,5712,"MATA GANGA BRIDGE ,
 FATEHPUR",8.307,7.982,2.256
2026,2,February,2,Uttar Pradesh,5712,"MATA GANGA BRIDGE ,
 FATEHPUR",8.246,7.99,2.351
2026,3,March,1,Uttar Pradesh,5712,"MATA GANGA BRIDGE ,
 FATEHPUR",8.166,7.991,2.422
2026,3,March,2,Uttar Pradesh,5712,"MATA GANGA BRIDGE ,
 FATEHPUR",8.102,7.989,2.463
2026,4,April,1,Uttar Pradesh,5712,"MATA GANGA BRIDGE ,
 FATEHPUR",8.025,7.98,2.458
2026,4,April,2,Uttar Pradesh,5712,"MATA GANGA BRIDGE ,
 FATEHPUR",7.991,7.973,2.451
2026,5,May,1,Uttar Pradesh,5712,"MATA GANGA BRIDGE ,
 FATEHPUR",7.961,7.966,2.434
2026,5,May,2,Uttar Pradesh,5712,"MATA GANGA BRIDGE ,
 FATEHPUR",7.957,7.959,2.416
2026,6,June,1,Uttar Pradesh,5712,"MATA GANGA BRIDGE ,
 FATEHPUR",7.98,7.966,2.416
2026,6,June,2,Uttar Pradesh,5712,"MATA GANGA BRIDGE ,
 FATEHPUR",8.0,7.967,2.409
2026,7,July,1,Uttar Pradesh,5712,"MATA GANGA BRIDGE ,
 FATEHPUR",8.018,7.982,2.46
2026,7,July,2,Uttar Pradesh,5712,"MATA GANGA BRIDGE ,
 FATEHPUR",8.06,8.01,2.522
2026,8,August,1,Uttar Pradesh,5712,"MATA GANGA BRIDGE ,
 FATEHPUR",8.109,8.038,2.574
2026,8,August,2,Uttar Pradesh,5712,"MATA GANGA BRIDGE ,
 FATEHPUR",8.164,8.064,2.612
2026,9,September,1,Uttar Pradesh,5712,"MATA GANGA BRIDGE ,
 FATEHPUR",8.224,8.088,2.64
2026,9,September,2,Uttar Pradesh,5712,"MATA GANGA BRIDGE ,
 FATEHPUR",8.286,8.112,2.663
2026,10,October,1,Uttar Pradesh,5712,"MATA GANGA BRIDGE ,
 FATEHPUR",8.353,8.135,2.68
2026,10,October,2,Uttar Pradesh,5712,"MATA GANGA BRIDGE ,
 FATEHPUR",8.428,8.157,2.696
2026,11,November,1,Uttar Pradesh,5712,"MATA GANGA BRIDGE ,
 FATEHPUR",8.519,8.181,2.71
2026,11,November,2,Uttar Pradesh,5712,"MATA GANGA BRIDGE ,
 FATEHPUR",8.626,8.204,2.718
2026,12,December,1,Uttar Pradesh,5712,"MATA GANGA BRIDGE ,
 FATEHPUR",8.736,8.223,2.721
2026,12,December,2,Uttar Pradesh,5712,"MATA GANGA BRIDGE ,
 FATEHPUR",8.826,8.236,2.724
2026,1,January,1,Uttar Pradesh,5713,"DHEEMI, PRATAPGARH",9.086,8.08,2.134
2026,1,January,2,Uttar Pradesh,5713,"DHEEMI, PRATAPGARH",8.753,8.125,2.314
2026,2,February,1,Uttar Pradesh,5713,"DHEEMI, PRATAPGARH",8.6,8.13,2.471
2026,2,February,2,Uttar Pradesh,5713,"DHEEMI, PRATAPGARH",8.443,8.12,2.604
2026,3,March,1,Uttar Pradesh,5713,"DHEEMI, PRATAPGARH",8.345,8.111,2.679
2026,3,March,2,Uttar Pradesh,5713,"DHEEMI, PRATAPGARH",8.242,8.097,2.711
2026,4,April,1,Uttar Pradesh,5713,"DHEEMI, PRATAPGARH",8.179,8.091,2.706
2026,4,April,2,Uttar Pradesh,5713,"DHEEMI, PRATAPGARH",8.156,8.085,2.701
2026,5,May,1,Uttar Pradesh,5713,"DHEEMI, PRATAPGARH",8.155,8.084,2.696
2026,5,May,2,Uttar Pradesh,5713,"DHEEMI, PRATAPGARH",8.174,8.088,2.694
2026,6,June,1,Uttar Pradesh,5713,"DHEEMI, PRATAPGARH",8.206,8.096,2.683
2026,6,June,2,Uttar Pradesh,5713,"DHEEMI, PRATAPGARH",8.256,8.107,2.678
2026,7,July,1,Uttar Pradesh,5713,"DHEEMI, PRATAPGARH",8.345,8.134,2.708
2026,7,July,2,Uttar Pradesh,5713,"DHEEMI, PRATAPGARH",8.465,8.167,2.733
2026,8,August,1,Uttar Pradesh,5713,"DHEEMI, PRATAPGARH",8.592,8.194,2.753
2026,8,August,2,Uttar Pradesh,5713,"DHEEMI, PRATAPGARH",8.723,8.218,2.763
2026,9,September,1,Uttar Pradesh,5713,"DHEEMI, PRATAPGARH",8.836,8.234,2.766
2026,9,September,2,Uttar Pradesh,5713,"DHEEMI, PRATAPGARH",8.91,8.243,2.766
2026,10,October,1,Uttar Pradesh,5713,"DHEEMI, PRATAPGARH",8.939,8.246,2.768
2026,10,October,2,Uttar Pradesh,5713,"DHEEMI, PRATAPGARH",8.929,8.243,2.777
2026,11,November,1,Uttar Pradesh,5713,"DHEEMI, PRATAPGARH",8.891,8.236,2.791
2026,11,November,2,Uttar Pradesh,5713,"DHEEMI, PRATAPGARH",8.831,8.227,2.808
2026,12,December,1,Uttar Pradesh,5713,"DHEEMI, PRATAPGARH",8.759,8.214,2.825
2026,12,December,2,Uttar Pradesh,5713,"DHEEMI, PRATAPGARH",8.68,8.201,2.839
2026,1,January,1,Uttar Pradesh,5714," B/C TAMSA RIVER AT PRACHIN SHIVALAYA DUMDUMA
GHAT",9.21,8.306,2.498
2026,1,January,2,Uttar Pradesh,5714," B/C TAMSA RIVER AT PRACHIN SHIVALAYA DUMDUMA
GHAT",9.309,8.307,2.494
2026,2,February,1,Uttar Pradesh,5714," B/C TAMSA RIVER AT PRACHIN SHIVALAYA DUMDUMA
GHAT",9.253,8.294,2.523
2026,2,February,2,Uttar Pradesh,5714," B/C TAMSA RIVER AT PRACHIN SHIVALAYA DUMDUMA
GHAT",9.163,8.282,2.57
2026,3,March,1,Uttar Pradesh,5714," B/C TAMSA RIVER AT PRACHIN SHIVALAYA DUMDUMA
GHAT",9.035,8.264,2.627
2026,3,March,2,Uttar Pradesh,5714," B/C TAMSA RIVER AT PRACHIN SHIVALAYA DUMDUMA
GHAT",8.905,8.246,2.685
2026,4,April,1,Uttar Pradesh,5714," B/C TAMSA RIVER AT PRACHIN SHIVALAYA DUMDUMA
GHAT",8.749,8.221,2.732
2026,4,April,2,Uttar Pradesh,5714," B/C TAMSA RIVER AT PRACHIN SHIVALAYA DUMDUMA
GHAT",8.606,8.196,2.751
2026,5,May,1,Uttar Pradesh,5714," B/C TAMSA RIVER AT PRACHIN SHIVALAYA DUMDUMA
GHAT",8.47,8.167,2.763
2026,5,May,2,Uttar Pradesh,5714," B/C TAMSA RIVER AT PRACHIN SHIVALAYA DUMDUMA
GHAT",8.385,8.15,2.771
2026,6,June,1,Uttar Pradesh,5714," B/C TAMSA RIVER AT PRACHIN SHIVALAYA DUMDUMA
GHAT",8.354,8.145,2.778
2026,6,June,2,Uttar Pradesh,5714," B/C TAMSA RIVER AT PRACHIN SHIVALAYA DUMDUMA
GHAT",8.36,8.148,2.785
2026,7,July,1,Uttar Pradesh,5714," B/C TAMSA RIVER AT PRACHIN SHIVALAYA DUMDUMA
GHAT",8.386,8.155,2.795
2026,7,July,2,Uttar Pradesh,5714," B/C TAMSA RIVER AT PRACHIN SHIVALAYA DUMDUMA
GHAT",8.424,8.163,2.804
2026,8,August,1,Uttar Pradesh,5714," B/C TAMSA RIVER AT PRACHIN SHIVALAYA DUMDUMA
GHAT",8.472,8.171,2.812
2026,8,August,2,Uttar Pradesh,5714," B/C TAMSA RIVER AT PRACHIN SHIVALAYA DUMDUMA
GHAT",8.524,8.179,2.819
2026,9,September,1,Uttar Pradesh,5714," B/C TAMSA RIVER AT PRACHIN SHIVALAYA DUMDUMA
GHAT",8.579,8.187,2.823
2026,9,September,2,Uttar Pradesh,5714," B/C TAMSA RIVER AT PRACHIN SHIVALAYA DUMDUMA
GHAT",8.634,8.195,2.827
2026,10,October,1,Uttar Pradesh,5714," B/C TAMSA RIVER AT PRACHIN SHIVALAYA DUMDUMA
GHAT",8.685,8.202,2.831
2026,10,October,2,Uttar Pradesh,5714," B/C TAMSA RIVER AT PRACHIN SHIVALAYA DUMDUMA
GHAT",8.729,8.209,2.833
2026,11,November,1,Uttar Pradesh,5714," B/C TAMSA RIVER AT PRACHIN SHIVALAYA DUMDUMA
GHAT",8.76,8.213,2.836
2026,11,November,2,Uttar Pradesh,5714," B/C TAMSA RIVER AT PRACHIN SHIVALAYA DUMDUMA
GHAT",8.773,8.214,2.839
2026,12,December,1,Uttar Pradesh,5714," B/C TAMSA RIVER AT PRACHIN SHIVALAYA DUMDUMA
GHAT",8.767,8.212,2.844
2026,12,December,2,Uttar Pradesh,5714," B/C TAMSA RIVER AT PRACHIN SHIVALAYA DUMDUMA
GHAT",8.744,8.208,2.852
2026,1,January,1,Uttar Pradesh,5715,"B/C GOMTI RIVER AT
BALUA GHAT BRIDGE, VARANASI",8.054,8.065,3.316
2026,1,January,2,Uttar Pradesh,5715,"B/C GOMTI RIVER AT
BALUA GHAT BRIDGE, VARANASI",8.107,8.072,3.334
2026,2,February,1,Uttar Pradesh,5715,"B/C GOMTI RIVER AT
BALUA GHAT BRIDGE, VARANASI",8.187,8.085,3.355
2026,2,February,2,Uttar Pradesh,5715,"B/C GOMTI RIVER AT
BALUA GHAT BRIDGE, VARANASI",8.272,8.098,3.372
2026,3,March,1,Uttar Pradesh,5715,"B/C GOMTI RIVER AT
BALUA GHAT BRIDGE, VARANASI",8.364,8.108,3.391
2026,3,March,2,Uttar Pradesh,5715,"B/C GOMTI RIVER AT
BALUA GHAT BRIDGE, VARANASI",8.465,8.122,3.404
2026,4,April,1,Uttar Pradesh,5715,"B/C GOMTI RIVER AT
BALUA GHAT BRIDGE, VARANASI",8.569,8.134,3.412
2026,4,April,2,Uttar Pradesh,5715,"B/C GOMTI RIVER AT
BALUA GHAT BRIDGE, VARANASI",8.627,8.139,3.423
2026,5,May,1,Uttar Pradesh,5715,"B/C GOMTI RIVER AT
BALUA GHAT BRIDGE, VARANASI",8.626,8.127,3.445
2026,5,May,2,Uttar Pradesh,5715,"B/C GOMTI RIVER AT
BALUA GHAT BRIDGE, VARANASI",8.551,8.103,3.469
2026,6,June,1,Uttar Pradesh,5715,"B/C GOMTI RIVER AT
BALUA GHAT BRIDGE, VARANASI",8.438,8.076,3.501
2026,6,June,2,Uttar Pradesh,5715,"B/C GOMTI RIVER AT
BALUA GHAT BRIDGE, VARANASI",8.304,8.047,3.541
2026,7,July,1,Uttar Pradesh,5715,"B/C GOMTI RIVER AT
BALUA GHAT BRIDGE, VARANASI",8.158,8.019,3.575
2026,7,July,2,Uttar Pradesh,5715,"B/C GOMTI RIVER AT
BALUA GHAT BRIDGE, VARANASI",8.02,7.994,3.609
2026,8,August,1,Uttar Pradesh,5715,"B/C GOMTI RIVER AT
BALUA GHAT BRIDGE, VARANASI",7.896,7.971,3.643
2026,8,August,2,Uttar Pradesh,5715,"B/C GOMTI RIVER AT
BALUA GHAT BRIDGE, VARANASI",7.783,7.951,3.678
2026,9,September,1,Uttar Pradesh,5715,"B/C GOMTI RIVER AT
BALUA GHAT BRIDGE, VARANASI",7.682,7.935,3.716
2026,9,September,2,Uttar Pradesh,5715,"B/C GOMTI RIVER AT
BALUA GHAT BRIDGE, VARANASI",7.596,7.92,3.753
2026,10,October,1,Uttar Pradesh,5715,"B/C GOMTI RIVER AT
BALUA GHAT BRIDGE, VARANASI",7.518,7.908,3.786
2026,10,October,2,Uttar Pradesh,5715,"B/C GOMTI RIVER AT
BALUA GHAT BRIDGE, VARANASI",7.445,7.896,3.812
2026,11,November,1,Uttar Pradesh,5715,"B/C GOMTI RIVER AT
BALUA GHAT BRIDGE, VARANASI",7.363,7.882,3.831
2026,11,November,2,Uttar Pradesh,5715,"B/C GOMTI RIVER AT
BALUA GHAT BRIDGE, VARANASI",7.262,7.864,3.839
2026,12,December,1,Uttar Pradesh,5715,"B/C GOMTI RIVER AT
BALUA GHAT BRIDGE, VARANASI",7.132,7.845,3.83
2026,12,December,2,Uttar Pradesh,5715,"B/C GOMTI RIVER AT
BALUA GHAT BRIDGE, VARANASI",6.973,7.824,3.807
2026,1,January,1,Uttar Pradesh,5716,"U/S GHAZIPUR, ZAMANIA",8.965,8.248,2.92
2026,1,January,2,Uttar Pradesh,5716,"U/S GHAZIPUR, ZAMANIA",9.166,8.277,2.842
2026,2,February,1,Uttar Pradesh,5716,"U/S GHAZIPUR, ZAMANIA",9.268,8.288,2.779
2026,2,February,2,Uttar Pradesh,5716,"U/S GHAZIPUR, ZAMANIA",9.286,8.285,2.747
2026,3,March,1,Uttar Pradesh,5716,"U/S GHAZIPUR, ZAMANIA",9.257,8.284,2.741
2026,3,March,2,Uttar Pradesh,5716,"U/S GHAZIPUR, ZAMANIA",9.202,8.279,2.75
2026,4,April,1,Uttar Pradesh,5716,"U/S GHAZIPUR, ZAMANIA",9.097,8.263,2.776
2026,4,April,2,Uttar Pradesh,5716,"U/S GHAZIPUR, ZAMANIA",8.963,8.241,2.814
2026,5,May,1,Uttar Pradesh,5716,"U/S GHAZIPUR, ZAMANIA",8.802,8.216,2.851
2026,5,May,2,Uttar Pradesh,5716,"U/S GHAZIPUR, ZAMANIA",8.61,8.182,2.868
2026,6,June,1,Uttar Pradesh,5716,"U/S GHAZIPUR, ZAMANIA",8.468,8.155,2.878
2026,6,June,2,Uttar Pradesh,5716,"U/S GHAZIPUR, ZAMANIA",8.38,8.14,2.885
2026,7,July,1,Uttar Pradesh,5716,"U/S GHAZIPUR, ZAMANIA",8.338,8.135,2.885
2026,7,July,2,Uttar Pradesh,5716,"U/S GHAZIPUR, ZAMANIA",8.336,8.137,2.885
2026,8,August,1,Uttar Pradesh,5716,"U/S GHAZIPUR, ZAMANIA",8.361,8.144,2.885
2026,8,August,2,Uttar Pradesh,5716,"U/S GHAZIPUR, ZAMANIA",8.402,8.152,2.884
2026,9,September,1,Uttar Pradesh,5716,"U/S GHAZIPUR, ZAMANIA",8.454,8.161,2.883
2026,9,September,2,Uttar Pradesh,5716,"U/S GHAZIPUR, ZAMANIA",8.51,8.169,2.881
2026,10,October,1,Uttar Pradesh,5716,"U/S GHAZIPUR, ZAMANIA",8.567,8.178,2.88
2026,10,October,2,Uttar Pradesh,5716,"U/S GHAZIPUR, ZAMANIA",8.625,8.186,2.881
2026,11,November,1,Uttar Pradesh,5716,"U/S GHAZIPUR, ZAMANIA",8.679,8.194,2.881
2026,11,November,2,Uttar Pradesh,5716,"U/S GHAZIPUR, ZAMANIA",8.728,8.202,2.88
2026,12,December,1,Uttar Pradesh,5716,"U/S GHAZIPUR, ZAMANIA",8.764,8.207,2.878
2026,12,December,2,Uttar Pradesh,5716,"U/S GHAZIPUR, ZAMANIA",8.781,8.209,2.878
2026,1,January,1,Uttar Pradesh,5717,"BALLIA D/S AT BEYASI
BALLIA BRIDGE",8.731,8.184,3.175
2026,1,January,2,Uttar Pradesh,5717,"BALLIA D/S AT BEYASI
BALLIA BRIDGE",8.956,8.212,3.147
2026,2,February,1,Uttar Pradesh,5717,"BALLIA D/S AT BEYASI
BALLIA BRIDGE",9.144,8.234,3.114
2026,2,February,2,Uttar Pradesh,5717,"BALLIA D/S AT BEYASI
BALLIA BRIDGE",9.285,8.249,3.091
2026,3,March,1,Uttar Pradesh,5717,"BALLIA D/S AT BEYASI
BALLIA BRIDGE",9.318,8.261,3.058
2026,3,March,2,Uttar Pradesh,5717,"BALLIA D/S AT BEYASI
BALLIA BRIDGE",9.306,8.263,3.032
2026,4,April,1,Uttar Pradesh,5717,"BALLIA D/S AT BEYASI
BALLIA BRIDGE",9.213,8.252,3.013
2026,4,April,2,Uttar Pradesh,5717,"BALLIA D/S AT BEYASI
BALLIA BRIDGE",9.106,8.24,3.004
2026,5,May,1,Uttar Pradesh,5717,"BALLIA D/S AT BEYASI
BALLIA BRIDGE",8.984,8.218,3.017
2026,5,May,2,Uttar Pradesh,5717,"BALLIA D/S AT BEYASI
BALLIA BRIDGE",8.8,8.188,3.029
2026,6,June,1,Uttar Pradesh,5717,"BALLIA D/S AT BEYASI
BALLIA BRIDGE",8.602,8.153,3.034
2026,6,June,2,Uttar Pradesh,5717,"BALLIA D/S AT BEYASI
BALLIA BRIDGE",8.448,8.124,3.04
2026,7,July,1,Uttar Pradesh,5717,"BALLIA D/S AT BEYASI
BALLIA BRIDGE",8.351,8.109,3.041
2026,7,July,2,Uttar Pradesh,5717,"BALLIA D/S AT BEYASI
BALLIA BRIDGE",8.303,8.104,3.039
2026,8,August,1,Uttar Pradesh,5717,"BALLIA D/S AT BEYASI
BALLIA BRIDGE",8.293,8.107,3.036
2026,8,August,2,Uttar Pradesh,5717,"BALLIA D/S AT BEYASI
BALLIA BRIDGE",8.307,8.113,3.033
2026,9,September,1,Uttar Pradesh,5717,"BALLIA D/S AT BEYASI
BALLIA BRIDGE",8.337,8.12,3.028
2026,9,September,2,Uttar Pradesh,5717,"BALLIA D/S AT BEYASI
BALLIA BRIDGE",8.378,8.128,3.022
2026,10,October,1,Uttar Pradesh,5717,"BALLIA D/S AT BEYASI
BALLIA BRIDGE",8.427,8.136,3.016
2026,10,October,2,Uttar Pradesh,5717,"BALLIA D/S AT BEYASI
BALLIA BRIDGE",8.483,8.145,3.01
2026,11,November,1,Uttar Pradesh,5717,"BALLIA D/S AT BEYASI
BALLIA BRIDGE",8.541,8.153,3.006
2026,11,November,2,Uttar Pradesh,5717,"BALLIA D/S AT BEYASI
BALLIA BRIDGE",8.599,8.161,3.001
2026,12,December,1,Uttar Pradesh,5717,"BALLIA D/S AT BEYASI
BALLIA BRIDGE",8.655,8.17,2.995
2026,12,December,2,Uttar Pradesh,5717,"BALLIA D/S AT BEYASI
BALLIA BRIDGE",8.703,8.178,2.987
2026,1,January,1,Uttarakhand,5776,"SWARG ASHRAM ,RISHIKESH",9.794,7.869,1.088
2026,1,January,2,Uttarakhand,5776,"SWARG ASHRAM ,RISHIKESH",9.642,7.848,1.148
2026,2,February,1,Uttarakhand,5776,"SWARG ASHRAM ,RISHIKESH",9.584,7.852,1.172
2026,2,February,2,Uttarakhand,5776,"SWARG ASHRAM ,RISHIKESH",9.549,7.856,1.185
2026,3,March,1,Uttarakhand,5776,"SWARG ASHRAM ,RISHIKESH",9.544,7.857,1.184
2026,3,March,2,Uttarakhand,5776,"SWARG ASHRAM ,RISHIKESH",9.528,7.859,1.19
2026,4,April,1,Uttarakhand,5776,"SWARG ASHRAM ,RISHIKESH",9.526,7.859,1.188
2026,4,April,2,Uttarakhand,5776,"SWARG ASHRAM ,RISHIKESH",9.521,7.86,1.188
2026,5,May,1,Uttarakhand,5776,"SWARG ASHRAM ,RISHIKESH",9.542,7.857,1.172
2026,5,May,2,Uttarakhand,5776,"SWARG ASHRAM ,RISHIKESH",9.563,7.853,1.155
2026,6,June,1,Uttarakhand,5776,"SWARG ASHRAM ,RISHIKESH",9.584,7.848,1.135
2026,6,June,2,Uttarakhand,5776,"SWARG ASHRAM ,RISHIKESH",9.631,7.839,1.094
2026,7,July,1,Uttarakhand,5776,"SWARG ASHRAM ,RISHIKESH",9.684,7.826,1.046
2026,7,July,2,Uttarakhand,5776,"SWARG ASHRAM ,RISHIKESH",9.708,7.818,1.03
2026,8,August,1,Uttarakhand,5776,"SWARG ASHRAM ,RISHIKESH",9.722,7.813,1.021
2026,8,August,2,Uttarakhand,5776,"SWARG ASHRAM ,RISHIKESH",9.736,7.81,1.014
2026,9,September,1,Uttarakhand,5776,"SWARG ASHRAM ,RISHIKESH",9.75,7.807,1.007
2026,9,September,2,Uttarakhand,5776,"SWARG ASHRAM ,RISHIKESH",9.765,7.805,1.0
2026,10,October,1,Uttarakhand,5776,"SWARG ASHRAM ,RISHIKESH",9.782,7.802,0.992
2026,10,October,2,Uttarakhand,5776,"SWARG ASHRAM ,RISHIKESH",9.798,7.8,0.985
2026,11,November,1,Uttarakhand,5776,"SWARG ASHRAM ,RISHIKESH",9.815,7.797,0.978
2026,11,November,2,Uttarakhand,5776,"SWARG ASHRAM ,RISHIKESH",9.831,7.795,0.971
2026,12,December,1,Uttarakhand,5776,"SWARG ASHRAM ,RISHIKESH",9.846,7.793,0.966
2026,12,December,2,Uttarakhand,5776,"SWARG ASHRAM ,RISHIKESH",9.86,7.791,0.96
2026,1,January,1,Uttarakhand,5777,"VISTHAPHIT COLONY, RISHIKESH",10.005,7.798,0.988
2026,1,January,2,Uttarakhand,5777,"VISTHAPHIT COLONY, RISHIKESH",9.977,7.799,0.987
2026,2,February,1,Uttarakhand,5777,"VISTHAPHIT COLONY, RISHIKESH",9.968,7.799,0.985
2026,2,February,2,Uttarakhand,5777,"VISTHAPHIT COLONY, RISHIKESH",9.966,7.799,0.981
2026,3,March,1,Uttarakhand,5777,"VISTHAPHIT COLONY, RISHIKESH",9.964,7.798,0.978
2026,3,March,2,Uttarakhand,5777,"VISTHAPHIT COLONY, RISHIKESH",9.962,7.796,0.975
2026,4,April,1,Uttarakhand,5777,"VISTHAPHIT COLONY, RISHIKESH",9.962,7.795,0.971
2026,4,April,2,Uttarakhand,5777,"VISTHAPHIT COLONY, RISHIKESH",9.959,7.794,0.968
2026,5,May,1,Uttarakhand,5777,"VISTHAPHIT COLONY, RISHIKESH",9.959,7.792,0.962
2026,5,May,2,Uttarakhand,5777,"VISTHAPHIT COLONY, RISHIKESH",9.957,7.79,0.956
2026,6,June,1,Uttarakhand,5777,"VISTHAPHIT COLONY, RISHIKESH",9.955,7.787,0.95
2026,6,June,2,Uttarakhand,5777,"VISTHAPHIT COLONY, RISHIKESH",9.952,7.786,0.949
2026,7,July,1,Uttarakhand,5777,"VISTHAPHIT COLONY, RISHIKESH",9.948,7.785,0.947
2026,7,July,2,Uttarakhand,5777,"VISTHAPHIT COLONY, RISHIKESH",9.947,7.785,0.946
2026,8,August,1,Uttarakhand,5777,"VISTHAPHIT COLONY, RISHIKESH",9.946,7.785,0.946
2026,8,August,2,Uttarakhand,5777,"VISTHAPHIT COLONY, RISHIKESH",9.945,7.784,0.945
2026,9,September,1,Uttarakhand,5777,"VISTHAPHIT COLONY, RISHIKESH",9.945,7.784,0.944
2026,9,September,2,Uttarakhand,5777,"VISTHAPHIT COLONY, RISHIKESH",9.945,7.784,0.944
2026,10,October,1,Uttarakhand,5777,"VISTHAPHIT COLONY, RISHIKESH",9.944,7.783,0.943
2026,10,October,2,Uttarakhand,5777,"VISTHAPHIT COLONY, RISHIKESH",9.944,7.783,0.942
2026,11,November,1,Uttarakhand,5777,"VISTHAPHIT COLONY, RISHIKESH",9.944,7.783,0.942
2026,11,November,2,Uttarakhand,5777,"VISTHAPHIT COLONY, RISHIKESH",9.944,7.783,0.941
2026,12,December,1,Uttarakhand,5777,"VISTHAPHIT COLONY, RISHIKESH",9.944,7.782,0.941
2026,12,December,2,Uttarakhand,5777,"VISTHAPHIT COLONY, RISHIKESH",9.943,7.782,0.941
2026,1,January,1,Uttarakhand,5778,"BISHANPUR KUNDI, HARIDWAR",9.121,8.088,2.219
2026,1,January,2,Uttarakhand,5778,"BISHANPUR KUNDI, HARIDWAR",8.726,8.063,2.449
2026,2,February,1,Uttarakhand,5778,"BISHANPUR KUNDI, HARIDWAR",8.437,8.047,2.619
2026,2,February,2,Uttarakhand,5778,"BISHANPUR KUNDI, HARIDWAR",8.305,8.024,2.713
2026,3,March,1,Uttarakhand,5778,"BISHANPUR KUNDI, HARIDWAR",8.23,8.011,2.751
2026,3,March,2,Uttarakhand,5778,"BISHANPUR KUNDI, HARIDWAR",8.179,8.0,2.767
2026,4,April,1,Uttarakhand,5778,"BISHANPUR KUNDI, HARIDWAR",8.136,7.994,2.769
2026,4,April,2,Uttarakhand,5778,"BISHANPUR KUNDI, HARIDWAR",8.083,8.036,2.751
2026,5,May,1,Uttarakhand,5778,"BISHANPUR KUNDI, HARIDWAR",8.108,8.061,2.745
2026,5,May,2,Uttarakhand,5778,"BISHANPUR KUNDI, HARIDWAR",8.146,8.076,2.746
2026,6,June,1,Uttarakhand,5778,"BISHANPUR KUNDI, HARIDWAR",8.218,8.103,2.757
2026,6,June,2,Uttarakhand,5778,"BISHANPUR KUNDI, HARIDWAR",8.296,8.124,2.769
2026,7,July,1,Uttarakhand,5778,"BISHANPUR KUNDI, HARIDWAR",8.363,8.136,2.794
2026,7,July,2,Uttarakhand,5778,"BISHANPUR KUNDI, HARIDWAR",8.441,8.153,2.816
2026,8,August,1,Uttarakhand,5778,"BISHANPUR KUNDI, HARIDWAR",8.533,8.174,2.832
2026,8,August,2,Uttarakhand,5778,"BISHANPUR KUNDI, HARIDWAR",8.636,8.194,2.838
2026,9,September,1,Uttarakhand,5778,"BISHANPUR KUNDI, HARIDWAR",8.737,8.211,2.837
2026,9,September,2,Uttarakhand,5778,"BISHANPUR KUNDI, HARIDWAR",8.823,8.225,2.829
2026,10,October,1,Uttarakhand,5778,"BISHANPUR KUNDI, HARIDWAR",8.879,8.233,2.822
2026,10,October,2,Uttarakhand,5778,"BISHANPUR KUNDI, HARIDWAR",8.903,8.236,2.819
2026,11,November,1,Uttarakhand,5778,"BISHANPUR KUNDI, HARIDWAR",8.892,8.233,2.823
2026,11,November,2,Uttarakhand,5778,"BISHANPUR KUNDI, HARIDWAR",8.851,8.226,2.834
2026,12,December,1,Uttarakhand,5778,"BISHANPUR KUNDI, HARIDWAR",8.791,8.215,2.847
2026,12,December,2,Uttarakhand,5778,"BISHANPUR KUNDI, HARIDWAR",8.72,8.203,2.861
2026,1,January,1,Bihar,10113,"U/S JAIL GHAT, BUXAR ",7.683,7.745,1.502
2026,1,January,2,Bihar,10113,"U/S JAIL GHAT, BUXAR ",7.383,7.588,1.598
2026,2,February,1,Bihar,10113,"U/S JAIL GHAT, BUXAR ",7.306,7.576,1.662
2026,2,February,2,Bihar,10113,"U/S JAIL GHAT, BUXAR ",7.275,7.578,1.685
2026,3,March,1,Bihar,10113,"U/S JAIL GHAT, BUXAR ",7.258,7.583,1.695
2026,3,March,2,Bihar,10113,"U/S JAIL GHAT, BUXAR ",7.254,7.585,1.7
2026,4,April,1,Bihar,10113,"U/S JAIL GHAT, BUXAR ",7.26,7.589,1.708
2026,4,April,2,Bihar,10113,"U/S JAIL GHAT, BUXAR ",7.264,7.586,1.709
2026,5,May,1,Bihar,10113,"U/S JAIL GHAT, BUXAR ",7.254,7.589,1.706
2026,5,May,2,Bihar,10113,"U/S JAIL GHAT, BUXAR ",7.26,7.577,1.67
2026,6,June,1,Bihar,10113,"U/S JAIL GHAT, BUXAR ",7.26,7.581,1.671
2026,6,June,2,Bihar,10113,"U/S JAIL GHAT, BUXAR ",7.255,7.583,1.669
2026,7,July,1,Bihar,10113,"U/S JAIL GHAT, BUXAR ",7.233,7.516,1.591
2026,7,July,2,Bihar,10113,"U/S JAIL GHAT, BUXAR ",7.239,7.492,1.551
2026,8,August,1,Bihar,10113,"U/S JAIL GHAT, BUXAR ",7.243,7.486,1.533
2026,8,August,2,Bihar,10113,"U/S JAIL GHAT, BUXAR ",7.243,7.482,1.523
2026,9,September,1,Bihar,10113,"U/S JAIL GHAT, BUXAR ",7.242,7.479,1.516
2026,9,September,2,Bihar,10113,"U/S JAIL GHAT, BUXAR ",7.241,7.475,1.51
2026,10,October,1,Bihar,10113,"U/S JAIL GHAT, BUXAR ",7.242,7.471,1.504
2026,10,October,2,Bihar,10113,"U/S JAIL GHAT, BUXAR ",7.243,7.466,1.497
2026,11,November,1,Bihar,10113,"U/S JAIL GHAT, BUXAR ",7.244,7.46,1.491
2026,11,November,2,Bihar,10113,"U/S JAIL GHAT, BUXAR ",7.245,7.455,1.484
2026,12,December,1,Bihar,10113,"U/S JAIL GHAT, BUXAR ",7.248,7.449,1.478
2026,12,December,2,Bihar,10113,"U/S JAIL GHAT, BUXAR ",7.251,7.442,1.472
2026,1,January,1,Bihar,10114,DORIGANJ D/S (SARAN),7.393,7.522,1.383
2026,1,January,2,Bihar,10114,DORIGANJ D/S (SARAN),7.288,7.519,1.483
2026,2,February,1,Bihar,10114,DORIGANJ D/S (SARAN),7.254,7.52,1.515
2026,2,February,2,Bihar,10114,DORIGANJ D/S (SARAN),7.246,7.51,1.503
2026,3,March,1,Bihar,10114,DORIGANJ D/S (SARAN),7.237,7.512,1.501
2026,3,March,2,Bihar,10114,DORIGANJ D/S (SARAN),7.218,7.514,1.498
2026,4,April,1,Bihar,10114,DORIGANJ D/S (SARAN),7.211,7.516,1.501
2026,4,April,2,Bihar,10114,DORIGANJ D/S (SARAN),7.219,7.511,1.503
2026,5,May,1,Bihar,10114,DORIGANJ D/S (SARAN),7.224,7.512,1.505
2026,5,May,2,Bihar,10114,DORIGANJ D/S (SARAN),7.211,7.497,1.477
2026,6,June,1,Bihar,10114,DORIGANJ D/S (SARAN),7.203,7.498,1.472
2026,6,June,2,Bihar,10114,DORIGANJ D/S (SARAN),7.212,7.481,1.461
2026,7,July,1,Bihar,10114,DORIGANJ D/S (SARAN),7.213,7.463,1.465
2026,7,July,2,Bihar,10114,DORIGANJ D/S (SARAN),7.217,7.458,1.466
2026,8,August,1,Bihar,10114,DORIGANJ D/S (SARAN),7.221,7.455,1.465
2026,8,August,2,Bihar,10114,DORIGANJ D/S (SARAN),7.224,7.452,1.463
2026,9,September,1,Bihar,10114,DORIGANJ D/S (SARAN),7.226,7.449,1.461
2026,9,September,2,Bihar,10114,DORIGANJ D/S (SARAN),7.23,7.446,1.46
2026,10,October,1,Bihar,10114,DORIGANJ D/S (SARAN),7.234,7.443,1.458
2026,10,October,2,Bihar,10114,DORIGANJ D/S (SARAN),7.239,7.439,1.456
2026,11,November,1,Bihar,10114,DORIGANJ D/S (SARAN),7.244,7.435,1.454
2026,11,November,2,Bihar,10114,DORIGANJ D/S (SARAN),7.25,7.43,1.452
2026,12,December,1,Bihar,10114,DORIGANJ D/S (SARAN),7.257,7.425,1.45
2026,12,December,2,Bihar,10114,DORIGANJ D/S (SARAN),7.265,7.42,1.448
2026,1,January,1,Bihar,10115,GULBI GHAT (PATNA),7.481,7.576,1.698
2026,1,January,2,Bihar,10115,GULBI GHAT (PATNA),7.388,7.578,1.671
2026,2,February,1,Bihar,10115,GULBI GHAT (PATNA),7.36,7.578,1.672
2026,2,February,2,Bihar,10115,GULBI GHAT (PATNA),7.356,7.583,1.69
2026,3,March,1,Bihar,10115,GULBI GHAT (PATNA),7.36,7.583,1.7
2026,3,March,2,Bihar,10115,GULBI GHAT (PATNA),7.348,7.572,1.681
2026,4,April,1,Bihar,10115,GULBI GHAT (PATNA),7.352,7.574,1.685
2026,4,April,2,Bihar,10115,GULBI GHAT (PATNA),7.344,7.569,1.677
2026,5,May,1,Bihar,10115,GULBI GHAT (PATNA),7.332,7.564,1.667
2026,5,May,2,Bihar,10115,GULBI GHAT (PATNA),7.331,7.564,1.668
2026,6,June,1,Bihar,10115,GULBI GHAT (PATNA),7.329,7.558,1.667
2026,6,June,2,Bihar,10115,GULBI GHAT (PATNA),7.283,7.482,1.593
2026,7,July,1,Bihar,10115,GULBI GHAT (PATNA),7.276,7.474,1.547
2026,7,July,2,Bihar,10115,GULBI GHAT (PATNA),7.269,7.471,1.527
2026,8,August,1,Bihar,10115,GULBI GHAT (PATNA),7.265,7.468,1.518
2026,8,August,2,Bihar,10115,GULBI GHAT (PATNA),7.263,7.464,1.512
2026,9,September,1,Bihar,10115,GULBI GHAT (PATNA),7.263,7.46,1.507
2026,9,September,2,Bihar,10115,GULBI GHAT (PATNA),7.263,7.455,1.5
2026,10,October,1,Bihar,10115,GULBI GHAT (PATNA),7.264,7.451,1.494
2026,10,October,2,Bihar,10115,GULBI GHAT (PATNA),7.265,7.445,1.488
2026,11,November,1,Bihar,10115,GULBI GHAT (PATNA),7.267,7.439,1.481
2026,11,November,2,Bihar,10115,GULBI GHAT (PATNA),7.271,7.433,1.475
2026,12,December,1,Bihar,10115,GULBI GHAT (PATNA),7.275,7.426,1.469
2026,12,December,2,Bihar,10115,GULBI GHAT (PATNA),7.282,7.417,1.463
2026,1,January,1,Bihar,10122,"TRIVENI GHAT, B/c OF RIVER PUNPUN",7.432,7.58,1.657
2026,1,January,2,Bihar,10122,"TRIVENI GHAT, B/c OF RIVER PUNPUN",7.337,7.591,1.683
2026,2,February,1,Bihar,10122,"TRIVENI GHAT, B/c OF RIVER PUNPUN",7.305,7.588,1.697
2026,2,February,2,Bihar,10122,"TRIVENI GHAT, B/c OF RIVER PUNPUN",7.299,7.584,1.704
2026,3,March,1,Bihar,10122,"TRIVENI GHAT, B/c OF RIVER PUNPUN",7.303,7.588,1.72
2026,3,March,2,Bihar,10122,"TRIVENI GHAT, B/c OF RIVER PUNPUN",7.306,7.579,1.707
2026,4,April,1,Bihar,10122,"TRIVENI GHAT, B/c OF RIVER PUNPUN",7.308,7.581,1.711
2026,4,April,2,Bihar,10122,"TRIVENI GHAT, B/c OF RIVER PUNPUN",7.304,7.575,1.697
2026,5,May,1,Bihar,10122,"TRIVENI GHAT, B/c OF RIVER PUNPUN",7.297,7.569,1.681
2026,5,May,2,Bihar,10122,"TRIVENI GHAT, B/c OF RIVER PUNPUN",7.311,7.57,1.698
2026,6,June,1,Bihar,10122,"TRIVENI GHAT, B/c OF RIVER PUNPUN",7.324,7.568,1.699
2026,6,June,2,Bihar,10122,"TRIVENI GHAT, B/c OF RIVER PUNPUN",7.283,7.498,1.618
2026,7,July,1,Bihar,10122,"TRIVENI GHAT, B/c OF RIVER PUNPUN",7.271,7.483,1.561
2026,7,July,2,Bihar,10122,"TRIVENI GHAT, B/c OF RIVER PUNPUN",7.265,7.478,1.537
2026,8,August,1,Bihar,10122,"TRIVENI GHAT, B/c OF RIVER PUNPUN",7.262,7.475,1.526
2026,8,August,2,Bihar,10122,"TRIVENI GHAT, B/c OF RIVER PUNPUN",7.26,7.47,1.519
2026,9,September,1,Bihar,10122,"TRIVENI GHAT, B/c OF RIVER PUNPUN",7.26,7.465,1.513
2026,9,September,2,Bihar,10122,"TRIVENI GHAT, B/c OF RIVER PUNPUN",7.261,7.46,1.506
2026,10,October,1,Bihar,10122,"TRIVENI GHAT, B/c OF RIVER PUNPUN",7.262,7.456,1.5
2026,10,October,2,Bihar,10122,"TRIVENI GHAT, B/c OF RIVER PUNPUN",7.263,7.45,1.493
2026,11,November,1,Bihar,10122,"TRIVENI GHAT, B/c OF RIVER PUNPUN",7.265,7.444,1.486
2026,11,November,2,Bihar,10122,"TRIVENI GHAT, B/c OF RIVER PUNPUN",7.267,7.438,1.48
2026,12,December,1,Bihar,10122,"TRIVENI GHAT, B/c OF RIVER PUNPUN",7.271,7.431,1.473
2026,12,December,2,Bihar,10122,"TRIVENI GHAT, B/c OF RIVER PUNPUN",7.276,7.423,1.466
2026,1,January,1,Bihar,10130, U/S OF M/S NTPC BARH,7.83,7.632,1.521
2026,1,January,2,Bihar,10130, U/S OF M/S NTPC BARH,7.527,7.592,1.648
2026,2,February,1,Bihar,10130, U/S OF M/S NTPC BARH,7.466,7.589,1.74
2026,2,February,2,Bihar,10130, U/S OF M/S NTPC BARH,7.456,7.588,1.777
2026,3,March,1,Bihar,10130, U/S OF M/S NTPC BARH,7.455,7.588,1.79
2026,3,March,2,Bihar,10130, U/S OF M/S NTPC BARH,7.446,7.586,1.787
2026,4,April,1,Bihar,10130, U/S OF M/S NTPC BARH,7.419,7.577,1.76
2026,4,April,2,Bihar,10130, U/S OF M/S NTPC BARH,7.409,7.578,1.752
2026,5,May,1,Bihar,10130, U/S OF M/S NTPC BARH,7.4,7.579,1.746
2026,5,May,2,Bihar,10130, U/S OF M/S NTPC BARH,7.4,7.578,1.746
2026,6,June,1,Bihar,10130, U/S OF M/S NTPC BARH,7.393,7.571,1.732
2026,6,June,2,Bihar,10130, U/S OF M/S NTPC BARH,7.398,7.574,1.742
2026,7,July,1,Bihar,10130, U/S OF M/S NTPC BARH,7.31,7.496,1.637
2026,7,July,2,Bihar,10130, U/S OF M/S NTPC BARH,7.307,7.476,1.592
2026,8,August,1,Bihar,10130, U/S OF M/S NTPC BARH,7.31,7.469,1.567
2026,8,August,2,Bihar,10130, U/S OF M/S NTPC BARH,7.309,7.464,1.552
2026,9,September,1,Bihar,10130, U/S OF M/S NTPC BARH,7.306,7.46,1.54
2026,9,September,2,Bihar,10130, U/S OF M/S NTPC BARH,7.302,7.455,1.529
2026,10,October,1,Bihar,10130, U/S OF M/S NTPC BARH,7.299,7.45,1.52
2026,10,October,2,Bihar,10130, U/S OF M/S NTPC BARH,7.296,7.445,1.511
2026,11,November,1,Bihar,10130, U/S OF M/S NTPC BARH,7.295,7.44,1.503
2026,11,November,2,Bihar,10130, U/S OF M/S NTPC BARH,7.296,7.434,1.494
2026,12,December,1,Bihar,10130, U/S OF M/S NTPC BARH,7.297,7.426,1.485
2026,12,December,2,Bihar,10130, U/S OF M/S NTPC BARH,7.301,7.418,1.477
2026,1,January,1,Bihar,10131," D/S OF M/S NTPC BINDTOLA, BARH",7.715,7.67,1.528
2026,1,January,2,Bihar,10131," D/S OF M/S NTPC BINDTOLA, BARH",7.463,7.596,1.601
2026,2,February,1,Bihar,10131," D/S OF M/S NTPC BINDTOLA, BARH",7.401,7.59,1.653
2026,2,February,2,Bihar,10131," D/S OF M/S NTPC BINDTOLA, BARH",7.355,7.581,1.663
2026,3,March,1,Bihar,10131," D/S OF M/S NTPC BINDTOLA, BARH",7.346,7.579,1.673
2026,3,March,2,Bihar,10131," D/S OF M/S NTPC BINDTOLA, BARH",7.331,7.572,1.664
2026,4,April,1,Bihar,10131," D/S OF M/S NTPC BINDTOLA, BARH",7.338,7.575,1.672
2026,4,April,2,Bihar,10131," D/S OF M/S NTPC BINDTOLA, BARH",7.324,7.578,1.669
2026,5,May,1,Bihar,10131," D/S OF M/S NTPC BINDTOLA, BARH",7.324,7.578,1.673
2026,5,May,2,Bihar,10131," D/S OF M/S NTPC BINDTOLA, BARH",7.326,7.578,1.677
2026,6,June,1,Bihar,10131," D/S OF M/S NTPC BINDTOLA, BARH",7.335,7.574,1.668
2026,6,June,2,Bihar,10131," D/S OF M/S NTPC BINDTOLA, BARH",7.31,7.559,1.646
2026,7,July,1,Bihar,10131," D/S OF M/S NTPC BINDTOLA, BARH",7.258,7.499,1.572
2026,7,July,2,Bihar,10131," D/S OF M/S NTPC BINDTOLA, BARH",7.253,7.482,1.539
2026,8,August,1,Bihar,10131," D/S OF M/S NTPC BINDTOLA, BARH",7.253,7.477,1.524
2026,8,August,2,Bihar,10131," D/S OF M/S NTPC BINDTOLA, BARH",7.251,7.473,1.516
2026,9,September,1,Bihar,10131," D/S OF M/S NTPC BINDTOLA, BARH",7.251,7.469,1.51
2026,9,September,2,Bihar,10131," D/S OF M/S NTPC BINDTOLA, BARH",7.251,7.465,1.505
2026,10,October,1,Bihar,10131," D/S OF M/S NTPC BINDTOLA, BARH",7.251,7.461,1.5
2026,10,October,2,Bihar,10131," D/S OF M/S NTPC BINDTOLA, BARH",7.252,7.457,1.494
2026,11,November,1,Bihar,10131," D/S OF M/S NTPC BINDTOLA, BARH",7.254,7.452,1.488
2026,11,November,2,Bihar,10131," D/S OF M/S NTPC BINDTOLA, BARH",7.256,7.446,1.482
2026,12,December,1,Bihar,10131," D/S OF M/S NTPC BINDTOLA, BARH",7.258,7.44,1.475
2026,12,December,2,Bihar,10131," D/S OF M/S NTPC BINDTOLA, BARH",7.262,7.433,1.469
2026,1,January,1,Bihar,10138,CHAMPANAGAR,7.257,7.526,1.916
2026,1,January,2,Bihar,10138,CHAMPANAGAR,7.397,7.561,1.748
2026,2,February,1,Bihar,10138,CHAMPANAGAR,7.456,7.565,1.673
2026,2,February,2,Bihar,10138,CHAMPANAGAR,7.485,7.563,1.647
2026,3,March,1,Bihar,10138,CHAMPANAGAR,7.499,7.566,1.641
2026,3,March,2,Bihar,10138,CHAMPANAGAR,7.493,7.561,1.626
2026,4,April,1,Bihar,10138,CHAMPANAGAR,7.502,7.561,1.629
2026,4,April,2,Bihar,10138,CHAMPANAGAR,7.512,7.562,1.633
2026,5,May,1,Bihar,10138,CHAMPANAGAR,7.523,7.56,1.635
2026,5,May,2,Bihar,10138,CHAMPANAGAR,7.505,7.563,1.628
2026,6,June,1,Bihar,10138,CHAMPANAGAR,7.513,7.562,1.634
2026,6,June,2,Bihar,10138,CHAMPANAGAR,7.358,7.47,1.576
2026,7,July,1,Bihar,10138,CHAMPANAGAR,7.318,7.459,1.538
2026,7,July,2,Bihar,10138,CHAMPANAGAR,7.3,7.455,1.52
2026,8,August,1,Bihar,10138,CHAMPANAGAR,7.292,7.452,1.511
2026,8,August,2,Bihar,10138,CHAMPANAGAR,7.289,7.449,1.505
2026,9,September,1,Bihar,10138,CHAMPANAGAR,7.288,7.445,1.5
2026,9,September,2,Bihar,10138,CHAMPANAGAR,7.288,7.442,1.494
2026,10,October,1,Bihar,10138,CHAMPANAGAR,7.288,7.437,1.489
2026,10,October,2,Bihar,10138,CHAMPANAGAR,7.289,7.432,1.484
2026,11,November,1,Bihar,10138,CHAMPANAGAR,7.292,7.426,1.478
2026,11,November,2,Bihar,10138,CHAMPANAGAR,7.294,7.42,1.472
2026,12,December,1,Bihar,10138,CHAMPANAGAR,7.3,7.411,1.466
2026,12,December,2,Bihar,10138,CHAMPANAGAR,7.31,7.4,1.459
2026,1,January,1,Bihar,10143, KAHALGAON D/S,8.033,7.675,1.769
2026,1,January,2,Bihar,10143, KAHALGAON D/S,7.701,7.641,1.709
2026,2,February,1,Bihar,10143, KAHALGAON D/S,7.597,7.639,1.748
2026,2,February,2,Bihar,10143, KAHALGAON D/S,7.567,7.641,1.772
2026,3,March,1,Bihar,10143, KAHALGAON D/S,7.541,7.649,1.778
2026,3,March,2,Bihar,10143, KAHALGAON D/S,7.533,7.649,1.747
2026,4,April,1,Bihar,10143, KAHALGAON D/S,7.538,7.65,1.748
2026,4,April,2,Bihar,10143, KAHALGAON D/S,7.539,7.642,1.742
2026,5,May,1,Bihar,10143, KAHALGAON D/S,7.54,7.636,1.739
2026,5,May,2,Bihar,10143, KAHALGAON D/S,7.537,7.64,1.74
2026,6,June,1,Bihar,10143, KAHALGAON D/S,7.559,7.64,1.762
2026,6,June,2,Bihar,10143, KAHALGAON D/S,7.38,7.529,1.678
2026,7,July,1,Bihar,10143, KAHALGAON D/S,7.337,7.511,1.639
2026,7,July,2,Bihar,10143, KAHALGAON D/S,7.312,7.5,1.607
2026,8,August,1,Bihar,10143, KAHALGAON D/S,7.301,7.494,1.587
2026,8,August,2,Bihar,10143, KAHALGAON D/S,7.295,7.489,1.572
2026,9,September,1,Bihar,10143, KAHALGAON D/S,7.289,7.484,1.559
2026,9,September,2,Bihar,10143, KAHALGAON D/S,7.285,7.479,1.547
2026,10,October,1,Bihar,10143, KAHALGAON D/S,7.282,7.473,1.536
2026,10,October,2,Bihar,10143, KAHALGAON D/S,7.281,7.466,1.525
2026,11,November,1,Bihar,10143, KAHALGAON D/S,7.279,7.459,1.515
2026,11,November,2,Bihar,10143, KAHALGAON D/S,7.279,7.451,1.506
2026,12,December,1,Bihar,10143, KAHALGAON D/S,7.279,7.442,1.495
2026,12,December,2,Bihar,10143, KAHALGAON D/S,7.281,7.431,1.483
2026,1,January,1,Jharkhand,10144,U/S NEAR LCT GHAT,6.869,7.574,1.59
2026,1,January,2,Jharkhand,10144,U/S NEAR LCT GHAT,7.206,7.55,1.495
2026,2,February,1,Jharkhand,10144,U/S NEAR LCT GHAT,7.294,7.549,1.467
2026,2,February,2,Jharkhand,10144,U/S NEAR LCT GHAT,7.296,7.552,1.467
2026,3,March,1,Jharkhand,10144,U/S NEAR LCT GHAT,7.305,7.549,1.476
2026,3,March,2,Jharkhand,10144,U/S NEAR LCT GHAT,7.285,7.551,1.483
2026,4,April,1,Jharkhand,10144,U/S NEAR LCT GHAT,7.258,7.556,1.494
2026,4,April,2,Jharkhand,10144,U/S NEAR LCT GHAT,7.228,7.564,1.51
2026,5,May,1,Jharkhand,10144,U/S NEAR LCT GHAT,7.214,7.57,1.529
2026,5,May,2,Jharkhand,10144,U/S NEAR LCT GHAT,7.207,7.575,1.543
2026,6,June,1,Jharkhand,10144,U/S NEAR LCT GHAT,7.205,7.545,1.516
2026,6,June,2,Jharkhand,10144,U/S NEAR LCT GHAT,7.203,7.513,1.491
2026,7,July,1,Jharkhand,10144,U/S NEAR LCT GHAT,7.193,7.49,1.479
2026,7,July,2,Jharkhand,10144,U/S NEAR LCT GHAT,7.193,7.481,1.475
2026,8,August,1,Jharkhand,10144,U/S NEAR LCT GHAT,7.195,7.478,1.473
2026,8,August,2,Jharkhand,10144,U/S NEAR LCT GHAT,7.198,7.475,1.472
2026,9,September,1,Jharkhand,10144,U/S NEAR LCT GHAT,7.201,7.473,1.471
2026,9,September,2,Jharkhand,10144,U/S NEAR LCT GHAT,7.204,7.47,1.469
2026,10,October,1,Jharkhand,10144,U/S NEAR LCT GHAT,7.208,7.467,1.468
2026,10,October,2,Jharkhand,10144,U/S NEAR LCT GHAT,7.212,7.463,1.466
2026,11,November,1,Jharkhand,10144,U/S NEAR LCT GHAT,7.217,7.459,1.465
2026,11,November,2,Jharkhand,10144,U/S NEAR LCT GHAT,7.222,7.453,1.462
2026,12,December,1,Jharkhand,10144,U/S NEAR LCT GHAT,7.228,7.447,1.459
2026,12,December,2,Jharkhand,10144,U/S NEAR LCT GHAT,7.235,7.441,1.456
2026,1,January,1,Jharkhand,10145,NEAR JANTA GHAT D/S,6.968,7.521,1.493
2026,1,January,2,Jharkhand,10145,NEAR JANTA GHAT D/S,7.211,7.527,1.458
2026,2,February,1,Jharkhand,10145,NEAR JANTA GHAT D/S,7.271,7.514,1.438
2026,2,February,2,Jharkhand,10145,NEAR JANTA GHAT D/S,7.277,7.512,1.433
2026,3,March,1,Jharkhand,10145,NEAR JANTA GHAT D/S,7.284,7.511,1.434
2026,3,March,2,Jharkhand,10145,NEAR JANTA GHAT D/S,7.269,7.51,1.437
2026,4,April,1,Jharkhand,10145,NEAR JANTA GHAT D/S,7.251,7.51,1.443
2026,4,April,2,Jharkhand,10145,NEAR JANTA GHAT D/S,7.232,7.514,1.452
2026,5,May,1,Jharkhand,10145,NEAR JANTA GHAT D/S,7.229,7.515,1.458
2026,5,May,2,Jharkhand,10145,NEAR JANTA GHAT D/S,7.231,7.514,1.461
2026,6,June,1,Jharkhand,10145,NEAR JANTA GHAT D/S,7.221,7.499,1.457
2026,6,June,2,Jharkhand,10145,NEAR JANTA GHAT D/S,7.21,7.486,1.456
2026,7,July,1,Jharkhand,10145,NEAR JANTA GHAT D/S,7.203,7.468,1.457
2026,7,July,2,Jharkhand,10145,NEAR JANTA GHAT D/S,7.205,7.461,1.458
2026,8,August,1,Jharkhand,10145,NEAR JANTA GHAT D/S,7.209,7.457,1.457
2026,8,August,2,Jharkhand,10145,NEAR JANTA GHAT D/S,7.212,7.454,1.456
2026,9,September,1,Jharkhand,10145,NEAR JANTA GHAT D/S,7.216,7.452,1.456
2026,9,September,2,Jharkhand,10145,NEAR JANTA GHAT D/S,7.22,7.449,1.456
2026,10,October,1,Jharkhand,10145,NEAR JANTA GHAT D/S,7.224,7.446,1.455
2026,10,October,2,Jharkhand,10145,NEAR JANTA GHAT D/S,7.229,7.443,1.454
2026,11,November,1,Jharkhand,10145,NEAR JANTA GHAT D/S,7.235,7.439,1.453
2026,11,November,2,Jharkhand,10145,NEAR JANTA GHAT D/S,7.241,7.434,1.452
2026,12,December,1,Jharkhand,10145,NEAR JANTA GHAT D/S,7.249,7.429,1.45
2026,12,December,2,Jharkhand,10145,NEAR JANTA GHAT D/S,7.257,7.424,1.448
2026,1,January,1,Jharkhand,10146,SANGI DALAN,6.964,7.559,1.525
2026,1,January,2,Jharkhand,10146,SANGI DALAN,7.203,7.537,1.47
2026,2,February,1,Jharkhand,10146,SANGI DALAN,7.26,7.534,1.45
2026,2,February,2,Jharkhand,10146,SANGI DALAN,7.262,7.534,1.447
2026,3,March,1,Jharkhand,10146,SANGI DALAN,7.271,7.529,1.452
2026,3,March,2,Jharkhand,10146,SANGI DALAN,7.258,7.528,1.454
2026,4,April,1,Jharkhand,10146,SANGI DALAN,7.241,7.528,1.458
2026,4,April,2,Jharkhand,10146,SANGI DALAN,7.222,7.531,1.465
2026,5,May,1,Jharkhand,10146,SANGI DALAN,7.219,7.531,1.472
2026,5,May,2,Jharkhand,10146,SANGI DALAN,7.222,7.528,1.477
2026,6,June,1,Jharkhand,10146,SANGI DALAN,7.213,7.509,1.467
2026,6,June,2,Jharkhand,10146,SANGI DALAN,7.204,7.5,1.464
2026,7,July,1,Jharkhand,10146,SANGI DALAN,7.194,7.479,1.463
2026,7,July,2,Jharkhand,10146,SANGI DALAN,7.196,7.47,1.463
2026,8,August,1,Jharkhand,10146,SANGI DALAN,7.2,7.466,1.462
2026,8,August,2,Jharkhand,10146,SANGI DALAN,7.204,7.464,1.461
2026,9,September,1,Jharkhand,10146,SANGI DALAN,7.208,7.461,1.46
2026,9,September,2,Jharkhand,10146,SANGI DALAN,7.212,7.458,1.459
2026,10,October,1,Jharkhand,10146,SANGI DALAN,7.216,7.454,1.458
2026,10,October,2,Jharkhand,10146,SANGI DALAN,7.22,7.451,1.457
2026,11,November,1,Jharkhand,10146,SANGI DALAN,7.225,7.447,1.456
2026,11,November,2,Jharkhand,10146,SANGI DALAN,7.232,7.442,1.455
2026,12,December,1,Jharkhand,10146,SANGI DALAN,7.239,7.437,1.453
2026,12,December,2,Jharkhand,10146,SANGI DALAN,7.246,7.432,1.451
2026,1,January,1,Uttarakhand,10147, RISHIKESH D/S,10.047,7.81,0.976
2026,1,January,2,Uttarakhand,10147, RISHIKESH D/S,10.006,7.799,0.977
2026,2,February,1,Uttarakhand,10147, RISHIKESH D/S,9.991,7.798,0.978
2026,2,February,2,Uttarakhand,10147, RISHIKESH D/S,9.983,7.798,0.979
2026,3,March,1,Uttarakhand,10147, RISHIKESH D/S,9.979,7.797,0.977
2026,3,March,2,Uttarakhand,10147, RISHIKESH D/S,9.975,7.797,0.974
2026,4,April,1,Uttarakhand,10147, RISHIKESH D/S,9.973,7.795,0.971
2026,4,April,2,Uttarakhand,10147, RISHIKESH D/S,9.969,7.794,0.969
2026,5,May,1,Uttarakhand,10147, RISHIKESH D/S,9.967,7.793,0.964
2026,5,May,2,Uttarakhand,10147, RISHIKESH D/S,9.963,7.791,0.96
2026,6,June,1,Uttarakhand,10147, RISHIKESH D/S,9.959,7.789,0.955
2026,6,June,2,Uttarakhand,10147, RISHIKESH D/S,9.955,7.788,0.952
2026,7,July,1,Uttarakhand,10147, RISHIKESH D/S,9.952,7.786,0.948
2026,7,July,2,Uttarakhand,10147, RISHIKESH D/S,9.95,7.785,0.947
2026,8,August,1,Uttarakhand,10147, RISHIKESH D/S,9.949,7.785,0.946
2026,8,August,2,Uttarakhand,10147, RISHIKESH D/S,9.948,7.784,0.945
2026,9,September,1,Uttarakhand,10147, RISHIKESH D/S,9.947,7.784,0.945
2026,9,September,2,Uttarakhand,10147, RISHIKESH D/S,9.946,7.784,0.944
2026,10,October,1,Uttarakhand,10147, RISHIKESH D/S,9.946,7.784,0.943
2026,10,October,2,Uttarakhand,10147, RISHIKESH D/S,9.945,7.783,0.943
2026,11,November,1,Uttarakhand,10147, RISHIKESH D/S,9.945,7.783,0.942
2026,11,November,2,Uttarakhand,10147, RISHIKESH D/S,9.945,7.783,0.942
2026,12,December,1,Uttarakhand,10147, RISHIKESH D/S,9.944,7.783,0.941
2026,12,December,2,Uttarakhand,10147, RISHIKESH D/S,9.944,7.782,0.941
2026,1,January,1,Uttarakhand,10148,HARKI PAURI GHAT,9.027,8.034,2.041
2026,1,January,2,Uttarakhand,10148,HARKI PAURI GHAT,8.594,7.999,2.234
2026,2,February,1,Uttarakhand,10148,HARKI PAURI GHAT,8.387,7.998,2.362
2026,2,February,2,Uttarakhand,10148,HARKI PAURI GHAT,8.287,7.983,2.426
2026,3,March,1,Uttarakhand,10148,HARKI PAURI GHAT,8.215,7.968,2.454
2026,3,March,2,Uttarakhand,10148,HARKI PAURI GHAT,8.148,7.958,2.461
2026,4,April,1,Uttarakhand,10148,HARKI PAURI GHAT,8.085,7.95,2.447
2026,4,April,2,Uttarakhand,10148,HARKI PAURI GHAT,8.028,7.964,2.455
2026,5,May,1,Uttarakhand,10148,HARKI PAURI GHAT,8.047,8.02,2.503
2026,5,May,2,Uttarakhand,10148,HARKI PAURI GHAT,8.088,8.044,2.531
2026,6,June,1,Uttarakhand,10148,HARKI PAURI GHAT,8.13,8.061,2.553
2026,6,June,2,Uttarakhand,10148,HARKI PAURI GHAT,8.169,8.074,2.575
2026,7,July,1,Uttarakhand,10148,HARKI PAURI GHAT,8.188,8.078,2.618
2026,7,July,2,Uttarakhand,10148,HARKI PAURI GHAT,8.227,8.093,2.662
2026,8,August,1,Uttarakhand,10148,HARKI PAURI GHAT,8.281,8.113,2.694
2026,8,August,2,Uttarakhand,10148,HARKI PAURI GHAT,8.346,8.135,2.714
2026,9,September,1,Uttarakhand,10148,HARKI PAURI GHAT,8.42,8.156,2.727
2026,9,September,2,Uttarakhand,10148,HARKI PAURI GHAT,8.51,8.179,2.736
2026,10,October,1,Uttarakhand,10148,HARKI PAURI GHAT,8.621,8.202,2.74
2026,10,October,2,Uttarakhand,10148,HARKI PAURI GHAT,8.739,8.223,2.739
2026,11,November,1,Uttarakhand,10148,HARKI PAURI GHAT,8.839,8.237,2.74
2026,11,November,2,Uttarakhand,10148,HARKI PAURI GHAT,8.894,8.243,2.746
2026,12,December,1,Uttarakhand,10148,HARKI PAURI GHAT,8.905,8.242,2.758
2026,12,December,2,Uttarakhand,10148,HARKI PAURI GHAT,8.883,8.237,2.774
2026,1,January,1,Uttar Pradesh,10149,"U/S BRIJGHAT, GARHMUKTESHWAR",10.449,7.446,1.312
2026,1,January,2,Uttar Pradesh,10149,"U/S BRIJGHAT, GARHMUKTESHWAR",10.319,7.444,1.27
2026,2,February,1,Uttar Pradesh,10149,"U/S BRIJGHAT, GARHMUKTESHWAR",10.251,7.477,1.237
2026,2,February,2,Uttar Pradesh,10149,"U/S BRIJGHAT, GARHMUKTESHWAR",10.235,7.527,1.183
2026,3,March,1,Uttar Pradesh,10149,"U/S BRIJGHAT, GARHMUKTESHWAR",10.26,7.6,1.111
2026,3,March,2,Uttar Pradesh,10149,"U/S BRIJGHAT, GARHMUKTESHWAR",10.268,7.665,1.044
2026,4,April,1,Uttar Pradesh,10149,"U/S BRIJGHAT, GARHMUKTESHWAR",10.244,7.715,1.004
2026,4,April,2,Uttar Pradesh,10149,"U/S BRIJGHAT, GARHMUKTESHWAR",10.212,7.741,0.99
2026,5,May,1,Uttar Pradesh,10149,"U/S BRIJGHAT, GARHMUKTESHWAR",10.191,7.753,0.98
2026,5,May,2,Uttar Pradesh,10149,"U/S BRIJGHAT, GARHMUKTESHWAR",10.17,7.759,0.973
2026,6,June,1,Uttar Pradesh,10149,"U/S BRIJGHAT, GARHMUKTESHWAR",10.147,7.761,0.961
2026,6,June,2,Uttar Pradesh,10149,"U/S BRIJGHAT, GARHMUKTESHWAR",10.118,7.763,0.951
2026,7,July,1,Uttar Pradesh,10149,"U/S BRIJGHAT, GARHMUKTESHWAR",10.094,7.765,0.945
2026,7,July,2,Uttar Pradesh,10149,"U/S BRIJGHAT, GARHMUKTESHWAR",10.072,7.768,0.941
2026,8,August,1,Uttar Pradesh,10149,"U/S BRIJGHAT, GARHMUKTESHWAR",10.052,7.771,0.939
2026,8,August,2,Uttar Pradesh,10149,"U/S BRIJGHAT, GARHMUKTESHWAR",10.033,7.774,0.938
2026,9,September,1,Uttar Pradesh,10149,"U/S BRIJGHAT, GARHMUKTESHWAR",10.018,7.776,0.937
2026,9,September,2,Uttar Pradesh,10149,"U/S BRIJGHAT, GARHMUKTESHWAR",10.006,7.778,0.938
2026,10,October,1,Uttar Pradesh,10149,"U/S BRIJGHAT, GARHMUKTESHWAR",9.997,7.78,0.939
2026,10,October,2,Uttar Pradesh,10149,"U/S BRIJGHAT, GARHMUKTESHWAR",9.99,7.78,0.939
2026,11,November,1,Uttar Pradesh,10149,"U/S BRIJGHAT, GARHMUKTESHWAR",9.984,7.781,0.939
2026,11,November,2,Uttar Pradesh,10149,"U/S BRIJGHAT, GARHMUKTESHWAR",9.979,7.781,0.939
2026,12,December,1,Uttar Pradesh,10149,"U/S BRIJGHAT, GARHMUKTESHWAR",9.974,7.781,0.939
2026,12,December,2,Uttar Pradesh,10149,"U/S BRIJGHAT, GARHMUKTESHWAR",9.97,7.781,0.939
2026,1,January,1,Uttar Pradesh,10150,MADHYA GANGA BARRAGE (BIJNOR),9.413,7.814,1.15
2026,1,January,2,Uttar Pradesh,10150,MADHYA GANGA BARRAGE (BIJNOR),9.386,7.822,1.137
2026,2,February,1,Uttar Pradesh,10150,MADHYA GANGA BARRAGE (BIJNOR),9.374,7.826,1.139
2026,2,February,2,Uttar Pradesh,10150,MADHYA GANGA BARRAGE (BIJNOR),9.375,7.826,1.132
2026,3,March,1,Uttar Pradesh,10150,MADHYA GANGA BARRAGE (BIJNOR),9.411,7.83,1.119
2026,3,March,2,Uttar Pradesh,10150,MADHYA GANGA BARRAGE (BIJNOR),9.425,7.831,1.113
2026,4,April,1,Uttar Pradesh,10150,MADHYA GANGA BARRAGE (BIJNOR),9.469,7.827,1.09
2026,4,April,2,Uttar Pradesh,10150,MADHYA GANGA BARRAGE (BIJNOR),9.508,7.821,1.071
2026,5,May,1,Uttar Pradesh,10150,MADHYA GANGA BARRAGE (BIJNOR),9.535,7.816,1.059
2026,5,May,2,Uttar Pradesh,10150,MADHYA GANGA BARRAGE (BIJNOR),9.561,7.812,1.048
2026,6,June,1,Uttar Pradesh,10150,MADHYA GANGA BARRAGE (BIJNOR),9.625,7.81,1.019
2026,6,June,2,Uttar Pradesh,10150,MADHYA GANGA BARRAGE (BIJNOR),9.667,7.808,1.008
2026,7,July,1,Uttar Pradesh,10150,MADHYA GANGA BARRAGE (BIJNOR),9.692,7.804,1.0
2026,7,July,2,Uttar Pradesh,10150,MADHYA GANGA BARRAGE (BIJNOR),9.711,7.802,0.993
2026,8,August,1,Uttar Pradesh,10150,MADHYA GANGA BARRAGE (BIJNOR),9.73,7.799,0.987
2026,8,August,2,Uttar Pradesh,10150,MADHYA GANGA BARRAGE (BIJNOR),9.75,7.797,0.981
2026,9,September,1,Uttar Pradesh,10150,MADHYA GANGA BARRAGE (BIJNOR),9.77,7.795,0.976
2026,9,September,2,Uttar Pradesh,10150,MADHYA GANGA BARRAGE (BIJNOR),9.789,7.793,0.97
2026,10,October,1,Uttar Pradesh,10150,MADHYA GANGA BARRAGE (BIJNOR),9.807,7.792,0.965
2026,10,October,2,Uttar Pradesh,10150,MADHYA GANGA BARRAGE (BIJNOR),9.824,7.79,0.961
2026,11,November,1,Uttar Pradesh,10150,MADHYA GANGA BARRAGE (BIJNOR),9.839,7.789,0.957
2026,11,November,2,Uttar Pradesh,10150,MADHYA GANGA BARRAGE (BIJNOR),9.852,7.787,0.954
2026,12,December,1,Uttar Pradesh,10150,MADHYA GANGA BARRAGE (BIJNOR),9.865,7.787,0.951
2026,12,December,2,Uttar Pradesh,10150,MADHYA GANGA BARRAGE (BIJNOR),9.875,7.786,0.949
2026,1,January,1,Uttar Pradesh,10151,FARRUKHABAD,9.766,8.355,2.673
2026,1,January,2,Uttar Pradesh,10151,FARRUKHABAD,9.429,8.319,2.877
2026,2,February,1,Uttar Pradesh,10151,FARRUKHABAD,9.23,8.286,2.97
2026,2,February,2,Uttar Pradesh,10151,FARRUKHABAD,9.068,8.259,3.029
2026,3,March,1,Uttar Pradesh,10151,FARRUKHABAD,8.906,8.233,3.041
2026,3,March,2,Uttar Pradesh,10151,FARRUKHABAD,8.752,8.21,2.997
2026,4,April,1,Uttar Pradesh,10151,FARRUKHABAD,8.624,8.192,2.933
2026,4,April,2,Uttar Pradesh,10151,FARRUKHABAD,8.525,8.174,2.882
2026,5,May,1,Uttar Pradesh,10151,FARRUKHABAD,8.451,8.16,2.854
2026,5,May,2,Uttar Pradesh,10151,FARRUKHABAD,8.386,8.147,2.855
2026,6,June,1,Uttar Pradesh,10151,FARRUKHABAD,8.364,8.145,2.866
2026,6,June,2,Uttar Pradesh,10151,FARRUKHABAD,8.378,8.148,2.877
2026,7,July,1,Uttar Pradesh,10151,FARRUKHABAD,8.411,8.149,2.898
2026,7,July,2,Uttar Pradesh,10151,FARRUKHABAD,8.451,8.154,2.912
2026,8,August,1,Uttar Pradesh,10151,FARRUKHABAD,8.494,8.16,2.916
2026,8,August,2,Uttar Pradesh,10151,FARRUKHABAD,8.54,8.167,2.915
2026,9,September,1,Uttar Pradesh,10151,FARRUKHABAD,8.59,8.176,2.91
2026,9,September,2,Uttar Pradesh,10151,FARRUKHABAD,8.639,8.185,2.904
2026,10,October,1,Uttar Pradesh,10151,FARRUKHABAD,8.683,8.193,2.897
2026,10,October,2,Uttar Pradesh,10151,FARRUKHABAD,8.72,8.199,2.892
2026,11,November,1,Uttar Pradesh,10151,FARRUKHABAD,8.742,8.202,2.889
2026,11,November,2,Uttar Pradesh,10151,FARRUKHABAD,8.75,8.203,2.89
2026,12,December,1,Uttar Pradesh,10151,FARRUKHABAD,8.741,8.201,2.893
2026,12,December,2,Uttar Pradesh,10151,FARRUKHABAD,8.718,8.196,2.898
2026,1,January,1,Uttar Pradesh,10152,A/C GOMTI RIVER (BHUSAULA),8.687,8.202,3.059
2026,1,January,2,Uttar Pradesh,10152,A/C GOMTI RIVER (BHUSAULA),8.963,8.235,3.018
2026,2,February,1,Uttar Pradesh,10152,A/C GOMTI RIVER (BHUSAULA),9.186,8.259,2.965
2026,2,February,2,Uttar Pradesh,10152,A/C GOMTI RIVER (BHUSAULA),9.329,8.27,2.931
2026,3,March,1,Uttar Pradesh,10152,A/C GOMTI RIVER (BHUSAULA),9.377,8.282,2.898
2026,3,March,2,Uttar Pradesh,10152,A/C GOMTI RIVER (BHUSAULA),9.367,8.284,2.872
2026,4,April,1,Uttar Pradesh,10152,A/C GOMTI RIVER (BHUSAULA),9.269,8.275,2.866
2026,4,April,2,Uttar Pradesh,10152,A/C GOMTI RIVER (BHUSAULA),9.153,8.258,2.882
2026,5,May,1,Uttar Pradesh,10152,A/C GOMTI RIVER (BHUSAULA),9.018,8.237,2.906
2026,5,May,2,Uttar Pradesh,10152,A/C GOMTI RIVER (BHUSAULA),8.816,8.205,2.925
2026,6,June,1,Uttar Pradesh,10152,A/C GOMTI RIVER (BHUSAULA),8.621,8.174,2.938
2026,6,June,2,Uttar Pradesh,10152,A/C GOMTI RIVER (BHUSAULA),8.47,8.146,2.946
2026,7,July,1,Uttar Pradesh,10152,A/C GOMTI RIVER (BHUSAULA),8.371,8.129,2.948
2026,7,July,2,Uttar Pradesh,10152,A/C GOMTI RIVER (BHUSAULA),8.32,8.123,2.95
2026,8,August,1,Uttar Pradesh,10152,A/C GOMTI RIVER (BHUSAULA),8.31,8.125,2.949
2026,8,August,2,Uttar Pradesh,10152,A/C GOMTI RIVER (BHUSAULA),8.329,8.131,2.947
2026,9,September,1,Uttar Pradesh,10152,A/C GOMTI RIVER (BHUSAULA),8.368,8.14,2.943
2026,9,September,2,Uttar Pradesh,10152,A/C GOMTI RIVER (BHUSAULA),8.419,8.149,2.937
2026,10,October,1,Uttar Pradesh,10152,A/C GOMTI RIVER (BHUSAULA),8.477,8.158,2.931
2026,10,October,2,Uttar Pradesh,10152,A/C GOMTI RIVER (BHUSAULA),8.537,8.166,2.927
2026,11,November,1,Uttar Pradesh,10152,A/C GOMTI RIVER (BHUSAULA),8.6,8.176,2.925
2026,11,November,2,Uttar Pradesh,10152,A/C GOMTI RIVER (BHUSAULA),8.66,8.185,2.922
2026,12,December,1,Uttar Pradesh,10152,A/C GOMTI RIVER (BHUSAULA),8.716,8.193,2.918
2026,12,December,2,Uttar Pradesh,10152,A/C GOMTI RIVER (BHUSAULA),8.759,8.2,2.913
2026,1,January,1,Uttar Pradesh,10153,CHUNAR,8.281,8.074,3.258
2026,1,January,2,Uttar Pradesh,10153,CHUNAR,8.358,8.086,3.314
2026,2,February,1,Uttar Pradesh,10153,CHUNAR,8.434,8.097,3.36
2026,2,February,2,Uttar Pradesh,10153,CHUNAR,8.502,8.103,3.401
2026,3,March,1,Uttar Pradesh,10153,CHUNAR,8.56,8.109,3.437
2026,3,March,2,Uttar Pradesh,10153,CHUNAR,8.584,8.107,3.474
2026,4,April,1,Uttar Pradesh,10153,CHUNAR,8.561,8.098,3.508
2026,4,April,2,Uttar Pradesh,10153,CHUNAR,8.501,8.087,3.536
2026,5,May,1,Uttar Pradesh,10153,CHUNAR,8.374,8.069,3.548
2026,5,May,2,Uttar Pradesh,10153,CHUNAR,8.224,8.042,3.554
2026,6,June,1,Uttar Pradesh,10153,CHUNAR,8.081,8.014,3.56
2026,6,June,2,Uttar Pradesh,10153,CHUNAR,7.957,7.985,3.593
2026,7,July,1,Uttar Pradesh,10153,CHUNAR,7.846,7.961,3.635
2026,7,July,2,Uttar Pradesh,10153,CHUNAR,7.735,7.94,3.681
2026,8,August,1,Uttar Pradesh,10153,CHUNAR,7.635,7.923,3.728
2026,8,August,2,Uttar Pradesh,10153,CHUNAR,7.541,7.908,3.769
2026,9,September,1,Uttar Pradesh,10153,CHUNAR,7.455,7.895,3.8
2026,9,September,2,Uttar Pradesh,10153,CHUNAR,7.369,7.882,3.822
2026,10,October,1,Uttar Pradesh,10153,CHUNAR,7.272,7.866,3.834
2026,10,October,2,Uttar Pradesh,10153,CHUNAR,7.155,7.85,3.831
2026,11,November,1,Uttar Pradesh,10153,CHUNAR,7.012,7.832,3.813
2026,11,November,2,Uttar Pradesh,10153,CHUNAR,6.858,7.815,3.783
2026,12,December,1,Uttar Pradesh,10153,CHUNAR,6.73,7.803,3.744
2026,12,December,2,Uttar Pradesh,10153,CHUNAR,6.642,7.796,3.705
2026,1,January,1,Uttar Pradesh,10154,U/s SHUKLAGANJ ,9.763,8.334,3.393
2026,1,January,2,Uttar Pradesh,10154,U/s SHUKLAGANJ ,9.536,8.308,3.666
2026,2,February,1,Uttar Pradesh,10154,U/s SHUKLAGANJ ,9.134,8.251,3.892
2026,2,February,2,Uttar Pradesh,10154,U/s SHUKLAGANJ ,8.593,8.17,4.058
2026,3,March,1,Uttar Pradesh,10154,U/s SHUKLAGANJ ,8.019,8.066,4.131
2026,3,March,2,Uttar Pradesh,10154,U/s SHUKLAGANJ ,7.567,7.982,4.131
2026,4,April,1,Uttar Pradesh,10154,U/s SHUKLAGANJ ,7.298,7.937,4.095
2026,4,April,2,Uttar Pradesh,10154,U/s SHUKLAGANJ ,7.153,7.917,4.049
2026,5,May,1,Uttar Pradesh,10154,U/s SHUKLAGANJ ,7.109,7.916,4.006
2026,5,May,2,Uttar Pradesh,10154,U/s SHUKLAGANJ ,7.139,7.931,3.974
2026,6,June,1,Uttar Pradesh,10154,U/s SHUKLAGANJ ,7.228,7.951,3.954
2026,6,June,2,Uttar Pradesh,10154,U/s SHUKLAGANJ ,7.355,7.962,3.961
2026,7,July,1,Uttar Pradesh,10154,U/s SHUKLAGANJ ,7.466,7.958,3.988
2026,7,July,2,Uttar Pradesh,10154,U/s SHUKLAGANJ ,7.53,7.945,4.021
2026,8,August,1,Uttar Pradesh,10154,U/s SHUKLAGANJ ,7.522,7.926,4.049
2026,8,August,2,Uttar Pradesh,10154,U/s SHUKLAGANJ ,7.411,7.897,4.038
2026,9,September,1,Uttar Pradesh,10154,U/s SHUKLAGANJ ,7.196,7.863,3.952
2026,9,September,2,Uttar Pradesh,10154,U/s SHUKLAGANJ ,6.961,7.83,3.849
2026,10,October,1,Uttar Pradesh,10154,U/s SHUKLAGANJ ,6.767,7.808,3.77
2026,10,October,2,Uttar Pradesh,10154,U/s SHUKLAGANJ ,6.649,7.799,3.715
2026,11,November,1,Uttar Pradesh,10154,U/s SHUKLAGANJ ,6.59,7.798,3.676
2026,11,November,2,Uttar Pradesh,10154,U/s SHUKLAGANJ ,6.569,7.801,3.651
2026,12,December,1,Uttar Pradesh,10154,U/s SHUKLAGANJ ,6.568,7.805,3.633
2026,12,December,2,Uttar Pradesh,10154,U/s SHUKLAGANJ ,6.579,7.809,3.618
2026,1,January,1,Uttar Pradesh,10155,SHUKLAGANJ D/S,9.842,8.339,3.318
2026,1,January,2,Uttar Pradesh,10155,SHUKLAGANJ D/S,9.609,8.313,3.598
2026,2,February,1,Uttar Pradesh,10155,SHUKLAGANJ D/S,9.225,8.258,3.82
2026,2,February,2,Uttar Pradesh,10155,SHUKLAGANJ D/S,8.713,8.183,3.99
2026,3,March,1,Uttar Pradesh,10155,SHUKLAGANJ D/S,8.158,8.085,4.08
2026,3,March,2,Uttar Pradesh,10155,SHUKLAGANJ D/S,7.693,7.998,4.091
2026,4,April,1,Uttar Pradesh,10155,SHUKLAGANJ D/S,7.404,7.949,4.064
2026,4,April,2,Uttar Pradesh,10155,SHUKLAGANJ D/S,7.252,7.928,4.022
2026,5,May,1,Uttar Pradesh,10155,SHUKLAGANJ D/S,7.208,7.926,3.976
2026,5,May,2,Uttar Pradesh,10155,SHUKLAGANJ D/S,7.242,7.94,3.94
2026,6,June,1,Uttar Pradesh,10155,SHUKLAGANJ D/S,7.33,7.958,3.922
2026,6,June,2,Uttar Pradesh,10155,SHUKLAGANJ D/S,7.448,7.968,3.934
2026,7,July,1,Uttar Pradesh,10155,SHUKLAGANJ D/S,7.544,7.962,3.967
2026,7,July,2,Uttar Pradesh,10155,SHUKLAGANJ D/S,7.589,7.947,4.006
2026,8,August,1,Uttar Pradesh,10155,SHUKLAGANJ D/S,7.564,7.926,4.044
2026,8,August,2,Uttar Pradesh,10155,SHUKLAGANJ D/S,7.45,7.897,4.047
2026,9,September,1,Uttar Pradesh,10155,SHUKLAGANJ D/S,7.231,7.862,3.976
2026,9,September,2,Uttar Pradesh,10155,SHUKLAGANJ D/S,6.985,7.828,3.878
2026,10,October,1,Uttar Pradesh,10155,SHUKLAGANJ D/S,6.778,7.804,3.796
2026,10,October,2,Uttar Pradesh,10155,SHUKLAGANJ D/S,6.648,7.794,3.739
2026,11,November,1,Uttar Pradesh,10155,SHUKLAGANJ D/S,6.583,7.793,3.699
2026,11,November,2,Uttar Pradesh,10155,SHUKLAGANJ D/S,6.558,7.795,3.673
2026,12,December,1,Uttar Pradesh,10155,SHUKLAGANJ D/S,6.557,7.799,3.655
2026,12,December,2,Uttar Pradesh,10155,SHUKLAGANJ D/S,6.569,7.804,3.639
2026,1,January,1,Uttar Pradesh,10156,BATHING GHAT (GOLA GHAT),9.721,8.325,3.385
2026,1,January,2,Uttar Pradesh,10156,BATHING GHAT (GOLA GHAT),9.556,8.304,3.653
2026,2,February,1,Uttar Pradesh,10156,BATHING GHAT (GOLA GHAT),9.195,8.251,3.88
2026,2,February,2,Uttar Pradesh,10156,BATHING GHAT (GOLA GHAT),8.662,8.171,4.049
2026,3,March,1,Uttar Pradesh,10156,BATHING GHAT (GOLA GHAT),8.082,8.069,4.138
2026,3,March,2,Uttar Pradesh,10156,BATHING GHAT (GOLA GHAT),7.613,7.981,4.14
2026,4,April,1,Uttar Pradesh,10156,BATHING GHAT (GOLA GHAT),7.334,7.933,4.103
2026,4,April,2,Uttar Pradesh,10156,BATHING GHAT (GOLA GHAT),7.181,7.909,4.053
2026,5,May,1,Uttar Pradesh,10156,BATHING GHAT (GOLA GHAT),7.125,7.906,4.01
2026,5,May,2,Uttar Pradesh,10156,BATHING GHAT (GOLA GHAT),7.144,7.918,3.978
2026,6,June,1,Uttar Pradesh,10156,BATHING GHAT (GOLA GHAT),7.222,7.936,3.959
2026,6,June,2,Uttar Pradesh,10156,BATHING GHAT (GOLA GHAT),7.35,7.951,3.962
2026,7,July,1,Uttar Pradesh,10156,BATHING GHAT (GOLA GHAT),7.47,7.952,3.986
2026,7,July,2,Uttar Pradesh,10156,BATHING GHAT (GOLA GHAT),7.545,7.942,4.018
2026,8,August,1,Uttar Pradesh,10156,BATHING GHAT (GOLA GHAT),7.549,7.925,4.048
2026,8,August,2,Uttar Pradesh,10156,BATHING GHAT (GOLA GHAT),7.452,7.897,4.044
2026,9,September,1,Uttar Pradesh,10156,BATHING GHAT (GOLA GHAT),7.245,7.863,3.964
2026,9,September,2,Uttar Pradesh,10156,BATHING GHAT (GOLA GHAT),7.009,7.83,3.863
2026,10,October,1,Uttar Pradesh,10156,BATHING GHAT (GOLA GHAT),6.806,7.806,3.784
2026,10,October,2,Uttar Pradesh,10156,BATHING GHAT (GOLA GHAT),6.674,7.795,3.728
2026,11,November,1,Uttar Pradesh,10156,BATHING GHAT (GOLA GHAT),6.603,7.793,3.688
2026,11,November,2,Uttar Pradesh,10156,BATHING GHAT (GOLA GHAT),6.574,7.794,3.661
2026,12,December,1,Uttar Pradesh,10156,BATHING GHAT (GOLA GHAT),6.569,7.798,3.643
2026,12,December,2,Uttar Pradesh,10156,BATHING GHAT (GOLA GHAT),6.577,7.803,3.628
2026,1,January,1,Uttar Pradesh,10157,BATHING GHAT (JAJMAU BRIDGE),9.638,8.305,3.504
2026,1,January,2,Uttar Pradesh,10157,BATHING GHAT (JAJMAU BRIDGE),9.429,8.281,3.786
2026,2,February,1,Uttar Pradesh,10157,BATHING GHAT (JAJMAU BRIDGE),9.013,8.224,4.013
2026,2,February,2,Uttar Pradesh,10157,BATHING GHAT (JAJMAU BRIDGE),8.437,8.135,4.169
2026,3,March,1,Uttar Pradesh,10157,BATHING GHAT (JAJMAU BRIDGE),7.847,8.021,4.216
2026,3,March,2,Uttar Pradesh,10157,BATHING GHAT (JAJMAU BRIDGE),7.423,7.938,4.196
2026,4,April,1,Uttar Pradesh,10157,BATHING GHAT (JAJMAU BRIDGE),7.165,7.894,4.148
2026,4,April,2,Uttar Pradesh,10157,BATHING GHAT (JAJMAU BRIDGE),7.028,7.875,4.092
2026,5,May,1,Uttar Pradesh,10157,BATHING GHAT (JAJMAU BRIDGE),6.985,7.877,4.043
2026,5,May,2,Uttar Pradesh,10157,BATHING GHAT (JAJMAU BRIDGE),7.01,7.892,4.011
2026,6,June,1,Uttar Pradesh,10157,BATHING GHAT (JAJMAU BRIDGE),7.097,7.913,3.991
2026,6,June,2,Uttar Pradesh,10157,BATHING GHAT (JAJMAU BRIDGE),7.248,7.933,3.986
2026,7,July,1,Uttar Pradesh,10157,BATHING GHAT (JAJMAU BRIDGE),7.398,7.94,4.004
2026,7,July,2,Uttar Pradesh,10157,BATHING GHAT (JAJMAU BRIDGE),7.5,7.935,4.029
2026,8,August,1,Uttar Pradesh,10157,BATHING GHAT (JAJMAU BRIDGE),7.523,7.919,4.045
2026,8,August,2,Uttar Pradesh,10157,BATHING GHAT (JAJMAU BRIDGE),7.426,7.892,4.013
2026,9,September,1,Uttar Pradesh,10157,BATHING GHAT (JAJMAU BRIDGE),7.228,7.86,3.912
2026,9,September,2,Uttar Pradesh,10157,BATHING GHAT (JAJMAU BRIDGE),7.018,7.83,3.816
2026,10,October,1,Uttar Pradesh,10157,BATHING GHAT (JAJMAU BRIDGE),6.833,7.808,3.75
2026,10,October,2,Uttar Pradesh,10157,BATHING GHAT (JAJMAU BRIDGE),6.705,7.798,3.704
2026,11,November,1,Uttar Pradesh,10157,BATHING GHAT (JAJMAU BRIDGE),6.633,7.795,3.668
2026,11,November,2,Uttar Pradesh,10157,BATHING GHAT (JAJMAU BRIDGE),6.598,7.796,3.643
2026,12,December,1,Uttar Pradesh,10157,BATHING GHAT (JAJMAU BRIDGE),6.587,7.799,3.625
2026,12,December,2,Uttar Pradesh,10157,BATHING GHAT (JAJMAU BRIDGE),6.591,7.804,3.611
2026,1,January,1,Uttar Pradesh,10158,A/C TAMAS RIVER (SIRSA),9.138,8.29,2.453
2026,1,January,2,Uttar Pradesh,10158,A/C TAMAS RIVER (SIRSA),9.208,8.293,2.491
2026,2,February,1,Uttar Pradesh,10158,A/C TAMAS RIVER (SIRSA),9.18,8.286,2.531
2026,2,February,2,Uttar Pradesh,10158,A/C TAMAS RIVER (SIRSA),9.095,8.273,2.584
2026,3,March,1,Uttar Pradesh,10158,A/C TAMAS RIVER (SIRSA),8.998,8.259,2.633
2026,3,March,2,Uttar Pradesh,10158,A/C TAMAS RIVER (SIRSA),8.878,8.241,2.681
2026,4,April,1,Uttar Pradesh,10158,A/C TAMAS RIVER (SIRSA),8.748,8.22,2.717
2026,4,April,2,Uttar Pradesh,10158,A/C TAMAS RIVER (SIRSA),8.622,8.198,2.74
2026,5,May,1,Uttar Pradesh,10158,A/C TAMAS RIVER (SIRSA),8.491,8.171,2.753
2026,5,May,2,Uttar Pradesh,10158,A/C TAMAS RIVER (SIRSA),8.4,8.152,2.76
2026,6,June,1,Uttar Pradesh,10158,A/C TAMAS RIVER (SIRSA),8.365,8.147,2.768
2026,6,June,2,Uttar Pradesh,10158,A/C TAMAS RIVER (SIRSA),8.365,8.149,2.779
2026,7,July,1,Uttar Pradesh,10158,A/C TAMAS RIVER (SIRSA),8.389,8.155,2.792
2026,7,July,2,Uttar Pradesh,10158,A/C TAMAS RIVER (SIRSA),8.426,8.162,2.802
2026,8,August,1,Uttar Pradesh,10158,A/C TAMAS RIVER (SIRSA),8.472,8.17,2.811
2026,8,August,2,Uttar Pradesh,10158,A/C TAMAS RIVER (SIRSA),8.521,8.178,2.818
2026,9,September,1,Uttar Pradesh,10158,A/C TAMAS RIVER (SIRSA),8.574,8.186,2.822
2026,9,September,2,Uttar Pradesh,10158,A/C TAMAS RIVER (SIRSA),8.626,8.194,2.826
2026,10,October,1,Uttar Pradesh,10158,A/C TAMAS RIVER (SIRSA),8.676,8.201,2.829
2026,10,October,2,Uttar Pradesh,10158,A/C TAMAS RIVER (SIRSA),8.719,8.207,2.832
2026,11,November,1,Uttar Pradesh,10158,A/C TAMAS RIVER (SIRSA),8.75,8.211,2.835
2026,11,November,2,Uttar Pradesh,10158,A/C TAMAS RIVER (SIRSA),8.765,8.213,2.838
2026,12,December,1,Uttar Pradesh,10158,A/C TAMAS RIVER (SIRSA),8.762,8.211,2.844
2026,12,December,2,Uttar Pradesh,10158,A/C TAMAS RIVER (SIRSA),8.742,8.207,2.851
2026,1,January,1,West Bengal,10159,"KHAGRA, BEHARAMPORE",8.55,7.113,1.675
2026,1,January,2,West Bengal,10159,"KHAGRA, BEHARAMPORE",8.654,7.178,1.459
2026,2,February,1,West Bengal,10159,"KHAGRA, BEHARAMPORE",8.629,7.232,1.4
2026,2,February,2,West Bengal,10159,"KHAGRA, BEHARAMPORE",8.794,7.144,1.439
2026,3,March,1,West Bengal,10159,"KHAGRA, BEHARAMPORE",8.873,7.118,1.445
2026,3,March,2,West Bengal,10159,"KHAGRA, BEHARAMPORE",8.905,7.111,1.444
2026,4,April,1,West Bengal,10159,"KHAGRA, BEHARAMPORE",8.903,7.108,1.448
2026,4,April,2,West Bengal,10159,"KHAGRA, BEHARAMPORE",8.901,7.106,1.453
2026,5,May,1,West Bengal,10159,"KHAGRA, BEHARAMPORE",8.894,7.104,1.459
2026,5,May,2,West Bengal,10159,"KHAGRA, BEHARAMPORE",8.882,7.103,1.466
2026,6,June,1,West Bengal,10159,"KHAGRA, BEHARAMPORE",8.849,7.103,1.484
2026,6,June,2,West Bengal,10159,"KHAGRA, BEHARAMPORE",8.79,7.103,1.496
2026,7,July,1,West Bengal,10159,"KHAGRA, BEHARAMPORE",8.739,7.104,1.508
2026,7,July,2,West Bengal,10159,"KHAGRA, BEHARAMPORE",8.713,7.104,1.517
2026,8,August,1,West Bengal,10159,"KHAGRA, BEHARAMPORE",8.707,7.103,1.524
2026,8,August,2,West Bengal,10159,"KHAGRA, BEHARAMPORE",8.715,7.102,1.532
2026,9,September,1,West Bengal,10159,"KHAGRA, BEHARAMPORE",8.722,7.101,1.535
2026,9,September,2,West Bengal,10159,"KHAGRA, BEHARAMPORE",8.726,7.1,1.535
2026,10,October,1,West Bengal,10159,"KHAGRA, BEHARAMPORE",8.729,7.099,1.535
2026,10,October,2,West Bengal,10159,"KHAGRA, BEHARAMPORE",8.73,7.098,1.534
2026,11,November,1,West Bengal,10159,"KHAGRA, BEHARAMPORE",8.731,7.098,1.534
2026,11,November,2,West Bengal,10159,"KHAGRA, BEHARAMPORE",8.731,7.097,1.534
2026,12,December,1,West Bengal,10159,"KHAGRA, BEHARAMPORE",8.731,7.097,1.534
2026,12,December,2,West Bengal,10159,"KHAGRA, BEHARAMPORE",8.73,7.096,1.533
2026,1,January,1,West Bengal,10160,"GORABAZAR, BEHRAMPORE",8.494,7.148,1.581
2026,1,January,2,West Bengal,10160,"GORABAZAR, BEHRAMPORE",8.498,7.271,1.405
2026,2,February,1,West Bengal,10160,"GORABAZAR, BEHRAMPORE",8.4,7.347,1.382
2026,2,February,2,West Bengal,10160,"GORABAZAR, BEHRAMPORE",8.62,7.182,1.429
2026,3,March,1,West Bengal,10160,"GORABAZAR, BEHRAMPORE",8.744,7.133,1.422
2026,3,March,2,West Bengal,10160,"GORABAZAR, BEHRAMPORE",8.794,7.119,1.417
2026,4,April,1,West Bengal,10160,"GORABAZAR, BEHRAMPORE",8.799,7.114,1.417
2026,4,April,2,West Bengal,10160,"GORABAZAR, BEHRAMPORE",8.794,7.111,1.418
2026,5,May,1,West Bengal,10160,"GORABAZAR, BEHRAMPORE",8.79,7.11,1.422
2026,5,May,2,West Bengal,10160,"GORABAZAR, BEHRAMPORE",8.78,7.109,1.425
2026,6,June,1,West Bengal,10160,"GORABAZAR, BEHRAMPORE",8.756,7.105,1.453
2026,6,June,2,West Bengal,10160,"GORABAZAR, BEHRAMPORE",8.694,7.106,1.467
2026,7,July,1,West Bengal,10160,"GORABAZAR, BEHRAMPORE",8.637,7.107,1.481
2026,7,July,2,West Bengal,10160,"GORABAZAR, BEHRAMPORE",8.612,7.107,1.49
2026,8,August,1,West Bengal,10160,"GORABAZAR, BEHRAMPORE",8.612,7.106,1.499
2026,8,August,2,West Bengal,10160,"GORABAZAR, BEHRAMPORE",8.636,7.102,1.52
2026,9,September,1,West Bengal,10160,"GORABAZAR, BEHRAMPORE",8.649,7.1,1.527
2026,9,September,2,West Bengal,10160,"GORABAZAR, BEHRAMPORE",8.658,7.099,1.528
2026,10,October,1,West Bengal,10160,"GORABAZAR, BEHRAMPORE",8.663,7.098,1.528
2026,10,October,2,West Bengal,10160,"GORABAZAR, BEHRAMPORE",8.669,7.097,1.528
2026,11,November,1,West Bengal,10160,"GORABAZAR, BEHRAMPORE",8.673,7.097,1.528
2026,11,November,2,West Bengal,10160,"GORABAZAR, BEHRAMPORE",8.678,7.096,1.528
2026,12,December,1,West Bengal,10160,"GORABAZAR, BEHRAMPORE",8.683,7.096,1.528
2026,12,December,2,West Bengal,10160,"GORABAZAR, BEHRAMPORE",8.687,7.095,1.528
2026,1,January,1,West Bengal,10161,"SHITALATALA, PALTA",8.226,7.242,1.532
2026,1,January,2,West Bengal,10161,"SHITALATALA, PALTA",8.352,7.259,1.432
2026,2,February,1,West Bengal,10161,"SHITALATALA, PALTA",8.383,7.265,1.394
2026,2,February,2,West Bengal,10161,"SHITALATALA, PALTA",8.505,7.197,1.388
2026,3,March,1,West Bengal,10161,"SHITALATALA, PALTA",8.607,7.165,1.376
2026,3,March,2,West Bengal,10161,"SHITALATALA, PALTA",8.685,7.133,1.398
2026,4,April,1,West Bengal,10161,"SHITALATALA, PALTA",8.718,7.12,1.401
2026,4,April,2,West Bengal,10161,"SHITALATALA, PALTA",8.733,7.112,1.413
2026,5,May,1,West Bengal,10161,"SHITALATALA, PALTA",8.721,7.107,1.419
2026,5,May,2,West Bengal,10161,"SHITALATALA, PALTA",8.699,7.104,1.428
2026,6,June,1,West Bengal,10161,"SHITALATALA, PALTA",8.672,7.103,1.445
2026,6,June,2,West Bengal,10161,"SHITALATALA, PALTA",8.604,7.104,1.472
2026,7,July,1,West Bengal,10161,"SHITALATALA, PALTA",8.573,7.104,1.49
2026,7,July,2,West Bengal,10161,"SHITALATALA, PALTA",8.566,7.103,1.5
2026,8,August,1,West Bengal,10161,"SHITALATALA, PALTA",8.574,7.101,1.509
2026,8,August,2,West Bengal,10161,"SHITALATALA, PALTA",8.592,7.1,1.517
2026,9,September,1,West Bengal,10161,"SHITALATALA, PALTA",8.609,7.099,1.522
2026,9,September,2,West Bengal,10161,"SHITALATALA, PALTA",8.624,7.098,1.525
2026,10,October,1,West Bengal,10161,"SHITALATALA, PALTA",8.635,7.097,1.526
2026,10,October,2,West Bengal,10161,"SHITALATALA, PALTA",8.645,7.096,1.526
2026,11,November,1,West Bengal,10161,"SHITALATALA, PALTA",8.653,7.096,1.526
2026,11,November,2,West Bengal,10161,"SHITALATALA, PALTA",8.66,7.095,1.526
2026,12,December,1,West Bengal,10161,"SHITALATALA, PALTA",8.667,7.095,1.526
2026,12,December,2,West Bengal,10161,"SHITALATALA, PALTA",8.673,7.094,1.527
2026,1,January,1,Bihar,10162,"U/s DORIGANJ, CHAPRA",7.679,7.592,1.446
2026,1,January,2,Bihar,10162,"U/s DORIGANJ, CHAPRA",7.468,7.594,1.641
2026,2,February,1,Bihar,10162,"U/s DORIGANJ, CHAPRA",7.413,7.598,1.73
2026,2,February,2,Bihar,10162,"U/s DORIGANJ, CHAPRA",7.404,7.594,1.752
2026,3,March,1,Bihar,10162,"U/s DORIGANJ, CHAPRA",7.387,7.6,1.755
2026,3,March,2,Bihar,10162,"U/s DORIGANJ, CHAPRA",7.38,7.602,1.759
2026,4,April,1,Bihar,10162,"U/s DORIGANJ, CHAPRA",7.381,7.608,1.769
2026,4,April,2,Bihar,10162,"U/s DORIGANJ, CHAPRA",7.392,7.601,1.773
2026,5,May,1,Bihar,10162,"U/s DORIGANJ, CHAPRA",7.389,7.597,1.766
2026,5,May,2,Bihar,10162,"U/s DORIGANJ, CHAPRA",7.366,7.565,1.691
2026,6,June,1,Bihar,10162,"U/s DORIGANJ, CHAPRA",7.369,7.562,1.671
2026,6,June,2,Bihar,10162,"U/s DORIGANJ, CHAPRA",7.333,7.537,1.595
2026,7,July,1,Bihar,10162,"U/s DORIGANJ, CHAPRA",7.284,7.493,1.563
2026,7,July,2,Bihar,10162,"U/s DORIGANJ, CHAPRA",7.278,7.482,1.55
2026,8,August,1,Bihar,10162,"U/s DORIGANJ, CHAPRA",7.278,7.477,1.542
2026,8,August,2,Bihar,10162,"U/s DORIGANJ, CHAPRA",7.277,7.473,1.533
2026,9,September,1,Bihar,10162,"U/s DORIGANJ, CHAPRA",7.275,7.469,1.525
2026,9,September,2,Bihar,10162,"U/s DORIGANJ, CHAPRA",7.273,7.464,1.517
2026,10,October,1,Bihar,10162,"U/s DORIGANJ, CHAPRA",7.271,7.458,1.509
2026,10,October,2,Bihar,10162,"U/s DORIGANJ, CHAPRA",7.27,7.452,1.501
2026,11,November,1,Bihar,10162,"U/s DORIGANJ, CHAPRA",7.269,7.446,1.492
2026,11,November,2,Bihar,10162,"U/s DORIGANJ, CHAPRA",7.269,7.439,1.483
2026,12,December,1,Bihar,10162,"U/s DORIGANJ, CHAPRA",7.271,7.433,1.475
2026,12,December,2,Bihar,10162,"U/s DORIGANJ, CHAPRA",7.274,7.426,1.468
