Year,Month_No,Month,Round,State,Station Code,Station Name,pH
2025,5,May,2,Uttarakhand,1491,BAGIRATHI AT GANGOTRI,7.86
2025,5,May,1,Uttarakhand,5451,RIVER MANDAKINI AT KEDARNATH,7.85
2025,5,May,2,Uttarakhand,5452,RIVER ALAKNANDA AT BADRINATH,7.74
2025,1,January,1,Uttarakhand,1485,"MANDAKINI B/C ALAKNANDA, RUDRAPRAYAG",8.16
2025,4,April,1,Uttarakhand,1485,"MANDAKINI B/C ALAKNANDA, RUDRAPRAYAG",7.98
2025,7,July,1,Uttarakhand,1485,"MANDAKINI B/C ALAKNANDA, RUDRAPRAYAG",7.71
2025,10,October,1,Uttarakhand,1485,"MANDAKINI B/C ALAKNANDA, RUDRAPRAYAG",7.86
2025,1,January,1,Uttarakhand,1484,"ALAKNANDA B/C MANDAKINI, RUDRA PRAYAG",7.59
2025,4,April,1,Uttarakhand,1484,"ALAKNANDA B/C MANDAKINI, RUDRA PRAYAG",8.05
2025,7,July,1,Uttarakhand,1484,"ALAKNANDA B/C MANDAKINI, RUDRA PRAYAG",7.82
2025,10,October,1,Uttarakhand,1484,"ALAKNANDA B/C MANDAKINI, RUDRA PRAYAG",7.82
2025,1,January,1,Uttarakhand,1486,"ALKANANDA A/C MANDAKINI, RUDRAPRAYAG",8.08
2025,4,April,1,Uttarakhand,1486,"ALKANANDA A/C MANDAKINI, RUDRAPRAYAG",8.13
2025,7,July,1,Uttarakhand,1486,"ALKANANDA A/C MANDAKINI, RUDRAPRAYAG",7.9
2025,10,October,1,Uttarakhand,1486,"ALKANANDA A/C MANDAKINI, RUDRAPRAYAG",7.89
2025,1,January,1,Uttarakhand,1488,"BHAGIRATHI B/C ALAKNANDA, DEVPRAYAG",8.02
2025,4,April,1,Uttarakhand,1488,"BHAGIRATHI B/C ALAKNANDA, DEVPRAYAG",8.06
2025,7,July,1,Uttarakhand,1488,"BHAGIRATHI B/C ALAKNANDA, DEVPRAYAG",8.04
2025,10,October,1,Uttarakhand,1488,"BHAGIRATHI B/C ALAKNANDA, DEVPRAYAG",8.0
2025,1,January,1,Uttarakhand,1487,"ALAKNANDA B/C BHAGIRATHI, DEVPRAYAG",7.95
2025,4,April,1,Uttarakhand,1487,"ALAKNANDA B/C BHAGIRATHI, DEVPRAYAG",7.99
2025,7,July,1,Uttarakhand,1487,"ALAKNANDA B/C BHAGIRATHI, DEVPRAYAG",7.93
2025,10,October,1,Uttarakhand,1487,"ALAKNANDA B/C BHAGIRATHI, DEVPRAYAG",7.85
2025,1,January,1,Uttarakhand,1489,"ALAKNANDA A/C BHAGIRATHI, DEVPRAYAG",7.97
2025,4,April,1,Uttarakhand,1489,"ALAKNANDA A/C BHAGIRATHI, DEVPRAYAG",8.01
2025,7,July,1,Uttarakhand,1489,"ALAKNANDA A/C BHAGIRATHI, DEVPRAYAG",7.86
2025,10,October,1,Uttarakhand,1489,"ALAKNANDA A/C BHAGIRATHI, DEVPRAYAG",8.1
2025,1,January,1,Uttarakhand,5776,"SWARG ASHRAM ,RISHIKESH",8.16
2025,1,January,2,Uttarakhand,5776,"SWARG ASHRAM ,RISHIKESH",7.97
2025,2,February,1,Uttarakhand,5776,"SWARG ASHRAM ,RISHIKESH",8.07
2025,2,February,2,Uttarakhand,5776,"SWARG ASHRAM ,RISHIKESH",8.1
2025,3,March,1,Uttarakhand,5776,"SWARG ASHRAM ,RISHIKESH",8.11
2025,3,March,2,Uttarakhand,5776,"SWARG ASHRAM ,RISHIKESH",8.08
2025,4,April,1,Uttarakhand,5776,"SWARG ASHRAM ,RISHIKESH",8.19
2025,4,April,2,Uttarakhand,5776,"SWARG ASHRAM ,RISHIKESH",8.02
2025,5,May,1,Uttarakhand,5776,"SWARG ASHRAM ,RISHIKESH",8.12
2025,5,May,2,Uttarakhand,5776,"SWARG ASHRAM ,RISHIKESH",8.1
2025,6,June,1,Uttarakhand,5776,"SWARG ASHRAM ,RISHIKESH",8.17
2025,6,June,2,Uttarakhand,5776,"SWARG ASHRAM ,RISHIKESH",8.11
2025,7,July,1,Uttarakhand,5776,"SWARG ASHRAM ,RISHIKESH",8.1
2025,7,July,2,Uttarakhand,5776,"SWARG ASHRAM ,RISHIKESH",8.19
2025,8,August,1,Uttarakhand,5776,"SWARG ASHRAM ,RISHIKESH",8.06
2025,8,August,2,Uttarakhand,5776,"SWARG ASHRAM ,RISHIKESH",8.15
2025,9,September,1,Uttarakhand,5776,"SWARG ASHRAM ,RISHIKESH",7.96
2025,9,September,2,Uttarakhand,5776,"SWARG ASHRAM ,RISHIKESH",8.09
2025,10,October,1,Uttarakhand,5776,"SWARG ASHRAM ,RISHIKESH",8.02
2025,10,October,2,Uttarakhand,5776,"SWARG ASHRAM ,RISHIKESH",8.16
2025,11,November,1,Uttarakhand,5776,"SWARG ASHRAM ,RISHIKESH",8.09
2025,11,November,2,Uttarakhand,5776,"SWARG ASHRAM ,RISHIKESH",8.09
2025,12,December,1,Uttarakhand,5776,"SWARG ASHRAM ,RISHIKESH",8.22
2025,12,December,2,Uttarakhand,5776,"SWARG ASHRAM ,RISHIKESH",8.16
2025,1,January,1,Uttarakhand,1060,U/S RISHIKESH ,8.15
2025,1,January,2,Uttarakhand,1060,U/S RISHIKESH ,8.03
2025,2,February,1,Uttarakhand,1060,U/S RISHIKESH ,8.1
2025,2,February,2,Uttarakhand,1060,U/S RISHIKESH ,8.14
2025,3,March,1,Uttarakhand,1060,U/S RISHIKESH ,8.16
2025,3,March,2,Uttarakhand,1060,U/S RISHIKESH ,8.05
2025,4,April,1,Uttarakhand,1060,U/S RISHIKESH ,8.09
2025,4,April,2,Uttarakhand,1060,U/S RISHIKESH ,8.11
2025,5,May,1,Uttarakhand,1060,U/S RISHIKESH ,8.16
2025,5,May,2,Uttarakhand,1060,U/S RISHIKESH ,8.06
2025,6,June,1,Uttarakhand,1060,U/S RISHIKESH ,8.09
2025,6,June,2,Uttarakhand,1060,U/S RISHIKESH ,8.15
2025,7,July,1,Uttarakhand,1060,U/S RISHIKESH ,8.15
2025,7,July,2,Uttarakhand,1060,U/S RISHIKESH ,8.02
2025,8,August,1,Uttarakhand,1060,U/S RISHIKESH ,8.11
2025,8,August,2,Uttarakhand,1060,U/S RISHIKESH ,8.1
2025,9,September,1,Uttarakhand,1060,U/S RISHIKESH ,8.02
2025,9,September,2,Uttarakhand,1060,U/S RISHIKESH ,8.14
2025,10,October,1,Uttarakhand,1060,U/S RISHIKESH ,8.11
2025,10,October,2,Uttarakhand,1060,U/S RISHIKESH ,8.24
2025,11,November,1,Uttarakhand,1060,U/S RISHIKESH ,8.16
2025,11,November,2,Uttarakhand,1060,U/S RISHIKESH ,8.16
2025,12,December,1,Uttarakhand,1060,U/S RISHIKESH ,8.14
2025,12,December,2,Uttarakhand,1060,U/S RISHIKESH ,8.1
2025,1,January,1,Uttarakhand,5777,"VISTHAPHIT COLONY, RISHIKESH",8.16
2025,1,January,2,Uttarakhand,5777,"VISTHAPHIT COLONY, RISHIKESH",7.94
2025,2,February,1,Uttarakhand,5777,"VISTHAPHIT COLONY, RISHIKESH",8.11
2025,2,February,2,Uttarakhand,5777,"VISTHAPHIT COLONY, RISHIKESH",8.14
2025,3,March,1,Uttarakhand,5777,"VISTHAPHIT COLONY, RISHIKESH",8.02
2025,3,March,2,Uttarakhand,5777,"VISTHAPHIT COLONY, RISHIKESH",8.02
2025,4,April,1,Uttarakhand,5777,"VISTHAPHIT COLONY, RISHIKESH",8.1
2025,4,April,2,Uttarakhand,5777,"VISTHAPHIT COLONY, RISHIKESH",7.96
2025,5,May,1,Uttarakhand,5777,"VISTHAPHIT COLONY, RISHIKESH",8.02
2025,5,May,2,Uttarakhand,5777,"VISTHAPHIT COLONY, RISHIKESH",7.94
2025,6,June,1,Uttarakhand,5777,"VISTHAPHIT COLONY, RISHIKESH",7.96
2025,6,June,2,Uttarakhand,5777,"VISTHAPHIT COLONY, RISHIKESH",7.89
2025,7,July,1,Uttarakhand,5777,"VISTHAPHIT COLONY, RISHIKESH",7.9
2025,7,July,2,Uttarakhand,5777,"VISTHAPHIT COLONY, RISHIKESH",7.92
2025,8,August,1,Uttarakhand,5777,"VISTHAPHIT COLONY, RISHIKESH",7.88
2025,8,August,2,Uttarakhand,5777,"VISTHAPHIT COLONY, RISHIKESH",7.89
2025,9,September,1,Uttarakhand,5777,"VISTHAPHIT COLONY, RISHIKESH",7.81
2025,9,September,2,Uttarakhand,5777,"VISTHAPHIT COLONY, RISHIKESH",7.92
2025,10,October,1,Uttarakhand,5777,"VISTHAPHIT COLONY, RISHIKESH",7.87
2025,10,October,2,Uttarakhand,5777,"VISTHAPHIT COLONY, RISHIKESH",7.98
2025,11,November,1,Uttarakhand,5777,"VISTHAPHIT COLONY, RISHIKESH",7.93
2025,11,November,2,Uttarakhand,5777,"VISTHAPHIT COLONY, RISHIKESH",7.93
2025,12,December,1,Uttarakhand,5777,"VISTHAPHIT COLONY, RISHIKESH",7.77
2025,12,December,2,Uttarakhand,5777,"VISTHAPHIT COLONY, RISHIKESH",7.81
2025,1,January,1,Uttarakhand,10147, RISHIKESH D/S,8.12
2025,1,January,2,Uttarakhand,10147, RISHIKESH D/S,7.95
2025,2,February,1,Uttarakhand,10147, RISHIKESH D/S,8.05
2025,2,February,2,Uttarakhand,10147, RISHIKESH D/S,8.09
2025,3,March,1,Uttarakhand,10147, RISHIKESH D/S,7.96
2025,3,March,2,Uttarakhand,10147, RISHIKESH D/S,8.14
2025,4,April,1,Uttarakhand,10147, RISHIKESH D/S,7.89
2025,4,April,2,Uttarakhand,10147, RISHIKESH D/S,8.07
2025,5,May,1,Uttarakhand,10147, RISHIKESH D/S,7.82
2025,5,May,2,Uttarakhand,10147, RISHIKESH D/S,8.14
2025,6,June,1,Uttarakhand,10147, RISHIKESH D/S,7.78
2025,6,June,2,Uttarakhand,10147, RISHIKESH D/S,7.84
2025,7,July,1,Uttarakhand,10147, RISHIKESH D/S,7.78
2025,7,July,2,Uttarakhand,10147, RISHIKESH D/S,7.8
2025,8,August,1,Uttarakhand,10147, RISHIKESH D/S,7.81
2025,8,August,2,Uttarakhand,10147, RISHIKESH D/S,7.86
2025,9,September,1,Uttarakhand,10147, RISHIKESH D/S,7.89
2025,9,September,2,Uttarakhand,10147, RISHIKESH D/S,7.89
2025,10,October,1,Uttarakhand,10147, RISHIKESH D/S,7.85
2025,10,October,2,Uttarakhand,10147, RISHIKESH D/S,7.94
2025,11,November,1,Uttarakhand,10147, RISHIKESH D/S,7.89
2025,11,November,2,Uttarakhand,10147, RISHIKESH D/S,7.89
2025,12,December,1,Uttarakhand,10147, RISHIKESH D/S,7.85
2025,12,December,2,Uttarakhand,10147, RISHIKESH D/S,7.89
2025,1,January,1,Uttarakhand,2725,"A/C SONG, D/S RAIWALA",8.17
2025,1,January,2,Uttarakhand,2725,"A/C SONG, D/S RAIWALA",8.09
2025,2,February,1,Uttarakhand,2725,"A/C SONG, D/S RAIWALA",8.12
2025,2,February,2,Uttarakhand,2725,"A/C SONG, D/S RAIWALA",8.06
2025,3,March,1,Uttarakhand,2725,"A/C SONG, D/S RAIWALA",7.98
2025,3,March,2,Uttarakhand,2725,"A/C SONG, D/S RAIWALA",7.96
2025,4,April,1,Uttarakhand,2725,"A/C SONG, D/S RAIWALA",7.9
2025,4,April,2,Uttarakhand,2725,"A/C SONG, D/S RAIWALA",7.9
2025,5,May,1,Uttarakhand,2725,"A/C SONG, D/S RAIWALA",7.85
2025,5,May,2,Uttarakhand,2725,"A/C SONG, D/S RAIWALA",7.86
2025,6,June,1,Uttarakhand,2725,"A/C SONG, D/S RAIWALA",7.79
2025,6,June,2,Uttarakhand,2725,"A/C SONG, D/S RAIWALA",7.86
2025,7,July,1,Uttarakhand,2725,"A/C SONG, D/S RAIWALA",7.71
2025,7,July,2,Uttarakhand,2725,"A/C SONG, D/S RAIWALA",7.83
2025,8,August,1,Uttarakhand,2725,"A/C SONG, D/S RAIWALA",7.78
2025,8,August,2,Uttarakhand,2725,"A/C SONG, D/S RAIWALA",7.8
2025,9,September,1,Uttarakhand,2725,"A/C SONG, D/S RAIWALA",7.84
2025,9,September,2,Uttarakhand,2725,"A/C SONG, D/S RAIWALA",7.86
2025,10,October,1,Uttarakhand,2725,"A/C SONG, D/S RAIWALA",7.9
2025,10,October,2,Uttarakhand,2725,"A/C SONG, D/S RAIWALA",7.87
2025,11,November,1,Uttarakhand,2725,"A/C SONG, D/S RAIWALA",7.97
2025,11,November,2,Uttarakhand,2725,"A/C SONG, D/S RAIWALA",7.96
2025,12,December,1,Uttarakhand,2725,"A/C SONG, D/S RAIWALA",7.91
2025,12,December,2,Uttarakhand,2725,"A/C SONG, D/S RAIWALA",7.96
2025,1,January,1,Uttarakhand,10148,HARKI PAURI GHAT,7.8
2025,1,January,2,Uttarakhand,10148,HARKI PAURI GHAT,7.85
2025,2,February,1,Uttarakhand,10148,HARKI PAURI GHAT,8.0
2025,2,February,2,Uttarakhand,10148,HARKI PAURI GHAT,8.0
2025,3,March,1,Uttarakhand,10148,HARKI PAURI GHAT,7.6
2025,3,March,2,Uttarakhand,10148,HARKI PAURI GHAT,8.2
2025,4,April,1,Uttarakhand,10148,HARKI PAURI GHAT,8.1
2025,4,April,2,Uttarakhand,10148,HARKI PAURI GHAT,8.1
2025,5,May,1,Uttarakhand,10148,HARKI PAURI GHAT,7.16
2025,5,May,2,Uttarakhand,10148,HARKI PAURI GHAT,7.1
2025,6,June,1,Uttarakhand,10148,HARKI PAURI GHAT,8.4
2025,6,June,2,Uttarakhand,10148,HARKI PAURI GHAT,7.4
2025,7,July,1,Uttarakhand,10148,HARKI PAURI GHAT,7.65
2025,7,July,2,Uttarakhand,10148,HARKI PAURI GHAT,7.8
2025,8,August,1,Uttarakhand,10148,HARKI PAURI GHAT,8.1
2025,8,August,2,Uttarakhand,10148,HARKI PAURI GHAT,8.1
2025,9,September,1,Uttarakhand,10148,HARKI PAURI GHAT,7.9
2025,9,September,2,Uttarakhand,10148,HARKI PAURI GHAT,8.0
2025,10,October,1,Uttarakhand,10148,HARKI PAURI GHAT,7.6
2025,10,October,2,Uttarakhand,10148,HARKI PAURI GHAT,7.66
2025,11,November,1,Uttarakhand,10148,HARKI PAURI GHAT,8.2
2025,11,November,2,Uttarakhand,10148,HARKI PAURI GHAT,8.2
2025,12,December,1,Uttarakhand,10148,HARKI PAURI GHAT,8.2
2025,12,December,2,Uttarakhand,10148,HARKI PAURI GHAT,8.3
2025,1,January,1,Uttarakhand,3997," U/S BINDUGHAT, HARIDWAR",7.9
2025,2,February,1,Uttarakhand,3997," U/S BINDUGHAT, HARIDWAR",7.8
2025,3,March,2,Uttarakhand,3997," U/S BINDUGHAT, HARIDWAR",7.8
2025,4,April,1,Uttarakhand,3997," U/S BINDUGHAT, HARIDWAR",8.2
2025,5,May,1,Uttarakhand,3997," U/S BINDUGHAT, HARIDWAR",8.2
2025,5,May,2,Uttarakhand,3997," U/S BINDUGHAT, HARIDWAR",8.2
2025,6,June,1,Uttarakhand,3997," U/S BINDUGHAT, HARIDWAR",8.5
2025,7,July,1,Uttarakhand,3997," U/S BINDUGHAT, HARIDWAR",7.86
2025,8,August,1,Uttarakhand,3997," U/S BINDUGHAT, HARIDWAR",8.0
2025,9,September,2,Uttarakhand,3997," U/S BINDUGHAT, HARIDWAR",8.2
2025,10,October,2,Uttarakhand,3997," U/S BINDUGHAT, HARIDWAR",7.3
2025,11,November,1,Uttarakhand,3997," U/S BINDUGHAT, HARIDWAR",7.9
2025,12,December,1,Uttarakhand,3997," U/S BINDUGHAT, HARIDWAR",8.3
2025,1,January,1,Uttarakhand,1061,HARIDWAR D/S,8.0
2025,1,January,2,Uttarakhand,1061,HARIDWAR D/S,7.61
2025,2,February,1,Uttarakhand,1061,HARIDWAR D/S,8.1
2025,2,February,2,Uttarakhand,1061,HARIDWAR D/S,8.2
2025,3,March,1,Uttarakhand,1061,HARIDWAR D/S,8.1
2025,3,March,2,Uttarakhand,1061,HARIDWAR D/S,8.1
2025,4,April,1,Uttarakhand,1061,HARIDWAR D/S,8.6
2025,4,April,2,Uttarakhand,1061,HARIDWAR D/S,8.2
2025,5,May,1,Uttarakhand,1061,HARIDWAR D/S,7.42
2025,5,May,2,Uttarakhand,1061,HARIDWAR D/S,7.56
2025,6,June,1,Uttarakhand,1061,HARIDWAR D/S,8.0
2025,6,June,2,Uttarakhand,1061,HARIDWAR D/S,8.2
2025,7,July,1,Uttarakhand,1061,HARIDWAR D/S,7.4
2025,7,July,2,Uttarakhand,1061,HARIDWAR D/S,7.5
2025,8,August,1,Uttarakhand,1061,HARIDWAR D/S,8.2
2025,8,August,2,Uttarakhand,1061,HARIDWAR D/S,8.2
2025,9,September,1,Uttarakhand,1061,HARIDWAR D/S,8.1
2025,9,September,2,Uttarakhand,1061,HARIDWAR D/S,8.2
2025,10,October,1,Uttarakhand,1061,HARIDWAR D/S,7.6
2025,10,October,2,Uttarakhand,1061,HARIDWAR D/S,8.1
2025,11,November,1,Uttarakhand,1061,HARIDWAR D/S,8.2
2025,11,November,2,Uttarakhand,1061,HARIDWAR D/S,8.4
2025,12,December,1,Uttarakhand,1061,HARIDWAR D/S,8.4
2025,12,December,2,Uttarakhand,1061,HARIDWAR D/S,8.2
2025,1,January,1,Uttarakhand,5778,"BISHANPUR KUNDI, HARIDWAR",7.9
2025,1,January,2,Uttarakhand,5778,"BISHANPUR KUNDI, HARIDWAR",7.21
2025,2,February,1,Uttarakhand,5778,"BISHANPUR KUNDI, HARIDWAR",8.0
2025,2,February,2,Uttarakhand,5778,"BISHANPUR KUNDI, HARIDWAR",8.1
2025,3,March,1,Uttarakhand,5778,"BISHANPUR KUNDI, HARIDWAR",8.0
2025,3,March,2,Uttarakhand,5778,"BISHANPUR KUNDI, HARIDWAR",8.1
2025,4,April,1,Uttarakhand,5778,"BISHANPUR KUNDI, HARIDWAR",8.3
2025,4,April,2,Uttarakhand,5778,"BISHANPUR KUNDI, HARIDWAR",8.0
2025,5,May,1,Uttarakhand,5778,"BISHANPUR KUNDI, HARIDWAR",7.82
2025,5,May,2,Uttarakhand,5778,"BISHANPUR KUNDI, HARIDWAR",7.21
2025,6,June,1,Uttarakhand,5778,"BISHANPUR KUNDI, HARIDWAR",8.2
2025,6,June,2,Uttarakhand,5778,"BISHANPUR KUNDI, HARIDWAR",7.9
2025,7,July,1,Uttarakhand,5778,"BISHANPUR KUNDI, HARIDWAR",7.65
2025,7,July,2,Uttarakhand,5778,"BISHANPUR KUNDI, HARIDWAR",7.4
2025,8,August,1,Uttarakhand,5778,"BISHANPUR KUNDI, HARIDWAR",8.1
2025,8,August,2,Uttarakhand,5778,"BISHANPUR KUNDI, HARIDWAR",8.0
2025,9,September,1,Uttarakhand,5778,"BISHANPUR KUNDI, HARIDWAR",8.2
2025,9,September,2,Uttarakhand,5778,"BISHANPUR KUNDI, HARIDWAR",8.1
2025,10,October,1,Uttarakhand,5778,"BISHANPUR KUNDI, HARIDWAR",7.4
2025,10,October,2,Uttarakhand,5778,"BISHANPUR KUNDI, HARIDWAR",7.9
2025,11,November,1,Uttarakhand,5778,"BISHANPUR KUNDI, HARIDWAR",8.3
2025,11,November,2,Uttarakhand,5778,"BISHANPUR KUNDI, HARIDWAR",8.0
2025,12,December,1,Uttarakhand,5778,"BISHANPUR KUNDI, HARIDWAR",8.1
2025,12,December,2,Uttarakhand,5778,"BISHANPUR KUNDI, HARIDWAR",8.3
2025,1,January,1,Uttarakhand,2727, ROORKEE D/S,8.1
2025,1,January,2,Uttarakhand,2727, ROORKEE D/S,7.79
2025,2,February,1,Uttarakhand,2727, ROORKEE D/S,7.9
2025,2,February,2,Uttarakhand,2727, ROORKEE D/S,7.8
2025,3,March,1,Uttarakhand,2727, ROORKEE D/S,8.0
2025,3,March,2,Uttarakhand,2727, ROORKEE D/S,8.0
2025,4,April,1,Uttarakhand,2727, ROORKEE D/S,8.0
2025,4,April,2,Uttarakhand,2727, ROORKEE D/S,8.1
2025,5,May,1,Uttarakhand,2727, ROORKEE D/S,8.2
2025,5,May,2,Uttarakhand,2727, ROORKEE D/S,7.6
2025,6,June,1,Uttarakhand,2727, ROORKEE D/S,8.5
2025,6,June,2,Uttarakhand,2727, ROORKEE D/S,8.3
2025,7,July,1,Uttarakhand,2727, ROORKEE D/S,7.53
2025,7,July,2,Uttarakhand,2727, ROORKEE D/S,7.6
2025,8,August,1,Uttarakhand,2727, ROORKEE D/S,8.2
2025,9,September,1,Uttarakhand,2727, ROORKEE D/S,8.1
2025,9,September,2,Uttarakhand,2727, ROORKEE D/S,8.2
2025,10,October,2,Uttarakhand,2727, ROORKEE D/S,7.4
2025,11,November,1,Uttarakhand,2727, ROORKEE D/S,8.0
2025,11,November,2,Uttarakhand,2727, ROORKEE D/S,8.1
2025,12,December,1,Uttarakhand,2727, ROORKEE D/S,8.3
2025,12,December,2,Uttarakhand,2727, ROORKEE D/S,8.1
2025,1,January,1,Uttar Pradesh,10150,MADHYA GANGA BARRAGE (BIJNOR),7.84
2025,1,January,2,Uttar Pradesh,10150,MADHYA GANGA BARRAGE (BIJNOR),7.9
2025,2,February,1,Uttar Pradesh,10150,MADHYA GANGA BARRAGE (BIJNOR),7.79
2025,2,February,2,Uttar Pradesh,10150,MADHYA GANGA BARRAGE (BIJNOR),7.82
2025,3,March,1,Uttar Pradesh,10150,MADHYA GANGA BARRAGE (BIJNOR),7.8
2025,3,March,2,Uttar Pradesh,10150,MADHYA GANGA BARRAGE (BIJNOR),7.93
2025,4,April,1,Uttar Pradesh,10150,MADHYA GANGA BARRAGE (BIJNOR),7.9
2025,4,April,2,Uttar Pradesh,10150,MADHYA GANGA BARRAGE (BIJNOR),7.68
2025,5,May,1,Uttar Pradesh,10150,MADHYA GANGA BARRAGE (BIJNOR),7.89
2025,5,May,2,Uttar Pradesh,10150,MADHYA GANGA BARRAGE (BIJNOR),7.73
2025,6,June,1,Uttar Pradesh,10150,MADHYA GANGA BARRAGE (BIJNOR),7.89
2025,6,June,2,Uttar Pradesh,10150,MADHYA GANGA BARRAGE (BIJNOR),7.65
2025,7,July,1,Uttar Pradesh,10150,MADHYA GANGA BARRAGE (BIJNOR),7.93
2025,7,July,2,Uttar Pradesh,10150,MADHYA GANGA BARRAGE (BIJNOR),7.76
2025,8,August,1,Uttar Pradesh,10150,MADHYA GANGA BARRAGE (BIJNOR),7.95
2025,8,August,2,Uttar Pradesh,10150,MADHYA GANGA BARRAGE (BIJNOR),7.62
2025,9,September,1,Uttar Pradesh,10150,MADHYA GANGA BARRAGE (BIJNOR),7.66
2025,9,September,2,Uttar Pradesh,10150,MADHYA GANGA BARRAGE (BIJNOR),7.86
2025,10,October,1,Uttar Pradesh,10150,MADHYA GANGA BARRAGE (BIJNOR),7.88
2025,10,October,2,Uttar Pradesh,10150,MADHYA GANGA BARRAGE (BIJNOR),7.9
2025,11,November,1,Uttar Pradesh,10150,MADHYA GANGA BARRAGE (BIJNOR),7.8
2025,11,November,2,Uttar Pradesh,10150,MADHYA GANGA BARRAGE (BIJNOR),7.73
2025,12,December,1,Uttar Pradesh,10150,MADHYA GANGA BARRAGE (BIJNOR),7.71
2025,12,December,2,Uttar Pradesh,10150,MADHYA GANGA BARRAGE (BIJNOR),7.79
2025,1,January,1,Uttar Pradesh,5707," NANDAUR NEAR HASTINAPUR
",7.32
2025,1,January,2,Uttar Pradesh,5707," NANDAUR NEAR HASTINAPUR
",7.28
2025,2,February,1,Uttar Pradesh,5707," NANDAUR NEAR HASTINAPUR
",7.38
2025,2,February,2,Uttar Pradesh,5707," NANDAUR NEAR HASTINAPUR
",7.38
2025,3,March,1,Uttar Pradesh,5707," NANDAUR NEAR HASTINAPUR
",7.26
2025,3,March,2,Uttar Pradesh,5707," NANDAUR NEAR HASTINAPUR
",7.28
2025,4,April,1,Uttar Pradesh,5707," NANDAUR NEAR HASTINAPUR
",7.24
2025,4,April,2,Uttar Pradesh,5707," NANDAUR NEAR HASTINAPUR
",7.19
2025,5,May,1,Uttar Pradesh,5707," NANDAUR NEAR HASTINAPUR
",7.34
2025,5,May,2,Uttar Pradesh,5707," NANDAUR NEAR HASTINAPUR
",7.28
2025,6,June,1,Uttar Pradesh,5707," NANDAUR NEAR HASTINAPUR
",7.36
2025,6,June,2,Uttar Pradesh,5707," NANDAUR NEAR HASTINAPUR
",7.3
2025,7,July,1,Uttar Pradesh,5707," NANDAUR NEAR HASTINAPUR
",7.28
2025,7,July,2,Uttar Pradesh,5707," NANDAUR NEAR HASTINAPUR
",7.34
2025,8,August,1,Uttar Pradesh,5707," NANDAUR NEAR HASTINAPUR
",7.35
2025,8,August,2,Uttar Pradesh,5707," NANDAUR NEAR HASTINAPUR
",7.53
2025,9,September,1,Uttar Pradesh,5707," NANDAUR NEAR HASTINAPUR
",7.34
2025,9,September,2,Uttar Pradesh,5707," NANDAUR NEAR HASTINAPUR
",7.34
2025,10,October,1,Uttar Pradesh,5707," NANDAUR NEAR HASTINAPUR
",7.31
2025,10,October,2,Uttar Pradesh,5707," NANDAUR NEAR HASTINAPUR
",7.31
2025,11,November,1,Uttar Pradesh,5707," NANDAUR NEAR HASTINAPUR
",7.32
2025,11,November,2,Uttar Pradesh,5707," NANDAUR NEAR HASTINAPUR
",7.32
2025,12,December,1,Uttar Pradesh,5707," NANDAUR NEAR HASTINAPUR
",7.36
2025,12,December,2,Uttar Pradesh,5707," NANDAUR NEAR HASTINAPUR
",7.36
2025,1,January,1,Uttar Pradesh,5708," TIGRI GANGA GHAT, AMROHA",7.82
2025,1,January,2,Uttar Pradesh,5708," TIGRI GANGA GHAT, AMROHA",7.74
2025,2,February,1,Uttar Pradesh,5708," TIGRI GANGA GHAT, AMROHA",7.8
2025,2,February,2,Uttar Pradesh,5708," TIGRI GANGA GHAT, AMROHA",7.81
2025,3,March,1,Uttar Pradesh,5708," TIGRI GANGA GHAT, AMROHA",8.2
2025,3,March,2,Uttar Pradesh,5708," TIGRI GANGA GHAT, AMROHA",8.0
2025,4,April,1,Uttar Pradesh,5708," TIGRI GANGA GHAT, AMROHA",7.84
2025,4,April,2,Uttar Pradesh,5708," TIGRI GANGA GHAT, AMROHA",7.75
2025,5,May,1,Uttar Pradesh,5708," TIGRI GANGA GHAT, AMROHA",7.65
2025,5,May,2,Uttar Pradesh,5708," TIGRI GANGA GHAT, AMROHA",7.84
2025,6,June,1,Uttar Pradesh,5708," TIGRI GANGA GHAT, AMROHA",7.82
2025,6,June,2,Uttar Pradesh,5708," TIGRI GANGA GHAT, AMROHA",7.9
2025,7,July,1,Uttar Pradesh,5708," TIGRI GANGA GHAT, AMROHA",7.75
2025,7,July,2,Uttar Pradesh,5708," TIGRI GANGA GHAT, AMROHA",7.9
2025,8,August,1,Uttar Pradesh,5708," TIGRI GANGA GHAT, AMROHA",7.84
2025,8,August,2,Uttar Pradesh,5708," TIGRI GANGA GHAT, AMROHA",7.67
2025,9,September,1,Uttar Pradesh,5708," TIGRI GANGA GHAT, AMROHA",7.9
2025,9,September,2,Uttar Pradesh,5708," TIGRI GANGA GHAT, AMROHA",7.85
2025,10,October,1,Uttar Pradesh,5708," TIGRI GANGA GHAT, AMROHA",7.9
2025,10,October,2,Uttar Pradesh,5708," TIGRI GANGA GHAT, AMROHA",7.85
2025,11,November,1,Uttar Pradesh,5708," TIGRI GANGA GHAT, AMROHA",7.85
2025,11,November,2,Uttar Pradesh,5708," TIGRI GANGA GHAT, AMROHA",7.92
2025,12,December,1,Uttar Pradesh,5708," TIGRI GANGA GHAT, AMROHA",7.92
2025,12,December,2,Uttar Pradesh,5708," TIGRI GANGA GHAT, AMROHA",8.42
2025,1,January,1,Uttar Pradesh,10149,"U/S BRIJGHAT, GARHMUKTESHWAR",7.5
2025,1,January,2,Uttar Pradesh,10149,"U/S BRIJGHAT, GARHMUKTESHWAR",7.54
2025,2,February,1,Uttar Pradesh,10149,"U/S BRIJGHAT, GARHMUKTESHWAR",7.5
2025,2,February,2,Uttar Pradesh,10149,"U/S BRIJGHAT, GARHMUKTESHWAR",7.5
2025,3,March,1,Uttar Pradesh,10149,"U/S BRIJGHAT, GARHMUKTESHWAR",7.5
2025,3,March,2,Uttar Pradesh,10149,"U/S BRIJGHAT, GARHMUKTESHWAR",7.48
2025,4,April,1,Uttar Pradesh,10149,"U/S BRIJGHAT, GARHMUKTESHWAR",7.4
2025,4,April,2,Uttar Pradesh,10149,"U/S BRIJGHAT, GARHMUKTESHWAR",7.5
2025,5,May,1,Uttar Pradesh,10149,"U/S BRIJGHAT, GARHMUKTESHWAR",7.5
2025,5,May,2,Uttar Pradesh,10149,"U/S BRIJGHAT, GARHMUKTESHWAR",7.55
2025,6,June,1,Uttar Pradesh,10149,"U/S BRIJGHAT, GARHMUKTESHWAR",7.57
2025,6,June,2,Uttar Pradesh,10149,"U/S BRIJGHAT, GARHMUKTESHWAR",7.48
2025,7,July,1,Uttar Pradesh,10149,"U/S BRIJGHAT, GARHMUKTESHWAR",7.58
2025,7,July,2,Uttar Pradesh,10149,"U/S BRIJGHAT, GARHMUKTESHWAR",7.58
2025,8,August,1,Uttar Pradesh,10149,"U/S BRIJGHAT, GARHMUKTESHWAR",7.55
2025,8,August,2,Uttar Pradesh,10149,"U/S BRIJGHAT, GARHMUKTESHWAR",7.52
2025,9,September,1,Uttar Pradesh,10149,"U/S BRIJGHAT, GARHMUKTESHWAR",7.55
2025,9,September,2,Uttar Pradesh,10149,"U/S BRIJGHAT, GARHMUKTESHWAR",7.48
2025,10,October,1,Uttar Pradesh,10149,"U/S BRIJGHAT, GARHMUKTESHWAR",7.5
2025,10,October,2,Uttar Pradesh,10149,"U/S BRIJGHAT, GARHMUKTESHWAR",7.62
2025,11,November,1,Uttar Pradesh,10149,"U/S BRIJGHAT, GARHMUKTESHWAR",7.5
2025,11,November,2,Uttar Pradesh,10149,"U/S BRIJGHAT, GARHMUKTESHWAR",7.5
2025,12,December,1,Uttar Pradesh,10149,"U/S BRIJGHAT, GARHMUKTESHWAR",7.4
2025,12,December,2,Uttar Pradesh,10149,"U/S BRIJGHAT, GARHMUKTESHWAR",7.5
2025,1,January,1,Uttar Pradesh,1062,"BRIJGHAT D/S, GHARMUKTESHWAR ",7.5
2025,1,January,2,Uttar Pradesh,1062,"BRIJGHAT D/S, GHARMUKTESHWAR ",7.5
2025,2,February,1,Uttar Pradesh,1062,"BRIJGHAT D/S, GHARMUKTESHWAR ",7.5
2025,2,February,2,Uttar Pradesh,1062,"BRIJGHAT D/S, GHARMUKTESHWAR ",7.4
2025,3,March,1,Uttar Pradesh,1062,"BRIJGHAT D/S, GHARMUKTESHWAR ",7.5
2025,3,March,2,Uttar Pradesh,1062,"BRIJGHAT D/S, GHARMUKTESHWAR ",7.55
2025,4,April,1,Uttar Pradesh,1062,"BRIJGHAT D/S, GHARMUKTESHWAR ",7.46
2025,4,April,2,Uttar Pradesh,1062,"BRIJGHAT D/S, GHARMUKTESHWAR ",7.55
2025,5,May,1,Uttar Pradesh,1062,"BRIJGHAT D/S, GHARMUKTESHWAR ",7.64
2025,5,May,2,Uttar Pradesh,1062,"BRIJGHAT D/S, GHARMUKTESHWAR ",7.6
2025,6,June,1,Uttar Pradesh,1062,"BRIJGHAT D/S, GHARMUKTESHWAR ",7.6
2025,6,June,2,Uttar Pradesh,1062,"BRIJGHAT D/S, GHARMUKTESHWAR ",7.46
2025,7,July,1,Uttar Pradesh,1062,"BRIJGHAT D/S, GHARMUKTESHWAR ",7.59
2025,7,July,2,Uttar Pradesh,1062,"BRIJGHAT D/S, GHARMUKTESHWAR ",7.54
2025,8,August,1,Uttar Pradesh,1062,"BRIJGHAT D/S, GHARMUKTESHWAR ",7.6
2025,8,August,2,Uttar Pradesh,1062,"BRIJGHAT D/S, GHARMUKTESHWAR ",7.56
2025,9,September,1,Uttar Pradesh,1062,"BRIJGHAT D/S, GHARMUKTESHWAR ",7.6
2025,9,September,2,Uttar Pradesh,1062,"BRIJGHAT D/S, GHARMUKTESHWAR ",7.6
2025,10,October,1,Uttar Pradesh,1062,"BRIJGHAT D/S, GHARMUKTESHWAR ",7.55
2025,10,October,2,Uttar Pradesh,1062,"BRIJGHAT D/S, GHARMUKTESHWAR ",7.58
2025,11,November,1,Uttar Pradesh,1062,"BRIJGHAT D/S, GHARMUKTESHWAR ",7.6
2025,11,November,2,Uttar Pradesh,1062,"BRIJGHAT D/S, GHARMUKTESHWAR ",7.6
2025,12,December,1,Uttar Pradesh,1062,"BRIJGHAT D/S, GHARMUKTESHWAR ",7.5
2025,12,December,2,Uttar Pradesh,1062,"BRIJGHAT D/S, GHARMUKTESHWAR ",7.6
2025,1,January,1,Uttar Pradesh,2488,U/S ANOOPSHAHAR,7.33
2025,1,January,2,Uttar Pradesh,2488,U/S ANOOPSHAHAR,7.26
2025,2,February,1,Uttar Pradesh,2488,U/S ANOOPSHAHAR,7.32
2025,2,February,2,Uttar Pradesh,2488,U/S ANOOPSHAHAR,7.2
2025,3,March,1,Uttar Pradesh,2488,U/S ANOOPSHAHAR,7.24
2025,3,March,2,Uttar Pradesh,2488,U/S ANOOPSHAHAR,7.22
2025,4,April,1,Uttar Pradesh,2488,U/S ANOOPSHAHAR,7.26
2025,4,April,2,Uttar Pradesh,2488,U/S ANOOPSHAHAR,7.29
2025,5,May,1,Uttar Pradesh,2488,U/S ANOOPSHAHAR,7.12
2025,5,May,2,Uttar Pradesh,2488,U/S ANOOPSHAHAR,7.16
2025,6,June,1,Uttar Pradesh,2488,U/S ANOOPSHAHAR,7.29
2025,6,June,2,Uttar Pradesh,2488,U/S ANOOPSHAHAR,7.25
2025,7,July,1,Uttar Pradesh,2488,U/S ANOOPSHAHAR,7.17
2025,7,July,2,Uttar Pradesh,2488,U/S ANOOPSHAHAR,7.22
2025,8,August,1,Uttar Pradesh,2488,U/S ANOOPSHAHAR,7.21
2025,8,August,2,Uttar Pradesh,2488,U/S ANOOPSHAHAR,7.36
2025,9,September,1,Uttar Pradesh,2488,U/S ANOOPSHAHAR,7.31
2025,9,September,2,Uttar Pradesh,2488,U/S ANOOPSHAHAR,7.21
2025,10,October,1,Uttar Pradesh,2488,U/S ANOOPSHAHAR,7.55
2025,10,October,2,Uttar Pradesh,2488,U/S ANOOPSHAHAR,7.58
2025,11,November,1,Uttar Pradesh,2488,U/S ANOOPSHAHAR,7.29
2025,11,November,2,Uttar Pradesh,2488,U/S ANOOPSHAHAR,7.15
2025,12,December,1,Uttar Pradesh,2488,U/S ANOOPSHAHAR,7.31
2025,12,December,2,Uttar Pradesh,2488,U/S ANOOPSHAHAR,7.21
2025,1,January,1,Uttar Pradesh,2489,ANOOPSHAHAR D/S,7.28
2025,1,January,2,Uttar Pradesh,2489,ANOOPSHAHAR D/S,7.21
2025,2,February,1,Uttar Pradesh,2489,ANOOPSHAHAR D/S,7.28
2025,2,February,2,Uttar Pradesh,2489,ANOOPSHAHAR D/S,7.18
2025,3,March,1,Uttar Pradesh,2489,ANOOPSHAHAR D/S,7.21
2025,3,March,2,Uttar Pradesh,2489,ANOOPSHAHAR D/S,7.18
2025,4,April,1,Uttar Pradesh,2489,ANOOPSHAHAR D/S,7.33
2025,4,April,2,Uttar Pradesh,2489,ANOOPSHAHAR D/S,7.25
2025,5,May,1,Uttar Pradesh,2489,ANOOPSHAHAR D/S,7.18
2025,5,May,2,Uttar Pradesh,2489,ANOOPSHAHAR D/S,7.2
2025,6,June,1,Uttar Pradesh,2489,ANOOPSHAHAR D/S,7.25
2025,6,June,2,Uttar Pradesh,2489,ANOOPSHAHAR D/S,7.18
2025,7,July,1,Uttar Pradesh,2489,ANOOPSHAHAR D/S,7.28
2025,7,July,2,Uttar Pradesh,2489,ANOOPSHAHAR D/S,7.25
2025,8,August,1,Uttar Pradesh,2489,ANOOPSHAHAR D/S,7.19
2025,8,August,2,Uttar Pradesh,2489,ANOOPSHAHAR D/S,7.3
2025,9,September,1,Uttar Pradesh,2489,ANOOPSHAHAR D/S,7.27
2025,9,September,2,Uttar Pradesh,2489,ANOOPSHAHAR D/S,7.28
2025,10,October,1,Uttar Pradesh,2489,ANOOPSHAHAR D/S,7.25
2025,10,October,2,Uttar Pradesh,2489,ANOOPSHAHAR D/S,7.28
2025,11,November,1,Uttar Pradesh,2489,ANOOPSHAHAR D/S,7.25
2025,11,November,2,Uttar Pradesh,2489,ANOOPSHAHAR D/S,7.19
2025,12,December,1,Uttar Pradesh,2489,ANOOPSHAHAR D/S,7.26
2025,12,December,2,Uttar Pradesh,2489,ANOOPSHAHAR D/S,7.26
2025,1,January,1,Uttar Pradesh,1145,NARORA (BULANDSAHAR),7.23
2025,1,January,2,Uttar Pradesh,1145,NARORA (BULANDSAHAR),7.17
2025,2,February,1,Uttar Pradesh,1145,NARORA (BULANDSAHAR),7.26
2025,2,February,2,Uttar Pradesh,1145,NARORA (BULANDSAHAR),7.16
2025,3,March,1,Uttar Pradesh,1145,NARORA (BULANDSAHAR),7.28
2025,3,March,2,Uttar Pradesh,1145,NARORA (BULANDSAHAR),7.24
2025,4,April,1,Uttar Pradesh,1145,NARORA (BULANDSAHAR),7.36
2025,4,April,2,Uttar Pradesh,1145,NARORA (BULANDSAHAR),7.22
2025,5,May,1,Uttar Pradesh,1145,NARORA (BULANDSAHAR),7.21
2025,5,May,2,Uttar Pradesh,1145,NARORA (BULANDSAHAR),7.28
2025,6,June,1,Uttar Pradesh,1145,NARORA (BULANDSAHAR),7.16
2025,6,June,2,Uttar Pradesh,1145,NARORA (BULANDSAHAR),7.12
2025,7,July,1,Uttar Pradesh,1145,NARORA (BULANDSAHAR),7.12
2025,7,July,2,Uttar Pradesh,1145,NARORA (BULANDSAHAR),7.28
2025,8,August,1,Uttar Pradesh,1145,NARORA (BULANDSAHAR),7.25
2025,8,August,2,Uttar Pradesh,1145,NARORA (BULANDSAHAR),7.22
2025,9,September,1,Uttar Pradesh,1145,NARORA (BULANDSAHAR),7.19
2025,9,September,2,Uttar Pradesh,1145,NARORA (BULANDSAHAR),7.11
2025,10,October,1,Uttar Pradesh,1145,NARORA (BULANDSAHAR),7.13
2025,10,October,2,Uttar Pradesh,1145,NARORA (BULANDSAHAR),7.25
2025,11,November,1,Uttar Pradesh,1145,NARORA (BULANDSAHAR),7.19
2025,11,November,2,Uttar Pradesh,1145,NARORA (BULANDSAHAR),7.24
2025,12,December,1,Uttar Pradesh,1145,NARORA (BULANDSAHAR),7.21
2025,12,December,2,Uttar Pradesh,1145,NARORA (BULANDSAHAR),7.15
2025,1,January,1,Uttar Pradesh,2490,KACHHLA GHAT (ALIGARH),8.0
2025,1,January,2,Uttar Pradesh,2490,KACHHLA GHAT (ALIGARH),7.9
2025,2,February,1,Uttar Pradesh,2490,KACHHLA GHAT (ALIGARH),8.0
2025,2,February,2,Uttar Pradesh,2490,KACHHLA GHAT (ALIGARH),8.0
2025,3,March,1,Uttar Pradesh,2490,KACHHLA GHAT (ALIGARH),7.9
2025,3,March,2,Uttar Pradesh,2490,KACHHLA GHAT (ALIGARH),7.8
2025,4,April,1,Uttar Pradesh,2490,KACHHLA GHAT (ALIGARH),7.8
2025,4,April,2,Uttar Pradesh,2490,KACHHLA GHAT (ALIGARH),7.7
2025,5,May,1,Uttar Pradesh,2490,KACHHLA GHAT (ALIGARH),7.9
2025,5,May,2,Uttar Pradesh,2490,KACHHLA GHAT (ALIGARH),7.9
2025,6,June,1,Uttar Pradesh,2490,KACHHLA GHAT (ALIGARH),7.9
2025,6,June,2,Uttar Pradesh,2490,KACHHLA GHAT (ALIGARH),7.5
2025,7,July,1,Uttar Pradesh,2490,KACHHLA GHAT (ALIGARH),7.6
2025,7,July,2,Uttar Pradesh,2490,KACHHLA GHAT (ALIGARH),7.8
2025,8,August,1,Uttar Pradesh,2490,KACHHLA GHAT (ALIGARH),7.8
2025,8,August,2,Uttar Pradesh,2490,KACHHLA GHAT (ALIGARH),7.9
2025,9,September,1,Uttar Pradesh,2490,KACHHLA GHAT (ALIGARH),7.4
2025,9,September,2,Uttar Pradesh,2490,KACHHLA GHAT (ALIGARH),7.6
2025,10,October,1,Uttar Pradesh,2490,KACHHLA GHAT (ALIGARH),7.9
2025,10,October,2,Uttar Pradesh,2490,KACHHLA GHAT (ALIGARH),7.8
2025,11,November,1,Uttar Pradesh,2490,KACHHLA GHAT (ALIGARH),7.7
2025,11,November,2,Uttar Pradesh,2490,KACHHLA GHAT (ALIGARH),7.9
2025,12,December,1,Uttar Pradesh,2490,KACHHLA GHAT (ALIGARH),7.9
2025,12,December,2,Uttar Pradesh,2490,KACHHLA GHAT (ALIGARH),7.7
2025,1,January,1,Uttar Pradesh,10151,FARRUKHABAD,8.46
2025,1,January,2,Uttar Pradesh,10151,FARRUKHABAD,8.45
2025,2,February,1,Uttar Pradesh,10151,FARRUKHABAD,8.42
2025,2,February,2,Uttar Pradesh,10151,FARRUKHABAD,8.44
2025,3,March,1,Uttar Pradesh,10151,FARRUKHABAD,8.42
2025,3,March,2,Uttar Pradesh,10151,FARRUKHABAD,8.43
2025,4,April,1,Uttar Pradesh,10151,FARRUKHABAD,8.46
2025,4,April,2,Uttar Pradesh,10151,FARRUKHABAD,8.48
2025,5,May,1,Uttar Pradesh,10151,FARRUKHABAD,8.45
2025,5,May,2,Uttar Pradesh,10151,FARRUKHABAD,8.41
2025,6,June,1,Uttar Pradesh,10151,FARRUKHABAD,8.47
2025,6,June,2,Uttar Pradesh,10151,FARRUKHABAD,8.47
2025,7,July,1,Uttar Pradesh,10151,FARRUKHABAD,8.47
2025,7,July,2,Uttar Pradesh,10151,FARRUKHABAD,8.46
2025,8,August,1,Uttar Pradesh,10151,FARRUKHABAD,8.44
2025,8,August,2,Uttar Pradesh,10151,FARRUKHABAD,8.38
2025,9,September,1,Uttar Pradesh,10151,FARRUKHABAD,8.37
2025,9,September,2,Uttar Pradesh,10151,FARRUKHABAD,8.41
2025,10,October,1,Uttar Pradesh,10151,FARRUKHABAD,8.49
2025,10,October,2,Uttar Pradesh,10151,FARRUKHABAD,8.59
2025,11,November,1,Uttar Pradesh,10151,FARRUKHABAD,8.43
2025,11,November,2,Uttar Pradesh,10151,FARRUKHABAD,8.4
2025,12,December,1,Uttar Pradesh,10151,FARRUKHABAD,8.47
2025,12,December,2,Uttar Pradesh,10151,FARRUKHABAD,8.36
2025,1,January,1,Uttar Pradesh,1063,U/S KANNAUJ (RAJGHAT),8.42
2025,1,January,2,Uttar Pradesh,1063,U/S KANNAUJ (RAJGHAT),8.41
2025,2,February,1,Uttar Pradesh,1063,U/S KANNAUJ (RAJGHAT),8.42
2025,2,February,2,Uttar Pradesh,1063,U/S KANNAUJ (RAJGHAT),8.43
2025,3,March,1,Uttar Pradesh,1063,U/S KANNAUJ (RAJGHAT),8.39
2025,3,March,2,Uttar Pradesh,1063,U/S KANNAUJ (RAJGHAT),8.4
2025,4,April,1,Uttar Pradesh,1063,U/S KANNAUJ (RAJGHAT),8.43
2025,4,April,2,Uttar Pradesh,1063,U/S KANNAUJ (RAJGHAT),8.45
2025,5,May,1,Uttar Pradesh,1063,U/S KANNAUJ (RAJGHAT),8.42
2025,5,May,2,Uttar Pradesh,1063,U/S KANNAUJ (RAJGHAT),8.4
2025,6,June,1,Uttar Pradesh,1063,U/S KANNAUJ (RAJGHAT),8.44
2025,6,June,2,Uttar Pradesh,1063,U/S KANNAUJ (RAJGHAT),8.47
2025,7,July,1,Uttar Pradesh,1063,U/S KANNAUJ (RAJGHAT),8.46
2025,7,July,2,Uttar Pradesh,1063,U/S KANNAUJ (RAJGHAT),8.45
2025,8,August,1,Uttar Pradesh,1063,U/S KANNAUJ (RAJGHAT),8.41
2025,8,August,2,Uttar Pradesh,1063,U/S KANNAUJ (RAJGHAT),8.31
2025,9,September,1,Uttar Pradesh,1063,U/S KANNAUJ (RAJGHAT),8.35
2025,9,September,2,Uttar Pradesh,1063,U/S KANNAUJ (RAJGHAT),8.37
2025,10,October,1,Uttar Pradesh,1063,U/S KANNAUJ (RAJGHAT),8.45
2025,10,October,2,Uttar Pradesh,1063,U/S KANNAUJ (RAJGHAT),8.53
2025,11,November,1,Uttar Pradesh,1063,U/S KANNAUJ (RAJGHAT),8.4
2025,11,November,2,Uttar Pradesh,1063,U/S KANNAUJ (RAJGHAT),8.38
2025,12,December,1,Uttar Pradesh,1063,U/S KANNAUJ (RAJGHAT),8.44
2025,12,December,2,Uttar Pradesh,1063,U/S KANNAUJ (RAJGHAT),8.31
2025,1,January,1,Uttar Pradesh,1066,KANNAUJ D/S,8.37
2025,1,January,2,Uttar Pradesh,1066,KANNAUJ D/S,8.39
2025,2,February,1,Uttar Pradesh,1066,KANNAUJ D/S,8.4
2025,2,February,2,Uttar Pradesh,1066,KANNAUJ D/S,8.41
2025,3,March,1,Uttar Pradesh,1066,KANNAUJ D/S,8.37
2025,3,March,2,Uttar Pradesh,1066,KANNAUJ D/S,8.36
2025,4,April,1,Uttar Pradesh,1066,KANNAUJ D/S,8.36
2025,4,April,2,Uttar Pradesh,1066,KANNAUJ D/S,8.42
2025,5,May,1,Uttar Pradesh,1066,KANNAUJ D/S,8.41
2025,5,May,2,Uttar Pradesh,1066,KANNAUJ D/S,8.36
2025,6,June,1,Uttar Pradesh,1066,KANNAUJ D/S,8.41
2025,6,June,2,Uttar Pradesh,1066,KANNAUJ D/S,8.45
2025,7,July,1,Uttar Pradesh,1066,KANNAUJ D/S,8.48
2025,7,July,2,Uttar Pradesh,1066,KANNAUJ D/S,8.43
2025,8,August,1,Uttar Pradesh,1066,KANNAUJ D/S,8.36
2025,8,August,2,Uttar Pradesh,1066,KANNAUJ D/S,8.26
2025,9,September,1,Uttar Pradesh,1066,KANNAUJ D/S,8.3
2025,9,September,2,Uttar Pradesh,1066,KANNAUJ D/S,8.32
2025,10,October,1,Uttar Pradesh,1066,KANNAUJ D/S,8.41
2025,10,October,2,Uttar Pradesh,1066,KANNAUJ D/S,8.45
2025,11,November,1,Uttar Pradesh,1066,KANNAUJ D/S,8.38
2025,11,November,2,Uttar Pradesh,1066,KANNAUJ D/S,8.36
2025,12,December,1,Uttar Pradesh,1066,KANNAUJ D/S,8.4
2025,12,December,2,Uttar Pradesh,1066,KANNAUJ D/S,8.23
2025,1,January,1,Uttar Pradesh,5709,"NANAMAU GANGA BRIDGE,KANPUR",8.39
2025,1,January,2,Uttar Pradesh,5709,"NANAMAU GANGA BRIDGE,KANPUR",8.4
2025,2,February,1,Uttar Pradesh,5709,"NANAMAU GANGA BRIDGE,KANPUR",8.32
2025,2,February,2,Uttar Pradesh,5709,"NANAMAU GANGA BRIDGE,KANPUR",8.42
2025,3,March,1,Uttar Pradesh,5709,"NANAMAU GANGA BRIDGE,KANPUR",8.4
2025,3,March,2,Uttar Pradesh,5709,"NANAMAU GANGA BRIDGE,KANPUR",8.41
2025,4,April,1,Uttar Pradesh,5709,"NANAMAU GANGA BRIDGE,KANPUR",8.4
2025,4,April,2,Uttar Pradesh,5709,"NANAMAU GANGA BRIDGE,KANPUR",8.39
2025,5,May,1,Uttar Pradesh,5709,"NANAMAU GANGA BRIDGE,KANPUR",8.42
2025,5,May,2,Uttar Pradesh,5709,"NANAMAU GANGA BRIDGE,KANPUR",8.37
2025,6,June,1,Uttar Pradesh,5709,"NANAMAU GANGA BRIDGE,KANPUR",8.31
2025,6,June,2,Uttar Pradesh,5709,"NANAMAU GANGA BRIDGE,KANPUR",8.45
2025,7,July,1,Uttar Pradesh,5709,"NANAMAU GANGA BRIDGE,KANPUR",8.43
2025,7,July,2,Uttar Pradesh,5709,"NANAMAU GANGA BRIDGE,KANPUR",8.42
2025,8,August,1,Uttar Pradesh,5709,"NANAMAU GANGA BRIDGE,KANPUR",8.38
2025,8,August,2,Uttar Pradesh,5709,"NANAMAU GANGA BRIDGE,KANPUR",8.3
2025,9,September,1,Uttar Pradesh,5709,"NANAMAU GANGA BRIDGE,KANPUR",8.32
2025,9,September,2,Uttar Pradesh,5709,"NANAMAU GANGA BRIDGE,KANPUR",8.31
2025,10,October,1,Uttar Pradesh,5709,"NANAMAU GANGA BRIDGE,KANPUR",8.39
2025,10,October,2,Uttar Pradesh,5709,"NANAMAU GANGA BRIDGE,KANPUR",8.43
2025,11,November,1,Uttar Pradesh,5709,"NANAMAU GANGA BRIDGE,KANPUR",8.41
2025,11,November,2,Uttar Pradesh,5709,"NANAMAU GANGA BRIDGE,KANPUR",8.34
2025,12,December,1,Uttar Pradesh,5709,"NANAMAU GANGA BRIDGE,KANPUR",8.42
2025,12,December,2,Uttar Pradesh,5709,"NANAMAU GANGA BRIDGE,KANPUR",8.28
2025,1,January,1,Uttar Pradesh,1146,BITHOOR (KANPUR),8.46
2025,1,January,2,Uttar Pradesh,1146,BITHOOR (KANPUR),8.4
2025,2,February,1,Uttar Pradesh,1146,BITHOOR (KANPUR),8.48
2025,2,February,2,Uttar Pradesh,1146,BITHOOR (KANPUR),8.45
2025,3,March,1,Uttar Pradesh,1146,BITHOOR (KANPUR),8.44
2025,3,March,2,Uttar Pradesh,1146,BITHOOR (KANPUR),8.45
2025,4,April,1,Uttar Pradesh,1146,BITHOOR (KANPUR),8.44
2025,4,April,2,Uttar Pradesh,1146,BITHOOR (KANPUR),8.42
2025,5,May,1,Uttar Pradesh,1146,BITHOOR (KANPUR),8.42
2025,5,May,2,Uttar Pradesh,1146,BITHOOR (KANPUR),8.44
2025,6,June,1,Uttar Pradesh,1146,BITHOOR (KANPUR),8.44
2025,6,June,2,Uttar Pradesh,1146,BITHOOR (KANPUR),8.49
2025,7,July,1,Uttar Pradesh,1146,BITHOOR (KANPUR),8.44
2025,7,July,2,Uttar Pradesh,1146,BITHOOR (KANPUR),8.42
2025,8,August,1,Uttar Pradesh,1146,BITHOOR (KANPUR),8.39
2025,8,August,2,Uttar Pradesh,1146,BITHOOR (KANPUR),8.32
2025,9,September,1,Uttar Pradesh,1146,BITHOOR (KANPUR),8.28
2025,9,September,2,Uttar Pradesh,1146,BITHOOR (KANPUR),8.42
2025,10,October,1,Uttar Pradesh,1146,BITHOOR (KANPUR),8.41
2025,10,October,2,Uttar Pradesh,1146,BITHOOR (KANPUR),8.45
2025,11,November,1,Uttar Pradesh,1146,BITHOOR (KANPUR),8.43
2025,11,November,2,Uttar Pradesh,1146,BITHOOR (KANPUR),8.4
2025,12,December,1,Uttar Pradesh,1146,BITHOOR (KANPUR),8.45
2025,12,December,2,Uttar Pradesh,1146,BITHOOR (KANPUR),8.3
2025,1,January,1,Uttar Pradesh,1067,U/S KANPUR  (RANIGHAT),8.45
2025,1,January,2,Uttar Pradesh,1067,U/S KANPUR  (RANIGHAT),8.42
2025,2,February,1,Uttar Pradesh,1067,U/S KANPUR  (RANIGHAT),8.46
2025,2,February,2,Uttar Pradesh,1067,U/S KANPUR  (RANIGHAT),8.44
2025,3,March,1,Uttar Pradesh,1067,U/S KANPUR  (RANIGHAT),8.42
2025,3,March,2,Uttar Pradesh,1067,U/S KANPUR  (RANIGHAT),8.42
2025,4,April,1,Uttar Pradesh,1067,U/S KANPUR  (RANIGHAT),8.43
2025,4,April,2,Uttar Pradesh,1067,U/S KANPUR  (RANIGHAT),8.41
2025,5,May,1,Uttar Pradesh,1067,U/S KANPUR  (RANIGHAT),8.39
2025,5,May,2,Uttar Pradesh,1067,U/S KANPUR  (RANIGHAT),8.35
2025,6,June,1,Uttar Pradesh,1067,U/S KANPUR  (RANIGHAT),8.38
2025,6,June,2,Uttar Pradesh,1067,U/S KANPUR  (RANIGHAT),8.44
2025,7,July,1,Uttar Pradesh,1067,U/S KANPUR  (RANIGHAT),8.4
2025,7,July,2,Uttar Pradesh,1067,U/S KANPUR  (RANIGHAT),8.39
2025,8,August,1,Uttar Pradesh,1067,U/S KANPUR  (RANIGHAT),8.36
2025,8,August,2,Uttar Pradesh,1067,U/S KANPUR  (RANIGHAT),8.32
2025,9,September,1,Uttar Pradesh,1067,U/S KANPUR  (RANIGHAT),8.2
2025,9,September,2,Uttar Pradesh,1067,U/S KANPUR  (RANIGHAT),8.41
2025,10,October,1,Uttar Pradesh,1067,U/S KANPUR  (RANIGHAT),8.42
2025,10,October,2,Uttar Pradesh,1067,U/S KANPUR  (RANIGHAT),8.44
2025,11,November,1,Uttar Pradesh,1067,U/S KANPUR  (RANIGHAT),8.42
2025,11,November,2,Uttar Pradesh,1067,U/S KANPUR  (RANIGHAT),8.4
2025,12,December,1,Uttar Pradesh,1067,U/S KANPUR  (RANIGHAT),8.4
2025,12,December,2,Uttar Pradesh,1067,U/S KANPUR  (RANIGHAT),8.3
2025,1,January,1,Uttar Pradesh,10154,U/s SHUKLAGANJ ,8.4
2025,1,January,2,Uttar Pradesh,10154,U/s SHUKLAGANJ ,8.48
2025,2,February,1,Uttar Pradesh,10154,U/s SHUKLAGANJ ,8.45
2025,2,February,2,Uttar Pradesh,10154,U/s SHUKLAGANJ ,8.4
2025,3,March,1,Uttar Pradesh,10154,U/s SHUKLAGANJ ,8.38
2025,3,March,2,Uttar Pradesh,10154,U/s SHUKLAGANJ ,8.4
2025,4,April,1,Uttar Pradesh,10154,U/s SHUKLAGANJ ,8.38
2025,4,April,2,Uttar Pradesh,10154,U/s SHUKLAGANJ ,8.38
2025,5,May,1,Uttar Pradesh,10154,U/s SHUKLAGANJ ,8.4
2025,5,May,2,Uttar Pradesh,10154,U/s SHUKLAGANJ ,8.38
2025,6,June,1,Uttar Pradesh,10154,U/s SHUKLAGANJ ,8.4
2025,6,June,2,Uttar Pradesh,10154,U/s SHUKLAGANJ ,8.31
2025,7,July,1,Uttar Pradesh,10154,U/s SHUKLAGANJ ,8.42
2025,7,July,2,Uttar Pradesh,10154,U/s SHUKLAGANJ ,8.38
2025,8,August,1,Uttar Pradesh,10154,U/s SHUKLAGANJ ,8.32
2025,8,August,2,Uttar Pradesh,10154,U/s SHUKLAGANJ ,8.32
2025,9,September,1,Uttar Pradesh,10154,U/s SHUKLAGANJ ,8.24
2025,9,September,2,Uttar Pradesh,10154,U/s SHUKLAGANJ ,8.4
2025,10,October,1,Uttar Pradesh,10154,U/s SHUKLAGANJ ,8.38
2025,10,October,2,Uttar Pradesh,10154,U/s SHUKLAGANJ ,8.41
2025,11,November,1,Uttar Pradesh,10154,U/s SHUKLAGANJ ,8.4
2025,11,November,2,Uttar Pradesh,10154,U/s SHUKLAGANJ ,8.36
2025,12,December,1,Uttar Pradesh,10154,U/s SHUKLAGANJ ,8.37
2025,12,December,2,Uttar Pradesh,10154,U/s SHUKLAGANJ ,8.26
2025,1,January,1,Uttar Pradesh,10155,SHUKLAGANJ D/S,8.37
2025,1,January,2,Uttar Pradesh,10155,SHUKLAGANJ D/S,8.37
2025,2,February,1,Uttar Pradesh,10155,SHUKLAGANJ D/S,8.44
2025,2,February,2,Uttar Pradesh,10155,SHUKLAGANJ D/S,8.42
2025,3,March,1,Uttar Pradesh,10155,SHUKLAGANJ D/S,8.4
2025,3,March,2,Uttar Pradesh,10155,SHUKLAGANJ D/S,8.36
2025,4,April,1,Uttar Pradesh,10155,SHUKLAGANJ D/S,8.39
2025,4,April,2,Uttar Pradesh,10155,SHUKLAGANJ D/S,8.37
2025,5,May,1,Uttar Pradesh,10155,SHUKLAGANJ D/S,8.31
2025,5,May,2,Uttar Pradesh,10155,SHUKLAGANJ D/S,8.3
2025,6,June,1,Uttar Pradesh,10155,SHUKLAGANJ D/S,8.32
2025,6,June,2,Uttar Pradesh,10155,SHUKLAGANJ D/S,8.41
2025,7,July,1,Uttar Pradesh,10155,SHUKLAGANJ D/S,8.37
2025,7,July,2,Uttar Pradesh,10155,SHUKLAGANJ D/S,8.36
2025,8,August,1,Uttar Pradesh,10155,SHUKLAGANJ D/S,8.33
2025,8,August,2,Uttar Pradesh,10155,SHUKLAGANJ D/S,8.29
2025,9,September,1,Uttar Pradesh,10155,SHUKLAGANJ D/S,8.18
2025,9,September,2,Uttar Pradesh,10155,SHUKLAGANJ D/S,8.38
2025,10,October,1,Uttar Pradesh,10155,SHUKLAGANJ D/S,8.4
2025,10,October,2,Uttar Pradesh,10155,SHUKLAGANJ D/S,8.44
2025,11,November,1,Uttar Pradesh,10155,SHUKLAGANJ D/S,8.41
2025,11,November,2,Uttar Pradesh,10155,SHUKLAGANJ D/S,8.39
2025,12,December,1,Uttar Pradesh,10155,SHUKLAGANJ D/S,8.35
2025,12,December,2,Uttar Pradesh,10155,SHUKLAGANJ D/S,8.26
2025,1,January,1,Uttar Pradesh,10156,BATHING GHAT (GOLA GHAT),8.42
2025,1,January,2,Uttar Pradesh,10156,BATHING GHAT (GOLA GHAT),8.36
2025,2,February,1,Uttar Pradesh,10156,BATHING GHAT (GOLA GHAT),8.41
2025,2,February,2,Uttar Pradesh,10156,BATHING GHAT (GOLA GHAT),8.38
2025,3,March,1,Uttar Pradesh,10156,BATHING GHAT (GOLA GHAT),8.35
2025,3,March,2,Uttar Pradesh,10156,BATHING GHAT (GOLA GHAT),8.37
2025,4,April,1,Uttar Pradesh,10156,BATHING GHAT (GOLA GHAT),8.41
2025,4,April,2,Uttar Pradesh,10156,BATHING GHAT (GOLA GHAT),8.35
2025,5,May,1,Uttar Pradesh,10156,BATHING GHAT (GOLA GHAT),8.42
2025,5,May,2,Uttar Pradesh,10156,BATHING GHAT (GOLA GHAT),8.4
2025,6,June,1,Uttar Pradesh,10156,BATHING GHAT (GOLA GHAT),8.37
2025,6,June,2,Uttar Pradesh,10156,BATHING GHAT (GOLA GHAT),8.39
2025,7,July,1,Uttar Pradesh,10156,BATHING GHAT (GOLA GHAT),8.44
2025,7,July,2,Uttar Pradesh,10156,BATHING GHAT (GOLA GHAT),8.34
2025,8,August,1,Uttar Pradesh,10156,BATHING GHAT (GOLA GHAT),8.37
2025,8,August,2,Uttar Pradesh,10156,BATHING GHAT (GOLA GHAT),8.26
2025,9,September,1,Uttar Pradesh,10156,BATHING GHAT (GOLA GHAT),8.23
2025,9,September,2,Uttar Pradesh,10156,BATHING GHAT (GOLA GHAT),8.39
2025,10,October,1,Uttar Pradesh,10156,BATHING GHAT (GOLA GHAT),8.36
2025,10,October,2,Uttar Pradesh,10156,BATHING GHAT (GOLA GHAT),8.4
2025,11,November,1,Uttar Pradesh,10156,BATHING GHAT (GOLA GHAT),8.39
2025,11,November,2,Uttar Pradesh,10156,BATHING GHAT (GOLA GHAT),8.32
2025,12,December,1,Uttar Pradesh,10156,BATHING GHAT (GOLA GHAT),8.31
2025,12,December,2,Uttar Pradesh,10156,BATHING GHAT (GOLA GHAT),8.23
2025,1,January,1,Uttar Pradesh,10157,BATHING GHAT (JAJMAU BRIDGE),8.4
2025,1,January,2,Uttar Pradesh,10157,BATHING GHAT (JAJMAU BRIDGE),8.28
2025,2,February,1,Uttar Pradesh,10157,BATHING GHAT (JAJMAU BRIDGE),8.32
2025,2,February,2,Uttar Pradesh,10157,BATHING GHAT (JAJMAU BRIDGE),8.36
2025,3,March,1,Uttar Pradesh,10157,BATHING GHAT (JAJMAU BRIDGE),8.3
2025,3,March,2,Uttar Pradesh,10157,BATHING GHAT (JAJMAU BRIDGE),8.33
2025,4,April,1,Uttar Pradesh,10157,BATHING GHAT (JAJMAU BRIDGE),8.38
2025,4,April,2,Uttar Pradesh,10157,BATHING GHAT (JAJMAU BRIDGE),8.31
2025,5,May,1,Uttar Pradesh,10157,BATHING GHAT (JAJMAU BRIDGE),8.32
2025,5,May,2,Uttar Pradesh,10157,BATHING GHAT (JAJMAU BRIDGE),8.28
2025,6,June,1,Uttar Pradesh,10157,BATHING GHAT (JAJMAU BRIDGE),8.33
2025,6,June,2,Uttar Pradesh,10157,BATHING GHAT (JAJMAU BRIDGE),8.37
2025,7,July,1,Uttar Pradesh,10157,BATHING GHAT (JAJMAU BRIDGE),8.31
2025,7,July,2,Uttar Pradesh,10157,BATHING GHAT (JAJMAU BRIDGE),8.32
2025,8,August,1,Uttar Pradesh,10157,BATHING GHAT (JAJMAU BRIDGE),8.34
2025,8,August,2,Uttar Pradesh,10157,BATHING GHAT (JAJMAU BRIDGE),8.29
2025,9,September,1,Uttar Pradesh,10157,BATHING GHAT (JAJMAU BRIDGE),8.25
2025,9,September,2,Uttar Pradesh,10157,BATHING GHAT (JAJMAU BRIDGE),8.41
2025,10,October,1,Uttar Pradesh,10157,BATHING GHAT (JAJMAU BRIDGE),8.38
2025,10,October,2,Uttar Pradesh,10157,BATHING GHAT (JAJMAU BRIDGE),8.37
2025,11,November,1,Uttar Pradesh,10157,BATHING GHAT (JAJMAU BRIDGE),8.35
2025,11,November,2,Uttar Pradesh,10157,BATHING GHAT (JAJMAU BRIDGE),8.36
2025,12,December,1,Uttar Pradesh,10157,BATHING GHAT (JAJMAU BRIDGE),8.3
2025,12,December,2,Uttar Pradesh,10157,BATHING GHAT (JAJMAU BRIDGE),8.21
2025,1,January,1,Uttar Pradesh,1068,KANPUR D/S (JAJMAU PUMPING STATION),8.38
2025,1,January,2,Uttar Pradesh,1068,KANPUR D/S (JAJMAU PUMPING STATION),8.32
2025,2,February,1,Uttar Pradesh,1068,KANPUR D/S (JAJMAU PUMPING STATION),8.37
2025,2,February,2,Uttar Pradesh,1068,KANPUR D/S (JAJMAU PUMPING STATION),8.34
2025,3,March,1,Uttar Pradesh,1068,KANPUR D/S (JAJMAU PUMPING STATION),8.28
2025,3,March,2,Uttar Pradesh,1068,KANPUR D/S (JAJMAU PUMPING STATION),8.24
2025,4,April,1,Uttar Pradesh,1068,KANPUR D/S (JAJMAU PUMPING STATION),8.3
2025,4,April,2,Uttar Pradesh,1068,KANPUR D/S (JAJMAU PUMPING STATION),8.29
2025,5,May,1,Uttar Pradesh,1068,KANPUR D/S (JAJMAU PUMPING STATION),8.26
2025,5,May,2,Uttar Pradesh,1068,KANPUR D/S (JAJMAU PUMPING STATION),8.23
2025,6,June,1,Uttar Pradesh,1068,KANPUR D/S (JAJMAU PUMPING STATION),8.28
2025,6,June,2,Uttar Pradesh,1068,KANPUR D/S (JAJMAU PUMPING STATION),8.21
2025,7,July,1,Uttar Pradesh,1068,KANPUR D/S (JAJMAU PUMPING STATION),8.26
2025,7,July,2,Uttar Pradesh,1068,KANPUR D/S (JAJMAU PUMPING STATION),8.31
2025,8,August,1,Uttar Pradesh,1068,KANPUR D/S (JAJMAU PUMPING STATION),8.3
2025,8,August,2,Uttar Pradesh,1068,KANPUR D/S (JAJMAU PUMPING STATION),8.26
2025,9,September,1,Uttar Pradesh,1068,KANPUR D/S (JAJMAU PUMPING STATION),8.2
2025,9,September,2,Uttar Pradesh,1068,KANPUR D/S (JAJMAU PUMPING STATION),8.38
2025,10,October,1,Uttar Pradesh,1068,KANPUR D/S (JAJMAU PUMPING STATION),8.35
2025,10,October,2,Uttar Pradesh,1068,KANPUR D/S (JAJMAU PUMPING STATION),8.34
2025,11,November,1,Uttar Pradesh,1068,KANPUR D/S (JAJMAU PUMPING STATION),8.33
2025,11,November,2,Uttar Pradesh,1068,KANPUR D/S (JAJMAU PUMPING STATION),8.34
2025,12,December,1,Uttar Pradesh,1068,KANPUR D/S (JAJMAU PUMPING STATION),8.26
2025,12,December,2,Uttar Pradesh,1068,KANPUR D/S (JAJMAU PUMPING STATION),8.17
2025,1,January,1,Uttar Pradesh,5710," PURANA RAJAPUR,
KANPUR",8.35
2025,1,January,2,Uttar Pradesh,5710," PURANA RAJAPUR,
KANPUR",8.4
2025,2,February,1,Uttar Pradesh,5710," PURANA RAJAPUR,
KANPUR",8.45
2025,2,February,2,Uttar Pradesh,5710," PURANA RAJAPUR,
KANPUR",8.41
2025,3,March,1,Uttar Pradesh,5710," PURANA RAJAPUR,
KANPUR",8.35
2025,3,March,2,Uttar Pradesh,5710," PURANA RAJAPUR,
KANPUR",8.31
2025,4,April,1,Uttar Pradesh,5710," PURANA RAJAPUR,
KANPUR",8.4
2025,4,April,2,Uttar Pradesh,5710," PURANA RAJAPUR,
KANPUR",8.3
2025,5,May,1,Uttar Pradesh,5710," PURANA RAJAPUR,
KANPUR",8.4
2025,5,May,2,Uttar Pradesh,5710," PURANA RAJAPUR,
KANPUR",8.37
2025,6,June,1,Uttar Pradesh,5710," PURANA RAJAPUR,
KANPUR",8.39
2025,6,June,2,Uttar Pradesh,5710," PURANA RAJAPUR,
KANPUR",8.42
2025,7,July,1,Uttar Pradesh,5710," PURANA RAJAPUR,
KANPUR",8.38
2025,7,July,2,Uttar Pradesh,5710," PURANA RAJAPUR,
KANPUR",8.3
2025,8,August,1,Uttar Pradesh,5710," PURANA RAJAPUR,
KANPUR",8.28
2025,8,August,2,Uttar Pradesh,5710," PURANA RAJAPUR,
KANPUR",8.27
2025,9,September,1,Uttar Pradesh,5710," PURANA RAJAPUR,
KANPUR",8.22
2025,9,September,2,Uttar Pradesh,5710," PURANA RAJAPUR,
KANPUR",8.39
2025,10,October,1,Uttar Pradesh,5710," PURANA RAJAPUR,
KANPUR",8.42
2025,10,October,2,Uttar Pradesh,5710," PURANA RAJAPUR,
KANPUR",8.3
2025,11,November,1,Uttar Pradesh,5710," PURANA RAJAPUR,
KANPUR",8.31
2025,11,November,2,Uttar Pradesh,5710," PURANA RAJAPUR,
KANPUR",8.41
2025,12,December,1,Uttar Pradesh,5710," PURANA RAJAPUR,
KANPUR",8.37
2025,12,December,2,Uttar Pradesh,5710," PURANA RAJAPUR,
KANPUR",8.17
2025,1,January,1,Uttar Pradesh,5711," A/C PANDU RIVER, DEOMAI",8.04
2025,1,January,2,Uttar Pradesh,5711," A/C PANDU RIVER, DEOMAI",8.05
2025,2,February,1,Uttar Pradesh,5711," A/C PANDU RIVER, DEOMAI",8.01
2025,2,February,2,Uttar Pradesh,5711," A/C PANDU RIVER, DEOMAI",8.03
2025,3,March,1,Uttar Pradesh,5711," A/C PANDU RIVER, DEOMAI",8.0
2025,3,March,2,Uttar Pradesh,5711," A/C PANDU RIVER, DEOMAI",8.02
2025,4,April,1,Uttar Pradesh,5711," A/C PANDU RIVER, DEOMAI",8.04
2025,4,April,2,Uttar Pradesh,5711," A/C PANDU RIVER, DEOMAI",8.1
2025,5,May,1,Uttar Pradesh,5711," A/C PANDU RIVER, DEOMAI",8.01
2025,5,May,2,Uttar Pradesh,5711," A/C PANDU RIVER, DEOMAI",8.13
2025,6,June,1,Uttar Pradesh,5711," A/C PANDU RIVER, DEOMAI",8.0
2025,6,June,2,Uttar Pradesh,5711," A/C PANDU RIVER, DEOMAI",8.1
2025,7,July,1,Uttar Pradesh,5711," A/C PANDU RIVER, DEOMAI",7.92
2025,7,July,2,Uttar Pradesh,5711," A/C PANDU RIVER, DEOMAI",8.04
2025,8,August,1,Uttar Pradesh,5711," A/C PANDU RIVER, DEOMAI",8.06
2025,8,August,2,Uttar Pradesh,5711," A/C PANDU RIVER, DEOMAI",8.11
2025,9,September,1,Uttar Pradesh,5711," A/C PANDU RIVER, DEOMAI",8.11
2025,9,September,2,Uttar Pradesh,5711," A/C PANDU RIVER, DEOMAI",8.15
2025,10,October,1,Uttar Pradesh,5711," A/C PANDU RIVER, DEOMAI",8.09
2025,10,October,2,Uttar Pradesh,5711," A/C PANDU RIVER, DEOMAI",8.11
2025,11,November,1,Uttar Pradesh,5711," A/C PANDU RIVER, DEOMAI",8.18
2025,11,November,2,Uttar Pradesh,5711," A/C PANDU RIVER, DEOMAI",8.24
2025,12,December,1,Uttar Pradesh,5711," A/C PANDU RIVER, DEOMAI",8.23
2025,12,December,2,Uttar Pradesh,5711," A/C PANDU RIVER, DEOMAI",8.27
2025,1,January,1,Uttar Pradesh,5712,"MATA GANGA BRIDGE ,
 FATEHPUR",8.1
2025,1,January,2,Uttar Pradesh,5712,"MATA GANGA BRIDGE ,
 FATEHPUR",8.1
2025,2,February,1,Uttar Pradesh,5712,"MATA GANGA BRIDGE ,
 FATEHPUR",8.11
2025,2,February,2,Uttar Pradesh,5712,"MATA GANGA BRIDGE ,
 FATEHPUR",8.11
2025,3,March,1,Uttar Pradesh,5712,"MATA GANGA BRIDGE ,
 FATEHPUR",8.07
2025,3,March,2,Uttar Pradesh,5712,"MATA GANGA BRIDGE ,
 FATEHPUR",8.01
2025,4,April,1,Uttar Pradesh,5712,"MATA GANGA BRIDGE ,
 FATEHPUR",8.05
2025,4,April,2,Uttar Pradesh,5712,"MATA GANGA BRIDGE ,
 FATEHPUR",8.14
2025,5,May,1,Uttar Pradesh,5712,"MATA GANGA BRIDGE ,
 FATEHPUR",8.03
2025,5,May,2,Uttar Pradesh,5712,"MATA GANGA BRIDGE ,
 FATEHPUR",8.07
2025,6,June,1,Uttar Pradesh,5712,"MATA GANGA BRIDGE ,
 FATEHPUR",8.1
2025,6,June,2,Uttar Pradesh,5712,"MATA GANGA BRIDGE ,
 FATEHPUR",8.09
2025,7,July,1,Uttar Pradesh,5712,"MATA GANGA BRIDGE ,
 FATEHPUR",7.9
2025,7,July,2,Uttar Pradesh,5712,"MATA GANGA BRIDGE ,
 FATEHPUR",7.84
2025,8,August,1,Uttar Pradesh,5712,"MATA GANGA BRIDGE ,
 FATEHPUR",7.91
2025,8,August,2,Uttar Pradesh,5712,"MATA GANGA BRIDGE ,
 FATEHPUR",8.01
2025,9,September,1,Uttar Pradesh,5712,"MATA GANGA BRIDGE ,
 FATEHPUR",7.98
2025,9,September,2,Uttar Pradesh,5712,"MATA GANGA BRIDGE ,
 FATEHPUR",8.07
2025,10,October,1,Uttar Pradesh,5712,"MATA GANGA BRIDGE ,
 FATEHPUR",7.91
2025,10,October,2,Uttar Pradesh,5712,"MATA GANGA BRIDGE ,
 FATEHPUR",8.01
2025,11,November,1,Uttar Pradesh,5712,"MATA GANGA BRIDGE ,
 FATEHPUR",8.07
2025,11,November,2,Uttar Pradesh,5712,"MATA GANGA BRIDGE ,
 FATEHPUR",7.94
2025,12,December,1,Uttar Pradesh,5712,"MATA GANGA BRIDGE ,
 FATEHPUR",8.07
2025,12,December,2,Uttar Pradesh,5712,"MATA GANGA BRIDGE ,
 FATEHPUR",7.97
2025,1,January,1,Uttar Pradesh,1147,DALMAU (RAI BAREILLY),8.07
2025,1,January,2,Uttar Pradesh,1147,DALMAU (RAI BAREILLY),8.13
2025,2,February,1,Uttar Pradesh,1147,DALMAU (RAI BAREILLY),8.08
2025,2,February,2,Uttar Pradesh,1147,DALMAU (RAI BAREILLY),8.12
2025,3,March,1,Uttar Pradesh,1147,DALMAU (RAI BAREILLY),8.1
2025,3,March,2,Uttar Pradesh,1147,DALMAU (RAI BAREILLY),8.04
2025,4,April,1,Uttar Pradesh,1147,DALMAU (RAI BAREILLY),8.03
2025,4,April,2,Uttar Pradesh,1147,DALMAU (RAI BAREILLY),8.02
2025,5,May,1,Uttar Pradesh,1147,DALMAU (RAI BAREILLY),8.07
2025,5,May,2,Uttar Pradesh,1147,DALMAU (RAI BAREILLY),8.1
2025,6,June,1,Uttar Pradesh,1147,DALMAU (RAI BAREILLY),8.12
2025,6,June,2,Uttar Pradesh,1147,DALMAU (RAI BAREILLY),8.14
2025,7,July,1,Uttar Pradesh,1147,DALMAU (RAI BAREILLY),7.95
2025,7,July,2,Uttar Pradesh,1147,DALMAU (RAI BAREILLY),7.91
2025,8,August,1,Uttar Pradesh,1147,DALMAU (RAI BAREILLY),7.94
2025,8,August,2,Uttar Pradesh,1147,DALMAU (RAI BAREILLY),8.05
2025,9,September,1,Uttar Pradesh,1147,DALMAU (RAI BAREILLY),7.95
2025,9,September,2,Uttar Pradesh,1147,DALMAU (RAI BAREILLY),8.02
2025,10,October,1,Uttar Pradesh,1147,DALMAU (RAI BAREILLY),7.98
2025,10,October,2,Uttar Pradesh,1147,DALMAU (RAI BAREILLY),8.07
2025,11,November,1,Uttar Pradesh,1147,DALMAU (RAI BAREILLY),8.1
2025,11,November,2,Uttar Pradesh,1147,DALMAU (RAI BAREILLY),8.04
2025,12,December,1,Uttar Pradesh,1147,DALMAU (RAI BAREILLY),8.1
2025,12,December,2,Uttar Pradesh,1147,DALMAU (RAI BAREILLY),8.01
2025,1,January,1,Uttar Pradesh,2498,KALA KANKAR (PRATAPGARH),8.15
2025,1,January,2,Uttar Pradesh,2498,KALA KANKAR (PRATAPGARH),8.16
2025,2,February,1,Uttar Pradesh,2498,KALA KANKAR (PRATAPGARH),8.15
2025,2,February,2,Uttar Pradesh,2498,KALA KANKAR (PRATAPGARH),8.2
2025,3,March,1,Uttar Pradesh,2498,KALA KANKAR (PRATAPGARH),8.15
2025,3,March,2,Uttar Pradesh,2498,KALA KANKAR (PRATAPGARH),8.15
2025,4,April,1,Uttar Pradesh,2498,KALA KANKAR (PRATAPGARH),8.1
2025,4,April,2,Uttar Pradesh,2498,KALA KANKAR (PRATAPGARH),8.14
2025,5,May,1,Uttar Pradesh,2498,KALA KANKAR (PRATAPGARH),8.13
2025,5,May,2,Uttar Pradesh,2498,KALA KANKAR (PRATAPGARH),8.2
2025,6,June,1,Uttar Pradesh,2498,KALA KANKAR (PRATAPGARH),8.19
2025,6,June,2,Uttar Pradesh,2498,KALA KANKAR (PRATAPGARH),8.19
2025,7,July,1,Uttar Pradesh,2498,KALA KANKAR (PRATAPGARH),8.01
2025,7,July,2,Uttar Pradesh,2498,KALA KANKAR (PRATAPGARH),7.97
2025,8,August,1,Uttar Pradesh,2498,KALA KANKAR (PRATAPGARH),8.07
2025,8,August,2,Uttar Pradesh,2498,KALA KANKAR (PRATAPGARH),8.11
2025,9,September,1,Uttar Pradesh,2498,KALA KANKAR (PRATAPGARH),8.06
2025,9,September,2,Uttar Pradesh,2498,KALA KANKAR (PRATAPGARH),8.08
2025,10,October,1,Uttar Pradesh,2498,KALA KANKAR (PRATAPGARH),8.04
2025,10,October,2,Uttar Pradesh,2498,KALA KANKAR (PRATAPGARH),8.14
2025,11,November,1,Uttar Pradesh,2498,KALA KANKAR (PRATAPGARH),8.16
2025,11,November,2,Uttar Pradesh,2498,KALA KANKAR (PRATAPGARH),8.09
2025,12,December,1,Uttar Pradesh,2498,KALA KANKAR (PRATAPGARH),8.14
2025,12,December,2,Uttar Pradesh,2498,KALA KANKAR (PRATAPGARH),8.09
2025,1,January,1,Uttar Pradesh,2487,KADAGHAT (KAUSHAMBI),8.09
2025,1,January,2,Uttar Pradesh,2487,KADAGHAT (KAUSHAMBI),8.16
2025,2,February,1,Uttar Pradesh,2487,KADAGHAT (KAUSHAMBI),8.08
2025,2,February,2,Uttar Pradesh,2487,KADAGHAT (KAUSHAMBI),8.05
2025,3,March,1,Uttar Pradesh,2487,KADAGHAT (KAUSHAMBI),8.06
2025,3,March,2,Uttar Pradesh,2487,KADAGHAT (KAUSHAMBI),8.04
2025,4,April,1,Uttar Pradesh,2487,KADAGHAT (KAUSHAMBI),8.0
2025,4,April,2,Uttar Pradesh,2487,KADAGHAT (KAUSHAMBI),8.14
2025,5,May,1,Uttar Pradesh,2487,KADAGHAT (KAUSHAMBI),8.08
2025,5,May,2,Uttar Pradesh,2487,KADAGHAT (KAUSHAMBI),8.09
2025,6,June,1,Uttar Pradesh,2487,KADAGHAT (KAUSHAMBI),8.06
2025,6,June,2,Uttar Pradesh,2487,KADAGHAT (KAUSHAMBI),8.01
2025,7,July,1,Uttar Pradesh,2487,KADAGHAT (KAUSHAMBI),8.16
2025,7,July,2,Uttar Pradesh,2487,KADAGHAT (KAUSHAMBI),8.14
2025,8,August,1,Uttar Pradesh,2487,KADAGHAT (KAUSHAMBI),8.19
2025,8,August,2,Uttar Pradesh,2487,KADAGHAT (KAUSHAMBI),8.18
2025,9,September,1,Uttar Pradesh,2487,KADAGHAT (KAUSHAMBI),8.12
2025,9,September,2,Uttar Pradesh,2487,KADAGHAT (KAUSHAMBI),8.2
2025,10,October,1,Uttar Pradesh,2487,KADAGHAT (KAUSHAMBI),8.11
2025,10,October,2,Uttar Pradesh,2487,KADAGHAT (KAUSHAMBI),8.14
2025,11,November,1,Uttar Pradesh,2487,KADAGHAT (KAUSHAMBI),8.19
2025,11,November,2,Uttar Pradesh,2487,KADAGHAT (KAUSHAMBI),8.24
2025,12,December,1,Uttar Pradesh,2487,KADAGHAT (KAUSHAMBI),8.33
2025,12,December,2,Uttar Pradesh,2487,KADAGHAT (KAUSHAMBI),8.27
2025,1,January,1,Uttar Pradesh,5713,"DHEEMI, PRATAPGARH",8.13
2025,1,January,2,Uttar Pradesh,5713,"DHEEMI, PRATAPGARH",8.14
2025,2,February,1,Uttar Pradesh,5713,"DHEEMI, PRATAPGARH",8.18
2025,2,February,2,Uttar Pradesh,5713,"DHEEMI, PRATAPGARH",8.23
2025,3,March,1,Uttar Pradesh,5713,"DHEEMI, PRATAPGARH",8.09
2025,3,March,2,Uttar Pradesh,5713,"DHEEMI, PRATAPGARH",8.12
2025,4,April,1,Uttar Pradesh,5713,"DHEEMI, PRATAPGARH",8.07
2025,4,April,2,Uttar Pradesh,5713,"DHEEMI, PRATAPGARH",8.12
2025,5,May,1,Uttar Pradesh,5713,"DHEEMI, PRATAPGARH",8.11
2025,5,May,2,Uttar Pradesh,5713,"DHEEMI, PRATAPGARH",8.15
2025,6,June,1,Uttar Pradesh,5713,"DHEEMI, PRATAPGARH",8.19
2025,6,June,2,Uttar Pradesh,5713,"DHEEMI, PRATAPGARH",8.15
2025,7,July,1,Uttar Pradesh,5713,"DHEEMI, PRATAPGARH",8.05
2025,7,July,2,Uttar Pradesh,5713,"DHEEMI, PRATAPGARH",7.9
2025,8,August,1,Uttar Pradesh,5713,"DHEEMI, PRATAPGARH",8.01
2025,8,August,2,Uttar Pradesh,5713,"DHEEMI, PRATAPGARH",8.03
2025,9,September,1,Uttar Pradesh,5713,"DHEEMI, PRATAPGARH",8.01
2025,10,October,1,Uttar Pradesh,5713,"DHEEMI, PRATAPGARH",8.01
2025,10,October,2,Uttar Pradesh,5713,"DHEEMI, PRATAPGARH",8.12
2025,11,November,1,Uttar Pradesh,5713,"DHEEMI, PRATAPGARH",8.12
2025,11,November,2,Uttar Pradesh,5713,"DHEEMI, PRATAPGARH",8.06
2025,12,December,1,Uttar Pradesh,5713,"DHEEMI, PRATAPGARH",8.11
2025,12,December,2,Uttar Pradesh,5713,"DHEEMI, PRATAPGARH",8.07
2025,1,January,1,Uttar Pradesh,1046,PRAYAGRAJ (RASOOLABAD),7.98
2025,1,January,2,Uttar Pradesh,1046,PRAYAGRAJ (RASOOLABAD),8.04
2025,2,February,1,Uttar Pradesh,1046,PRAYAGRAJ (RASOOLABAD),8.04
2025,2,February,2,Uttar Pradesh,1046,PRAYAGRAJ (RASOOLABAD),8.02
2025,3,March,1,Uttar Pradesh,1046,PRAYAGRAJ (RASOOLABAD),8.06
2025,3,March,2,Uttar Pradesh,1046,PRAYAGRAJ (RASOOLABAD),8.01
2025,4,April,1,Uttar Pradesh,1046,PRAYAGRAJ (RASOOLABAD),8.01
2025,4,April,2,Uttar Pradesh,1046,PRAYAGRAJ (RASOOLABAD),8.12
2025,5,May,1,Uttar Pradesh,1046,PRAYAGRAJ (RASOOLABAD),8.1
2025,5,May,2,Uttar Pradesh,1046,PRAYAGRAJ (RASOOLABAD),8.02
2025,6,June,1,Uttar Pradesh,1046,PRAYAGRAJ (RASOOLABAD),8.0
2025,6,June,2,Uttar Pradesh,1046,PRAYAGRAJ (RASOOLABAD),7.94
2025,7,July,1,Uttar Pradesh,1046,PRAYAGRAJ (RASOOLABAD),8.04
2025,7,July,2,Uttar Pradesh,1046,PRAYAGRAJ (RASOOLABAD),7.9
2025,8,August,1,Uttar Pradesh,1046,PRAYAGRAJ (RASOOLABAD),8.15
2025,8,August,2,Uttar Pradesh,1046,PRAYAGRAJ (RASOOLABAD),8.11
2025,9,September,1,Uttar Pradesh,1046,PRAYAGRAJ (RASOOLABAD),8.14
2025,9,September,2,Uttar Pradesh,1046,PRAYAGRAJ (RASOOLABAD),8.16
2025,10,October,1,Uttar Pradesh,1046,PRAYAGRAJ (RASOOLABAD),8.13
2025,10,October,2,Uttar Pradesh,1046,PRAYAGRAJ (RASOOLABAD),8.14
2025,11,November,1,Uttar Pradesh,1046,PRAYAGRAJ (RASOOLABAD),8.19
2025,11,November,2,Uttar Pradesh,1046,PRAYAGRAJ (RASOOLABAD),8.26
2025,12,December,1,Uttar Pradesh,1046,PRAYAGRAJ (RASOOLABAD),8.22
2025,12,December,2,Uttar Pradesh,1046,PRAYAGRAJ (RASOOLABAD),8.24
2025,1,January,1,Uttar Pradesh,1049,PRAYAGRAJ D/S (SANGAM),8.16
2025,1,January,2,Uttar Pradesh,1049,PRAYAGRAJ D/S (SANGAM),8.03
2025,2,February,1,Uttar Pradesh,1049,PRAYAGRAJ D/S (SANGAM),8.06
2025,2,February,2,Uttar Pradesh,1049,PRAYAGRAJ D/S (SANGAM),8.02
2025,3,March,1,Uttar Pradesh,1049,PRAYAGRAJ D/S (SANGAM),7.99
2025,3,March,2,Uttar Pradesh,1049,PRAYAGRAJ D/S (SANGAM),8.05
2025,4,April,1,Uttar Pradesh,1049,PRAYAGRAJ D/S (SANGAM),8.16
2025,4,April,2,Uttar Pradesh,1049,PRAYAGRAJ D/S (SANGAM),8.08
2025,5,May,1,Uttar Pradesh,1049,PRAYAGRAJ D/S (SANGAM),8.1
2025,5,May,2,Uttar Pradesh,1049,PRAYAGRAJ D/S (SANGAM),8.04
2025,6,June,1,Uttar Pradesh,1049,PRAYAGRAJ D/S (SANGAM),8.12
2025,6,June,2,Uttar Pradesh,1049,PRAYAGRAJ D/S (SANGAM),8.02
2025,7,July,1,Uttar Pradesh,1049,PRAYAGRAJ D/S (SANGAM),8.0
2025,7,July,2,Uttar Pradesh,1049,PRAYAGRAJ D/S (SANGAM),8.11
2025,8,August,1,Uttar Pradesh,1049,PRAYAGRAJ D/S (SANGAM),8.14
2025,8,August,2,Uttar Pradesh,1049,PRAYAGRAJ D/S (SANGAM),8.07
2025,9,September,1,Uttar Pradesh,1049,PRAYAGRAJ D/S (SANGAM),8.06
2025,9,September,2,Uttar Pradesh,1049,PRAYAGRAJ D/S (SANGAM),8.09
2025,10,October,1,Uttar Pradesh,1049,PRAYAGRAJ D/S (SANGAM),8.09
2025,10,October,2,Uttar Pradesh,1049,PRAYAGRAJ D/S (SANGAM),8.13
2025,11,November,1,Uttar Pradesh,1049,PRAYAGRAJ D/S (SANGAM),8.16
2025,11,November,2,Uttar Pradesh,1049,PRAYAGRAJ D/S (SANGAM),8.24
2025,12,December,1,Uttar Pradesh,1049,PRAYAGRAJ D/S (SANGAM),8.19
2025,12,December,2,Uttar Pradesh,1049,PRAYAGRAJ D/S (SANGAM),8.18
2025,1,January,1,Uttar Pradesh,5714," B/C TAMSA RIVER AT PRACHIN SHIVALAYA DUMDUMA
GHAT",7.91
2025,1,January,2,Uttar Pradesh,5714," B/C TAMSA RIVER AT PRACHIN SHIVALAYA DUMDUMA
GHAT",8.01
2025,2,February,1,Uttar Pradesh,5714," B/C TAMSA RIVER AT PRACHIN SHIVALAYA DUMDUMA
GHAT",8.02
2025,2,February,2,Uttar Pradesh,5714," B/C TAMSA RIVER AT PRACHIN SHIVALAYA DUMDUMA
GHAT",8.07
2025,3,March,1,Uttar Pradesh,5714," B/C TAMSA RIVER AT PRACHIN SHIVALAYA DUMDUMA
GHAT",8.06
2025,3,March,2,Uttar Pradesh,5714," B/C TAMSA RIVER AT PRACHIN SHIVALAYA DUMDUMA
GHAT",8.04
2025,4,April,1,Uttar Pradesh,5714," B/C TAMSA RIVER AT PRACHIN SHIVALAYA DUMDUMA
GHAT",8.08
2025,4,April,2,Uttar Pradesh,5714," B/C TAMSA RIVER AT PRACHIN SHIVALAYA DUMDUMA
GHAT",8.06
2025,5,May,1,Uttar Pradesh,5714," B/C TAMSA RIVER AT PRACHIN SHIVALAYA DUMDUMA
GHAT",8.02
2025,5,May,2,Uttar Pradesh,5714," B/C TAMSA RIVER AT PRACHIN SHIVALAYA DUMDUMA
GHAT",8.12
2025,6,June,1,Uttar Pradesh,5714," B/C TAMSA RIVER AT PRACHIN SHIVALAYA DUMDUMA
GHAT",8.01
2025,6,June,2,Uttar Pradesh,5714," B/C TAMSA RIVER AT PRACHIN SHIVALAYA DUMDUMA
GHAT",8.08
2025,7,July,1,Uttar Pradesh,5714," B/C TAMSA RIVER AT PRACHIN SHIVALAYA DUMDUMA
GHAT",8.2
2025,7,July,2,Uttar Pradesh,5714," B/C TAMSA RIVER AT PRACHIN SHIVALAYA DUMDUMA
GHAT",8.12
2025,8,August,1,Uttar Pradesh,5714," B/C TAMSA RIVER AT PRACHIN SHIVALAYA DUMDUMA
GHAT",8.15
2025,8,August,2,Uttar Pradesh,5714," B/C TAMSA RIVER AT PRACHIN SHIVALAYA DUMDUMA
GHAT",8.08
2025,9,September,1,Uttar Pradesh,5714," B/C TAMSA RIVER AT PRACHIN SHIVALAYA DUMDUMA
GHAT",8.11
2025,9,September,2,Uttar Pradesh,5714," B/C TAMSA RIVER AT PRACHIN SHIVALAYA DUMDUMA
GHAT",8.13
2025,10,October,1,Uttar Pradesh,5714," B/C TAMSA RIVER AT PRACHIN SHIVALAYA DUMDUMA
GHAT",8.02
2025,10,October,2,Uttar Pradesh,5714," B/C TAMSA RIVER AT PRACHIN SHIVALAYA DUMDUMA
GHAT",8.09
2025,11,November,1,Uttar Pradesh,5714," B/C TAMSA RIVER AT PRACHIN SHIVALAYA DUMDUMA
GHAT",8.16
2025,11,November,2,Uttar Pradesh,5714," B/C TAMSA RIVER AT PRACHIN SHIVALAYA DUMDUMA
GHAT",8.24
2025,12,December,1,Uttar Pradesh,5714," B/C TAMSA RIVER AT PRACHIN SHIVALAYA DUMDUMA
GHAT",8.21
2025,12,December,2,Uttar Pradesh,5714," B/C TAMSA RIVER AT PRACHIN SHIVALAYA DUMDUMA
GHAT",8.28
2025,1,January,1,Uttar Pradesh,10158,A/C TAMAS RIVER (SIRSA),7.89
2025,1,January,2,Uttar Pradesh,10158,A/C TAMAS RIVER (SIRSA),7.88
2025,2,February,1,Uttar Pradesh,10158,A/C TAMAS RIVER (SIRSA),7.11
2025,2,February,2,Uttar Pradesh,10158,A/C TAMAS RIVER (SIRSA),8.06
2025,3,March,1,Uttar Pradesh,10158,A/C TAMAS RIVER (SIRSA),8.09
2025,3,March,2,Uttar Pradesh,10158,A/C TAMAS RIVER (SIRSA),8.05
2025,4,April,1,Uttar Pradesh,10158,A/C TAMAS RIVER (SIRSA),8.02
2025,4,April,2,Uttar Pradesh,10158,A/C TAMAS RIVER (SIRSA),8.08
2025,5,May,1,Uttar Pradesh,10158,A/C TAMAS RIVER (SIRSA),8.15
2025,5,May,2,Uttar Pradesh,10158,A/C TAMAS RIVER (SIRSA),8.12
2025,6,June,1,Uttar Pradesh,10158,A/C TAMAS RIVER (SIRSA),8.12
2025,6,June,2,Uttar Pradesh,10158,A/C TAMAS RIVER (SIRSA),8.02
2025,7,July,1,Uttar Pradesh,10158,A/C TAMAS RIVER (SIRSA),8.02
2025,7,July,2,Uttar Pradesh,10158,A/C TAMAS RIVER (SIRSA),8.01
2025,8,August,1,Uttar Pradesh,10158,A/C TAMAS RIVER (SIRSA),8.09
2025,8,August,2,Uttar Pradesh,10158,A/C TAMAS RIVER (SIRSA),8.14
2025,9,September,1,Uttar Pradesh,10158,A/C TAMAS RIVER (SIRSA),8.16
2025,9,September,2,Uttar Pradesh,10158,A/C TAMAS RIVER (SIRSA),8.16
2025,10,October,1,Uttar Pradesh,10158,A/C TAMAS RIVER (SIRSA),8.12
2025,10,October,2,Uttar Pradesh,10158,A/C TAMAS RIVER (SIRSA),8.14
2025,11,November,1,Uttar Pradesh,10158,A/C TAMAS RIVER (SIRSA),8.17
2025,11,November,2,Uttar Pradesh,10158,A/C TAMAS RIVER (SIRSA),8.23
2025,12,December,1,Uttar Pradesh,10158,A/C TAMAS RIVER (SIRSA),8.31
2025,12,December,2,Uttar Pradesh,10158,A/C TAMAS RIVER (SIRSA),8.26
2025,1,January,1,Uttar Pradesh,2485,"U/S, VINDHYACHAL (MIRZAPUR)",8.31
2025,1,January,2,Uttar Pradesh,2485,"U/S, VINDHYACHAL (MIRZAPUR)",8.29
2025,2,February,1,Uttar Pradesh,2485,"U/S, VINDHYACHAL (MIRZAPUR)",8.21
2025,2,February,2,Uttar Pradesh,2485,"U/S, VINDHYACHAL (MIRZAPUR)",8.2
2025,3,March,1,Uttar Pradesh,2485,"U/S, VINDHYACHAL (MIRZAPUR)",8.18
2025,3,March,2,Uttar Pradesh,2485,"U/S, VINDHYACHAL (MIRZAPUR)",8.15
2025,4,April,1,Uttar Pradesh,2485,"U/S, VINDHYACHAL (MIRZAPUR)",8.17
2025,4,April,2,Uttar Pradesh,2485,"U/S, VINDHYACHAL (MIRZAPUR)",8.08
2025,5,May,1,Uttar Pradesh,2485,"U/S, VINDHYACHAL (MIRZAPUR)",8.05
2025,5,May,2,Uttar Pradesh,2485,"U/S, VINDHYACHAL (MIRZAPUR)",7.92
2025,6,June,2,Uttar Pradesh,2485,"U/S, VINDHYACHAL (MIRZAPUR)",8.04
2025,7,July,1,Uttar Pradesh,2485,"U/S, VINDHYACHAL (MIRZAPUR)",8.22
2025,7,July,2,Uttar Pradesh,2485,"U/S, VINDHYACHAL (MIRZAPUR)",7.94
2025,8,August,1,Uttar Pradesh,2485,"U/S, VINDHYACHAL (MIRZAPUR)",8.22
2025,8,August,2,Uttar Pradesh,2485,"U/S, VINDHYACHAL (MIRZAPUR)",7.94
2025,9,September,1,Uttar Pradesh,2485,"U/S, VINDHYACHAL (MIRZAPUR)",7.92
2025,9,September,2,Uttar Pradesh,2485,"U/S, VINDHYACHAL (MIRZAPUR)",7.88
2025,10,October,2,Uttar Pradesh,2485,"U/S, VINDHYACHAL (MIRZAPUR)",8.12
2025,11,November,1,Uttar Pradesh,2485,"U/S, VINDHYACHAL (MIRZAPUR)",8.1
2025,11,November,2,Uttar Pradesh,2485,"U/S, VINDHYACHAL (MIRZAPUR)",8.18
2025,12,December,1,Uttar Pradesh,2485,"U/S, VINDHYACHAL (MIRZAPUR)",8.19
2025,12,December,2,Uttar Pradesh,2485,"U/S, VINDHYACHAL (MIRZAPUR)",8.19
2025,1,January,1,Uttar Pradesh,2486,"D/S, MIRZAPUR",8.02
2025,1,January,2,Uttar Pradesh,2486,"D/S, MIRZAPUR",8.02
2025,2,February,1,Uttar Pradesh,2486,"D/S, MIRZAPUR",7.88
2025,2,February,2,Uttar Pradesh,2486,"D/S, MIRZAPUR",7.89
2025,3,March,1,Uttar Pradesh,2486,"D/S, MIRZAPUR",7.82
2025,3,March,2,Uttar Pradesh,2486,"D/S, MIRZAPUR",7.83
2025,4,April,1,Uttar Pradesh,2486,"D/S, MIRZAPUR",7.82
2025,4,April,2,Uttar Pradesh,2486,"D/S, MIRZAPUR",7.74
2025,5,May,1,Uttar Pradesh,2486,"D/S, MIRZAPUR",7.75
2025,5,May,2,Uttar Pradesh,2486,"D/S, MIRZAPUR",7.7
2025,6,June,1,Uttar Pradesh,2486,"D/S, MIRZAPUR",8.08
2025,6,June,2,Uttar Pradesh,2486,"D/S, MIRZAPUR",7.82
2025,7,July,1,Uttar Pradesh,2486,"D/S, MIRZAPUR",8.06
2025,7,July,2,Uttar Pradesh,2486,"D/S, MIRZAPUR",7.82
2025,8,August,1,Uttar Pradesh,2486,"D/S, MIRZAPUR",8.22
2025,8,August,2,Uttar Pradesh,2486,"D/S, MIRZAPUR",7.88
2025,9,September,1,Uttar Pradesh,2486,"D/S, MIRZAPUR",7.85
2025,9,September,2,Uttar Pradesh,2486,"D/S, MIRZAPUR",7.81
2025,10,October,2,Uttar Pradesh,2486,"D/S, MIRZAPUR",7.96
2025,11,November,1,Uttar Pradesh,2486,"D/S, MIRZAPUR",8.0
2025,11,November,2,Uttar Pradesh,2486,"D/S, MIRZAPUR",8.05
2025,12,December,1,Uttar Pradesh,2486,"D/S, MIRZAPUR",7.95
2025,1,January,1,Uttar Pradesh,10153,CHUNAR,8.18
2025,1,January,2,Uttar Pradesh,10153,CHUNAR,8.13
2025,2,February,1,Uttar Pradesh,10153,CHUNAR,8.08
2025,2,February,2,Uttar Pradesh,10153,CHUNAR,8.09
2025,3,March,1,Uttar Pradesh,10153,CHUNAR,8.03
2025,3,March,2,Uttar Pradesh,10153,CHUNAR,8.05
2025,4,April,1,Uttar Pradesh,10153,CHUNAR,8.02
2025,4,April,2,Uttar Pradesh,10153,CHUNAR,7.96
2025,5,May,1,Uttar Pradesh,10153,CHUNAR,7.88
2025,5,May,2,Uttar Pradesh,10153,CHUNAR,7.82
2025,6,June,1,Uttar Pradesh,10153,CHUNAR,7.95
2025,6,June,2,Uttar Pradesh,10153,CHUNAR,7.85
2025,7,July,1,Uttar Pradesh,10153,CHUNAR,8.03
2025,7,July,2,Uttar Pradesh,10153,CHUNAR,7.89
2025,8,August,1,Uttar Pradesh,10153,CHUNAR,8.03
2025,8,August,2,Uttar Pradesh,10153,CHUNAR,7.9
2025,9,September,1,Uttar Pradesh,10153,CHUNAR,7.88
2025,9,September,2,Uttar Pradesh,10153,CHUNAR,7.84
2025,10,October,2,Uttar Pradesh,10153,CHUNAR,8.03
2025,11,November,1,Uttar Pradesh,10153,CHUNAR,8.05
2025,11,November,2,Uttar Pradesh,10153,CHUNAR,8.09
2025,12,December,1,Uttar Pradesh,10153,CHUNAR,8.05
2025,1,January,1,Uttar Pradesh,1070,U/S VARANASI  (VISHWA SUNDARI BRIDGE),8.36
2025,1,January,2,Uttar Pradesh,1070,U/S VARANASI  (VISHWA SUNDARI BRIDGE),8.31
2025,2,February,1,Uttar Pradesh,1070,U/S VARANASI  (VISHWA SUNDARI BRIDGE),8.26
2025,2,February,2,Uttar Pradesh,1070,U/S VARANASI  (VISHWA SUNDARI BRIDGE),8.2
2025,3,March,1,Uttar Pradesh,1070,U/S VARANASI  (VISHWA SUNDARI BRIDGE),8.23
2025,3,March,2,Uttar Pradesh,1070,U/S VARANASI  (VISHWA SUNDARI BRIDGE),8.22
2025,4,April,1,Uttar Pradesh,1070,U/S VARANASI  (VISHWA SUNDARI BRIDGE),8.11
2025,4,April,2,Uttar Pradesh,1070,U/S VARANASI  (VISHWA SUNDARI BRIDGE),8.17
2025,5,May,1,Uttar Pradesh,1070,U/S VARANASI  (VISHWA SUNDARI BRIDGE),8.16
2025,5,May,2,Uttar Pradesh,1070,U/S VARANASI  (VISHWA SUNDARI BRIDGE),8.12
2025,6,June,1,Uttar Pradesh,1070,U/S VARANASI  (VISHWA SUNDARI BRIDGE),8.19
2025,6,June,2,Uttar Pradesh,1070,U/S VARANASI  (VISHWA SUNDARI BRIDGE),8.16
2025,7,July,1,Uttar Pradesh,1070,U/S VARANASI  (VISHWA SUNDARI BRIDGE),8.3
2025,7,July,2,Uttar Pradesh,1070,U/S VARANASI  (VISHWA SUNDARI BRIDGE),7.94
2025,8,August,1,Uttar Pradesh,1070,U/S VARANASI  (VISHWA SUNDARI BRIDGE),7.96
2025,8,August,2,Uttar Pradesh,1070,U/S VARANASI  (VISHWA SUNDARI BRIDGE),7.82
2025,9,September,1,Uttar Pradesh,1070,U/S VARANASI  (VISHWA SUNDARI BRIDGE),7.97
2025,9,September,2,Uttar Pradesh,1070,U/S VARANASI  (VISHWA SUNDARI BRIDGE),7.95
2025,10,October,1,Uttar Pradesh,1070,U/S VARANASI  (VISHWA SUNDARI BRIDGE),8.15
2025,10,October,2,Uttar Pradesh,1070,U/S VARANASI  (VISHWA SUNDARI BRIDGE),8.2
2025,11,November,1,Uttar Pradesh,1070,U/S VARANASI  (VISHWA SUNDARI BRIDGE),8.14
2025,11,November,2,Uttar Pradesh,1070,U/S VARANASI  (VISHWA SUNDARI BRIDGE),8.24
2025,12,December,1,Uttar Pradesh,1070,U/S VARANASI  (VISHWA SUNDARI BRIDGE),8.26
2025,12,December,2,Uttar Pradesh,1070,U/S VARANASI  (VISHWA SUNDARI BRIDGE),8.25
2025,1,January,1,Uttar Pradesh,1071,VARANASI D/S (MALVIYA BRIDGE),8.14
2025,1,January,2,Uttar Pradesh,1071,VARANASI D/S (MALVIYA BRIDGE),8.02
2025,2,February,1,Uttar Pradesh,1071,VARANASI D/S (MALVIYA BRIDGE),8.02
2025,2,February,2,Uttar Pradesh,1071,VARANASI D/S (MALVIYA BRIDGE),7.96
2025,3,March,1,Uttar Pradesh,1071,VARANASI D/S (MALVIYA BRIDGE),8.01
2025,3,March,2,Uttar Pradesh,1071,VARANASI D/S (MALVIYA BRIDGE),7.95
2025,4,April,1,Uttar Pradesh,1071,VARANASI D/S (MALVIYA BRIDGE),7.83
2025,4,April,2,Uttar Pradesh,1071,VARANASI D/S (MALVIYA BRIDGE),7.84
2025,5,May,1,Uttar Pradesh,1071,VARANASI D/S (MALVIYA BRIDGE),7.73
2025,5,May,2,Uttar Pradesh,1071,VARANASI D/S (MALVIYA BRIDGE),7.71
2025,6,June,1,Uttar Pradesh,1071,VARANASI D/S (MALVIYA BRIDGE),7.71
2025,6,June,2,Uttar Pradesh,1071,VARANASI D/S (MALVIYA BRIDGE),7.68
2025,7,July,1,Uttar Pradesh,1071,VARANASI D/S (MALVIYA BRIDGE),7.86
2025,7,July,2,Uttar Pradesh,1071,VARANASI D/S (MALVIYA BRIDGE),7.89
2025,8,August,1,Uttar Pradesh,1071,VARANASI D/S (MALVIYA BRIDGE),7.82
2025,8,August,2,Uttar Pradesh,1071,VARANASI D/S (MALVIYA BRIDGE),7.75
2025,9,September,1,Uttar Pradesh,1071,VARANASI D/S (MALVIYA BRIDGE),7.86
2025,9,September,2,Uttar Pradesh,1071,VARANASI D/S (MALVIYA BRIDGE),7.78
2025,10,October,1,Uttar Pradesh,1071,VARANASI D/S (MALVIYA BRIDGE),7.92
2025,10,October,2,Uttar Pradesh,1071,VARANASI D/S (MALVIYA BRIDGE),7.98
2025,11,November,1,Uttar Pradesh,1071,VARANASI D/S (MALVIYA BRIDGE),8.02
2025,11,November,2,Uttar Pradesh,1071,VARANASI D/S (MALVIYA BRIDGE),8.08
2025,12,December,1,Uttar Pradesh,1071,VARANASI D/S (MALVIYA BRIDGE),7.96
2025,12,December,2,Uttar Pradesh,1071,VARANASI D/S (MALVIYA BRIDGE),7.94
2025,1,January,1,Uttar Pradesh,5715,"B/C GOMTI RIVER AT
BALUA GHAT BRIDGE, VARANASI",8.18
2025,1,January,2,Uttar Pradesh,5715,"B/C GOMTI RIVER AT
BALUA GHAT BRIDGE, VARANASI",8.06
2025,2,February,1,Uttar Pradesh,5715,"B/C GOMTI RIVER AT
BALUA GHAT BRIDGE, VARANASI",8.08
2025,2,February,2,Uttar Pradesh,5715,"B/C GOMTI RIVER AT
BALUA GHAT BRIDGE, VARANASI",8.05
2025,3,March,1,Uttar Pradesh,5715,"B/C GOMTI RIVER AT
BALUA GHAT BRIDGE, VARANASI",8.05
2025,3,March,2,Uttar Pradesh,5715,"B/C GOMTI RIVER AT
BALUA GHAT BRIDGE, VARANASI",8.0
2025,4,April,1,Uttar Pradesh,5715,"B/C GOMTI RIVER AT
BALUA GHAT BRIDGE, VARANASI",7.98
2025,4,April,2,Uttar Pradesh,5715,"B/C GOMTI RIVER AT
BALUA GHAT BRIDGE, VARANASI",7.96
2025,5,May,1,Uttar Pradesh,5715,"B/C GOMTI RIVER AT
BALUA GHAT BRIDGE, VARANASI",7.9
2025,5,May,2,Uttar Pradesh,5715,"B/C GOMTI RIVER AT
BALUA GHAT BRIDGE, VARANASI",7.86
2025,6,June,1,Uttar Pradesh,5715,"B/C GOMTI RIVER AT
BALUA GHAT BRIDGE, VARANASI",7.88
2025,6,June,2,Uttar Pradesh,5715,"B/C GOMTI RIVER AT
BALUA GHAT BRIDGE, VARANASI",7.85
2025,7,July,1,Uttar Pradesh,5715,"B/C GOMTI RIVER AT
BALUA GHAT BRIDGE, VARANASI",7.92
2025,7,July,2,Uttar Pradesh,5715,"B/C GOMTI RIVER AT
BALUA GHAT BRIDGE, VARANASI",7.92
2025,8,August,1,Uttar Pradesh,5715,"B/C GOMTI RIVER AT
BALUA GHAT BRIDGE, VARANASI",7.9
2025,8,August,2,Uttar Pradesh,5715,"B/C GOMTI RIVER AT
BALUA GHAT BRIDGE, VARANASI",7.77
2025,9,September,1,Uttar Pradesh,5715,"B/C GOMTI RIVER AT
BALUA GHAT BRIDGE, VARANASI",7.9
2025,9,September,2,Uttar Pradesh,5715,"B/C GOMTI RIVER AT
BALUA GHAT BRIDGE, VARANASI",7.82
2025,10,October,1,Uttar Pradesh,5715,"B/C GOMTI RIVER AT
BALUA GHAT BRIDGE, VARANASI",7.95
2025,10,October,2,Uttar Pradesh,5715,"B/C GOMTI RIVER AT
BALUA GHAT BRIDGE, VARANASI",8.12
2025,11,November,1,Uttar Pradesh,5715,"B/C GOMTI RIVER AT
BALUA GHAT BRIDGE, VARANASI",8.05
2025,11,November,2,Uttar Pradesh,5715,"B/C GOMTI RIVER AT
BALUA GHAT BRIDGE, VARANASI",8.12
2025,12,December,1,Uttar Pradesh,5715,"B/C GOMTI RIVER AT
BALUA GHAT BRIDGE, VARANASI",8.1
2025,12,December,2,Uttar Pradesh,5715,"B/C GOMTI RIVER AT
BALUA GHAT BRIDGE, VARANASI",8.06
2025,1,January,1,Uttar Pradesh,10152,A/C GOMTI RIVER (BHUSAULA),8.2
2025,1,January,2,Uttar Pradesh,10152,A/C GOMTI RIVER (BHUSAULA),8.16
2025,2,February,1,Uttar Pradesh,10152,A/C GOMTI RIVER (BHUSAULA),8.12
2025,2,February,2,Uttar Pradesh,10152,A/C GOMTI RIVER (BHUSAULA),8.09
2025,3,March,1,Uttar Pradesh,10152,A/C GOMTI RIVER (BHUSAULA),8.09
2025,3,March,2,Uttar Pradesh,10152,A/C GOMTI RIVER (BHUSAULA),8.04
2025,4,April,1,Uttar Pradesh,10152,A/C GOMTI RIVER (BHUSAULA),7.94
2025,4,April,2,Uttar Pradesh,10152,A/C GOMTI RIVER (BHUSAULA),7.95
2025,5,May,1,Uttar Pradesh,10152,A/C GOMTI RIVER (BHUSAULA),8.01
2025,5,May,2,Uttar Pradesh,10152,A/C GOMTI RIVER (BHUSAULA),7.98
2025,6,June,1,Uttar Pradesh,10152,A/C GOMTI RIVER (BHUSAULA),7.98
2025,6,June,2,Uttar Pradesh,10152,A/C GOMTI RIVER (BHUSAULA),7.98
2025,7,July,1,Uttar Pradesh,10152,A/C GOMTI RIVER (BHUSAULA),8.05
2025,7,July,2,Uttar Pradesh,10152,A/C GOMTI RIVER (BHUSAULA),7.94
2025,8,August,1,Uttar Pradesh,10152,A/C GOMTI RIVER (BHUSAULA),8.01
2025,8,August,2,Uttar Pradesh,10152,A/C GOMTI RIVER (BHUSAULA),7.78
2025,9,September,1,Uttar Pradesh,10152,A/C GOMTI RIVER (BHUSAULA),7.92
2025,9,September,2,Uttar Pradesh,10152,A/C GOMTI RIVER (BHUSAULA),7.85
2025,10,October,1,Uttar Pradesh,10152,A/C GOMTI RIVER (BHUSAULA),8.05
2025,10,October,2,Uttar Pradesh,10152,A/C GOMTI RIVER (BHUSAULA),8.15
2025,11,November,1,Uttar Pradesh,10152,A/C GOMTI RIVER (BHUSAULA),8.08
2025,11,November,2,Uttar Pradesh,10152,A/C GOMTI RIVER (BHUSAULA),8.15
2025,12,December,1,Uttar Pradesh,10152,A/C GOMTI RIVER (BHUSAULA),8.21
2025,12,December,2,Uttar Pradesh,10152,A/C GOMTI RIVER (BHUSAULA),8.16
2025,1,January,1,Uttar Pradesh,5716,"U/S GHAZIPUR, ZAMANIA",8.28
2025,1,January,2,Uttar Pradesh,5716,"U/S GHAZIPUR, ZAMANIA",8.26
2025,2,February,1,Uttar Pradesh,5716,"U/S GHAZIPUR, ZAMANIA",8.22
2025,2,February,2,Uttar Pradesh,5716,"U/S GHAZIPUR, ZAMANIA",8.17
2025,3,March,1,Uttar Pradesh,5716,"U/S GHAZIPUR, ZAMANIA",8.2
2025,3,March,2,Uttar Pradesh,5716,"U/S GHAZIPUR, ZAMANIA",8.18
2025,4,April,1,Uttar Pradesh,5716,"U/S GHAZIPUR, ZAMANIA",8.12
2025,4,April,2,Uttar Pradesh,5716,"U/S GHAZIPUR, ZAMANIA",8.19
2025,5,May,1,Uttar Pradesh,5716,"U/S GHAZIPUR, ZAMANIA",8.08
2025,6,June,1,Uttar Pradesh,5716,"U/S GHAZIPUR, ZAMANIA",8.1
2025,7,July,1,Uttar Pradesh,5716,"U/S GHAZIPUR, ZAMANIA",8.15
2025,7,July,2,Uttar Pradesh,5716,"U/S GHAZIPUR, ZAMANIA",7.98
2025,8,August,1,Uttar Pradesh,5716,"U/S GHAZIPUR, ZAMANIA",8.1
2025,8,August,2,Uttar Pradesh,5716,"U/S GHAZIPUR, ZAMANIA",7.8
2025,9,September,1,Uttar Pradesh,5716,"U/S GHAZIPUR, ZAMANIA",7.95
2025,9,September,2,Uttar Pradesh,5716,"U/S GHAZIPUR, ZAMANIA",7.88
2025,10,October,1,Uttar Pradesh,5716,"U/S GHAZIPUR, ZAMANIA",8.08
2025,10,October,2,Uttar Pradesh,5716,"U/S GHAZIPUR, ZAMANIA",8.18
2025,11,November,1,Uttar Pradesh,5716,"U/S GHAZIPUR, ZAMANIA",8.11
2025,11,November,2,Uttar Pradesh,5716,"U/S GHAZIPUR, ZAMANIA",8.18
2025,12,December,1,Uttar Pradesh,5716,"U/S GHAZIPUR, ZAMANIA",8.23
2025,12,December,2,Uttar Pradesh,5716,"U/S GHAZIPUR, ZAMANIA",8.19
2025,1,January,1,Uttar Pradesh,1073,TARIGHAT (GHAZIPUR),7.92
2025,1,January,2,Uttar Pradesh,1073,TARIGHAT (GHAZIPUR),7.91
2025,2,February,1,Uttar Pradesh,1073,TARIGHAT (GHAZIPUR),7.94
2025,2,February,2,Uttar Pradesh,1073,TARIGHAT (GHAZIPUR),7.8
2025,3,March,1,Uttar Pradesh,1073,TARIGHAT (GHAZIPUR),7.9
2025,3,March,2,Uttar Pradesh,1073,TARIGHAT (GHAZIPUR),7.85
2025,4,April,1,Uttar Pradesh,1073,TARIGHAT (GHAZIPUR),7.74
2025,4,April,2,Uttar Pradesh,1073,TARIGHAT (GHAZIPUR),7.71
2025,5,May,1,Uttar Pradesh,1073,TARIGHAT (GHAZIPUR),7.74
2025,5,May,2,Uttar Pradesh,1073,TARIGHAT (GHAZIPUR),7.72
2025,6,June,1,Uttar Pradesh,1073,TARIGHAT (GHAZIPUR),7.7
2025,6,June,2,Uttar Pradesh,1073,TARIGHAT (GHAZIPUR),7.65
2025,7,July,1,Uttar Pradesh,1073,TARIGHAT (GHAZIPUR),7.82
2025,7,July,2,Uttar Pradesh,1073,TARIGHAT (GHAZIPUR),7.8
2025,8,August,1,Uttar Pradesh,1073,TARIGHAT (GHAZIPUR),7.78
2025,8,August,2,Uttar Pradesh,1073,TARIGHAT (GHAZIPUR),7.72
2025,9,September,1,Uttar Pradesh,1073,TARIGHAT (GHAZIPUR),7.82
2025,9,September,2,Uttar Pradesh,1073,TARIGHAT (GHAZIPUR),7.93
2025,10,October,1,Uttar Pradesh,1073,TARIGHAT (GHAZIPUR),7.88
2025,10,October,2,Uttar Pradesh,1073,TARIGHAT (GHAZIPUR),7.95
2025,11,November,1,Uttar Pradesh,1073,TARIGHAT (GHAZIPUR),7.95
2025,11,November,2,Uttar Pradesh,1073,TARIGHAT (GHAZIPUR),8.22
2025,12,December,1,Uttar Pradesh,1073,TARIGHAT (GHAZIPUR),7.93
2025,12,December,2,Uttar Pradesh,1073,TARIGHAT (GHAZIPUR),7.9
2025,1,January,2,Uttar Pradesh,5717,"BALLIA D/S AT BEYASI
BALLIA BRIDGE",8.04
2025,2,February,1,Uttar Pradesh,5717,"BALLIA D/S AT BEYASI
BALLIA BRIDGE",8.06
2025,2,February,2,Uttar Pradesh,5717,"BALLIA D/S AT BEYASI
BALLIA BRIDGE",7.89
2025,3,March,1,Uttar Pradesh,5717,"BALLIA D/S AT BEYASI
BALLIA BRIDGE",8.03
2025,3,March,2,Uttar Pradesh,5717,"BALLIA D/S AT BEYASI
BALLIA BRIDGE",7.98
2025,4,April,1,Uttar Pradesh,5717,"BALLIA D/S AT BEYASI
BALLIA BRIDGE",7.88
2025,4,April,2,Uttar Pradesh,5717,"BALLIA D/S AT BEYASI
BALLIA BRIDGE",7.79
2025,5,May,1,Uttar Pradesh,5717,"BALLIA D/S AT BEYASI
BALLIA BRIDGE",7.92
2025,5,May,2,Uttar Pradesh,5717,"BALLIA D/S AT BEYASI
BALLIA BRIDGE",7.9
2025,6,June,1,Uttar Pradesh,5717,"BALLIA D/S AT BEYASI
BALLIA BRIDGE",7.89
2025,6,June,2,Uttar Pradesh,5717,"BALLIA D/S AT BEYASI
BALLIA BRIDGE",7.86
2025,7,July,1,Uttar Pradesh,5717,"BALLIA D/S AT BEYASI
BALLIA BRIDGE",7.95
2025,7,July,2,Uttar Pradesh,5717,"BALLIA D/S AT BEYASI
BALLIA BRIDGE",7.92
2025,8,August,1,Uttar Pradesh,5717,"BALLIA D/S AT BEYASI
BALLIA BRIDGE",7.95
2025,8,August,2,Uttar Pradesh,5717,"BALLIA D/S AT BEYASI
BALLIA BRIDGE",7.82
2025,9,September,1,Uttar Pradesh,5717,"BALLIA D/S AT BEYASI
BALLIA BRIDGE",7.92
2025,9,September,2,Uttar Pradesh,5717,"BALLIA D/S AT BEYASI
BALLIA BRIDGE",8.02
2025,10,October,1,Uttar Pradesh,5717,"BALLIA D/S AT BEYASI
BALLIA BRIDGE",7.95
2025,10,October,2,Uttar Pradesh,5717,"BALLIA D/S AT BEYASI
BALLIA BRIDGE",8.03
2025,11,November,1,Uttar Pradesh,5717,"BALLIA D/S AT BEYASI
BALLIA BRIDGE",8.08
2025,11,November,2,Uttar Pradesh,5717,"BALLIA D/S AT BEYASI
BALLIA BRIDGE",8.12
2025,12,December,1,Uttar Pradesh,5717,"BALLIA D/S AT BEYASI
BALLIA BRIDGE",8.2
2025,12,December,2,Uttar Pradesh,5717,"BALLIA D/S AT BEYASI
BALLIA BRIDGE",8.15
2025,1,January,1,Bihar,1074,"BUXAR, CHAUSA KARMNASA ",7.76
2025,1,January,2,Bihar,1074,"BUXAR, CHAUSA KARMNASA ",7.28
2025,2,February,1,Bihar,1074,"BUXAR, CHAUSA KARMNASA ",7.92
2025,2,February,2,Bihar,1074,"BUXAR, CHAUSA KARMNASA ",7.34
2025,3,March,1,Bihar,1074,"BUXAR, CHAUSA KARMNASA ",8.38
2025,3,March,2,Bihar,1074,"BUXAR, CHAUSA KARMNASA ",8.74
2025,4,April,1,Bihar,1074,"BUXAR, CHAUSA KARMNASA ",7.38
2025,4,April,2,Bihar,1074,"BUXAR, CHAUSA KARMNASA ",7.47
2025,5,May,1,Bihar,1074,"BUXAR, CHAUSA KARMNASA ",7.38
2025,5,May,2,Bihar,1074,"BUXAR, CHAUSA KARMNASA ",7.99
2025,6,June,1,Bihar,1074,"BUXAR, CHAUSA KARMNASA ",7.4
2025,6,June,2,Bihar,1074,"BUXAR, CHAUSA KARMNASA ",7.91
2025,7,July,1,Bihar,1074,"BUXAR, CHAUSA KARMNASA ",7.37
2025,7,July,2,Bihar,1074,"BUXAR, CHAUSA KARMNASA ",7.66
2025,8,August,1,Bihar,1074,"BUXAR, CHAUSA KARMNASA ",7.65
2025,8,August,2,Bihar,1074,"BUXAR, CHAUSA KARMNASA ",7.57
2025,9,September,1,Bihar,1074,"BUXAR, CHAUSA KARMNASA ",7.56
2025,9,September,2,Bihar,1074,"BUXAR, CHAUSA KARMNASA ",7.66
2025,10,October,1,Bihar,1074,"BUXAR, CHAUSA KARMNASA ",7.83
2025,10,October,2,Bihar,1074,"BUXAR, CHAUSA KARMNASA ",7.6
2025,11,November,1,Bihar,1074,"BUXAR, CHAUSA KARMNASA ",8.04
2025,11,November,2,Bihar,1074,"BUXAR, CHAUSA KARMNASA ",7.72
2025,12,December,1,Bihar,1074,"BUXAR, CHAUSA KARMNASA ",7.76
2025,12,December,2,Bihar,1074,"BUXAR, CHAUSA KARMNASA ",8.2
2025,1,January,1,Bihar,10113,"U/S JAIL GHAT, BUXAR ",7.62
2025,1,January,2,Bihar,10113,"U/S JAIL GHAT, BUXAR ",7.47
2025,2,February,1,Bihar,10113,"U/S JAIL GHAT, BUXAR ",8.11
2025,2,February,2,Bihar,10113,"U/S JAIL GHAT, BUXAR ",7.56
2025,3,March,1,Bihar,10113,"U/S JAIL GHAT, BUXAR ",8.34
2025,3,March,2,Bihar,10113,"U/S JAIL GHAT, BUXAR ",8.8
2025,4,April,1,Bihar,10113,"U/S JAIL GHAT, BUXAR ",7.8
2025,4,April,2,Bihar,10113,"U/S JAIL GHAT, BUXAR ",7.33
2025,5,May,1,Bihar,10113,"U/S JAIL GHAT, BUXAR ",7.43
2025,5,May,2,Bihar,10113,"U/S JAIL GHAT, BUXAR ",7.91
2025,6,June,1,Bihar,10113,"U/S JAIL GHAT, BUXAR ",7.5
2025,6,June,2,Bihar,10113,"U/S JAIL GHAT, BUXAR ",7.68
2025,7,July,1,Bihar,10113,"U/S JAIL GHAT, BUXAR ",7.58
2025,7,July,2,Bihar,10113,"U/S JAIL GHAT, BUXAR ",7.58
2025,8,August,1,Bihar,10113,"U/S JAIL GHAT, BUXAR ",7.12
2025,8,August,2,Bihar,10113,"U/S JAIL GHAT, BUXAR ",7.26
2025,9,September,1,Bihar,10113,"U/S JAIL GHAT, BUXAR ",7.59
2025,9,September,2,Bihar,10113,"U/S JAIL GHAT, BUXAR ",7.63
2025,10,October,1,Bihar,10113,"U/S JAIL GHAT, BUXAR ",7.62
2025,10,October,2,Bihar,10113,"U/S JAIL GHAT, BUXAR ",7.39
2025,11,November,1,Bihar,10113,"U/S JAIL GHAT, BUXAR ",8.13
2025,11,November,2,Bihar,10113,"U/S JAIL GHAT, BUXAR ",7.51
2025,12,December,1,Bihar,10113,"U/S JAIL GHAT, BUXAR ",7.6
2025,12,December,2,Bihar,10113,"U/S JAIL GHAT, BUXAR ",8.25
2025,1,January,1,Bihar,2551,"BUXAR, RAMREKHAGHAT",7.84
2025,1,January,2,Bihar,2551,"BUXAR, RAMREKHAGHAT",7.38
2025,2,February,1,Bihar,2551,"BUXAR, RAMREKHAGHAT",8.27
2025,2,February,2,Bihar,2551,"BUXAR, RAMREKHAGHAT",7.45
2025,3,March,1,Bihar,2551,"BUXAR, RAMREKHAGHAT",8.32
2025,3,March,2,Bihar,2551,"BUXAR, RAMREKHAGHAT",8.78
2025,4,April,1,Bihar,2551,"BUXAR, RAMREKHAGHAT",7.35
2025,4,April,2,Bihar,2551,"BUXAR, RAMREKHAGHAT",7.51
2025,5,May,1,Bihar,2551,"BUXAR, RAMREKHAGHAT",7.31
2025,6,June,1,Bihar,2551,"BUXAR, RAMREKHAGHAT",7.5
2025,6,June,2,Bihar,2551,"BUXAR, RAMREKHAGHAT",7.59
2025,7,July,1,Bihar,2551,"BUXAR, RAMREKHAGHAT",7.39
2025,7,July,2,Bihar,2551,"BUXAR, RAMREKHAGHAT",7.5
2025,8,August,1,Bihar,2551,"BUXAR, RAMREKHAGHAT",7.62
2025,8,August,2,Bihar,2551,"BUXAR, RAMREKHAGHAT",7.44
2025,9,September,1,Bihar,2551,"BUXAR, RAMREKHAGHAT",7.5
2025,9,September,2,Bihar,2551,"BUXAR, RAMREKHAGHAT",7.77
2025,10,October,1,Bihar,2551,"BUXAR, RAMREKHAGHAT",7.75
2025,10,October,2,Bihar,2551,"BUXAR, RAMREKHAGHAT",7.42
2025,11,November,1,Bihar,2551,"BUXAR, RAMREKHAGHAT",8.1
2025,11,November,2,Bihar,2551,"BUXAR, RAMREKHAGHAT",7.59
2025,12,December,1,Bihar,2551,"BUXAR, RAMREKHAGHAT",7.95
2025,12,December,2,Bihar,2551,"BUXAR, RAMREKHAGHAT",8.13
2025,1,January,1,Bihar,3113,BUXAR D/S,7.66
2025,1,January,2,Bihar,3113,BUXAR D/S,7.27
2025,2,February,1,Bihar,3113,BUXAR D/S,8.01
2025,2,February,2,Bihar,3113,BUXAR D/S,7.58
2025,3,March,1,Bihar,3113,BUXAR D/S,8.27
2025,3,March,2,Bihar,3113,BUXAR D/S,8.93
2025,4,April,1,Bihar,3113,BUXAR D/S,7.78
2025,4,April,2,Bihar,3113,BUXAR D/S,7.36
2025,5,May,1,Bihar,3113,BUXAR D/S,7.37
2025,5,May,2,Bihar,3113,BUXAR D/S,7.87
2025,6,June,1,Bihar,3113,BUXAR D/S,7.2
2025,6,June,2,Bihar,3113,BUXAR D/S,7.47
2025,7,July,1,Bihar,3113,BUXAR D/S,7.45
2025,7,July,2,Bihar,3113,BUXAR D/S,7.62
2025,8,August,1,Bihar,3113,BUXAR D/S,7.78
2025,8,August,2,Bihar,3113,BUXAR D/S,7.4
2025,9,September,1,Bihar,3113,BUXAR D/S,7.56
2025,9,September,2,Bihar,3113,BUXAR D/S,7.69
2025,10,October,1,Bihar,3113,BUXAR D/S,7.92
2025,10,October,2,Bihar,3113,BUXAR D/S,7.28
2025,11,November,1,Bihar,3113,BUXAR D/S,8.14
2025,11,November,2,Bihar,3113,BUXAR D/S,7.43
2025,12,December,1,Bihar,3113,BUXAR D/S,7.05
2025,12,December,2,Bihar,3113,BUXAR D/S,8.2
2025,1,January,1,Bihar,10162,"U/s DORIGANJ, CHAPRA",7.86
2025,1,January,2,Bihar,10162,"U/s DORIGANJ, CHAPRA",7.31
2025,2,February,1,Bihar,10162,"U/s DORIGANJ, CHAPRA",7.72
2025,2,February,2,Bihar,10162,"U/s DORIGANJ, CHAPRA",7.58
2025,3,March,1,Bihar,10162,"U/s DORIGANJ, CHAPRA",8.15
2025,3,March,2,Bihar,10162,"U/s DORIGANJ, CHAPRA",8.06
2025,4,April,1,Bihar,10162,"U/s DORIGANJ, CHAPRA",7.79
2025,4,April,2,Bihar,10162,"U/s DORIGANJ, CHAPRA",7.27
2025,5,May,1,Bihar,10162,"U/s DORIGANJ, CHAPRA",7.33
2025,5,May,2,Bihar,10162,"U/s DORIGANJ, CHAPRA",7.81
2025,6,June,1,Bihar,10162,"U/s DORIGANJ, CHAPRA",7.75
2025,6,June,2,Bihar,10162,"U/s DORIGANJ, CHAPRA",7.71
2025,7,July,1,Bihar,10162,"U/s DORIGANJ, CHAPRA",7.33
2025,7,July,2,Bihar,10162,"U/s DORIGANJ, CHAPRA",7.48
2025,8,August,1,Bihar,10162,"U/s DORIGANJ, CHAPRA",7.81
2025,8,August,2,Bihar,10162,"U/s DORIGANJ, CHAPRA",7.3
2025,9,September,1,Bihar,10162,"U/s DORIGANJ, CHAPRA",7.52
2025,9,September,2,Bihar,10162,"U/s DORIGANJ, CHAPRA",7.36
2025,10,October,1,Bihar,10162,"U/s DORIGANJ, CHAPRA",7.9
2025,10,October,2,Bihar,10162,"U/s DORIGANJ, CHAPRA",7.7
2025,11,November,1,Bihar,10162,"U/s DORIGANJ, CHAPRA",8.12
2025,11,November,2,Bihar,10162,"U/s DORIGANJ, CHAPRA",7.65
2025,12,December,1,Bihar,10162,"U/s DORIGANJ, CHAPRA",7.86
2025,12,December,2,Bihar,10162,"U/s DORIGANJ, CHAPRA",7.74
2025,1,January,1,Bihar,2564,"BALUGHAT, DORIGANJ, SARAN",7.95
2025,1,January,2,Bihar,2564,"BALUGHAT, DORIGANJ, SARAN",7.43
2025,2,February,1,Bihar,2564,"BALUGHAT, DORIGANJ, SARAN",7.89
2025,2,February,2,Bihar,2564,"BALUGHAT, DORIGANJ, SARAN",7.52
2025,3,March,1,Bihar,2564,"BALUGHAT, DORIGANJ, SARAN",8.21
2025,3,March,2,Bihar,2564,"BALUGHAT, DORIGANJ, SARAN",8.22
2025,4,April,1,Bihar,2564,"BALUGHAT, DORIGANJ, SARAN",7.82
2025,4,April,2,Bihar,2564,"BALUGHAT, DORIGANJ, SARAN",7.36
2025,5,May,1,Bihar,2564,"BALUGHAT, DORIGANJ, SARAN",7.41
2025,5,May,2,Bihar,2564,"BALUGHAT, DORIGANJ, SARAN",7.67
2025,6,June,1,Bihar,2564,"BALUGHAT, DORIGANJ, SARAN",7.77
2025,6,June,2,Bihar,2564,"BALUGHAT, DORIGANJ, SARAN",7.69
2025,7,July,1,Bihar,2564,"BALUGHAT, DORIGANJ, SARAN",7.46
2025,7,July,2,Bihar,2564,"BALUGHAT, DORIGANJ, SARAN",7.4
2025,8,August,1,Bihar,2564,"BALUGHAT, DORIGANJ, SARAN",7.57
2025,8,August,2,Bihar,2564,"BALUGHAT, DORIGANJ, SARAN",7.41
2025,9,September,1,Bihar,2564,"BALUGHAT, DORIGANJ, SARAN",7.49
2025,9,September,2,Bihar,2564,"BALUGHAT, DORIGANJ, SARAN",7.59
2025,10,October,1,Bihar,2564,"BALUGHAT, DORIGANJ, SARAN",7.72
2025,10,October,2,Bihar,2564,"BALUGHAT, DORIGANJ, SARAN",7.45
2025,11,November,1,Bihar,2564,"BALUGHAT, DORIGANJ, SARAN",8.23
2025,11,November,2,Bihar,2564,"BALUGHAT, DORIGANJ, SARAN",7.61
2025,12,December,1,Bihar,2564,"BALUGHAT, DORIGANJ, SARAN",7.92
2025,12,December,2,Bihar,2564,"BALUGHAT, DORIGANJ, SARAN",7.69
2025,1,January,1,Bihar,10114,DORIGANJ D/S (SARAN),7.55
2025,1,January,2,Bihar,10114,DORIGANJ D/S (SARAN),7.36
2025,2,February,1,Bihar,10114,DORIGANJ D/S (SARAN),7.88
2025,2,February,2,Bihar,10114,DORIGANJ D/S (SARAN),7.41
2025,3,March,1,Bihar,10114,DORIGANJ D/S (SARAN),7.86
2025,3,March,2,Bihar,10114,DORIGANJ D/S (SARAN),7.97
2025,4,April,1,Bihar,10114,DORIGANJ D/S (SARAN),7.75
2025,4,April,2,Bihar,10114,DORIGANJ D/S (SARAN),7.47
2025,5,May,1,Bihar,10114,DORIGANJ D/S (SARAN),7.36
2025,5,May,2,Bihar,10114,DORIGANJ D/S (SARAN),7.88
2025,6,June,1,Bihar,10114,DORIGANJ D/S (SARAN),7.47
2025,6,June,2,Bihar,10114,DORIGANJ D/S (SARAN),7.52
2025,7,July,1,Bihar,10114,DORIGANJ D/S (SARAN),7.35
2025,7,July,2,Bihar,10114,DORIGANJ D/S (SARAN),7.46
2025,8,August,1,Bihar,10114,DORIGANJ D/S (SARAN),7.85
2025,8,August,2,Bihar,10114,DORIGANJ D/S (SARAN),7.38
2025,9,September,1,Bihar,10114,DORIGANJ D/S (SARAN),7.36
2025,9,September,2,Bihar,10114,DORIGANJ D/S (SARAN),7.54
2025,10,October,1,Bihar,10114,DORIGANJ D/S (SARAN),7.81
2025,10,October,2,Bihar,10114,DORIGANJ D/S (SARAN),7.48
2025,11,November,1,Bihar,10114,DORIGANJ D/S (SARAN),7.81
2025,11,November,2,Bihar,10114,DORIGANJ D/S (SARAN),7.41
2025,12,December,1,Bihar,10114,DORIGANJ D/S (SARAN),7.85
2025,12,December,2,Bihar,10114,DORIGANJ D/S (SARAN),7.62
2025,1,January,1,Bihar,3114,"DANAPUR, NEAR PIPAPUL",7.24
2025,1,January,2,Bihar,3114,"DANAPUR, NEAR PIPAPUL",7.84
2025,2,February,1,Bihar,3114,"DANAPUR, NEAR PIPAPUL",7.28
2025,2,February,2,Bihar,3114,"DANAPUR, NEAR PIPAPUL",8.23
2025,3,March,1,Bihar,3114,"DANAPUR, NEAR PIPAPUL",8.2
2025,3,March,2,Bihar,3114,"DANAPUR, NEAR PIPAPUL",7.82
2025,4,April,1,Bihar,3114,"DANAPUR, NEAR PIPAPUL",7.93
2025,4,April,2,Bihar,3114,"DANAPUR, NEAR PIPAPUL",8.05
2025,5,May,1,Bihar,3114,"DANAPUR, NEAR PIPAPUL",7.63
2025,5,May,2,Bihar,3114,"DANAPUR, NEAR PIPAPUL",7.81
2025,6,June,1,Bihar,3114,"DANAPUR, NEAR PIPAPUL",7.85
2025,6,June,2,Bihar,3114,"DANAPUR, NEAR PIPAPUL",7.73
2025,7,July,1,Bihar,3114,"DANAPUR, NEAR PIPAPUL",7.71
2025,8,August,1,Bihar,3114,"DANAPUR, NEAR PIPAPUL",7.75
2025,8,August,2,Bihar,3114,"DANAPUR, NEAR PIPAPUL",7.36
2025,9,September,1,Bihar,3114,"DANAPUR, NEAR PIPAPUL",7.87
2025,9,September,2,Bihar,3114,"DANAPUR, NEAR PIPAPUL",7.29
2025,10,October,1,Bihar,3114,"DANAPUR, NEAR PIPAPUL",7.63
2025,10,October,2,Bihar,3114,"DANAPUR, NEAR PIPAPUL",7.63
2025,11,November,1,Bihar,3114,"DANAPUR, NEAR PIPAPUL",7.99
2025,11,November,2,Bihar,3114,"DANAPUR, NEAR PIPAPUL",7.89
2025,12,December,1,Bihar,3114,"DANAPUR, NEAR PIPAPUL",8.01
2025,12,December,2,Bihar,3114,"DANAPUR, NEAR PIPAPUL",7.37
2025,1,January,1,Bihar,1077,"KURJI AT DIGHA GHAT, U/S PATNA",7.45
2025,1,January,2,Bihar,1077,"KURJI AT DIGHA GHAT, U/S PATNA",7.89
2025,2,February,1,Bihar,1077,"KURJI AT DIGHA GHAT, U/S PATNA",7.31
2025,2,February,2,Bihar,1077,"KURJI AT DIGHA GHAT, U/S PATNA",8.16
2025,3,March,1,Bihar,1077,"KURJI AT DIGHA GHAT, U/S PATNA",7.9
2025,3,March,2,Bihar,1077,"KURJI AT DIGHA GHAT, U/S PATNA",7.88
2025,4,April,1,Bihar,1077,"KURJI AT DIGHA GHAT, U/S PATNA",7.83
2025,4,April,2,Bihar,1077,"KURJI AT DIGHA GHAT, U/S PATNA",8.2
2025,5,May,1,Bihar,1077,"KURJI AT DIGHA GHAT, U/S PATNA",7.78
2025,5,May,2,Bihar,1077,"KURJI AT DIGHA GHAT, U/S PATNA",7.84
2025,6,June,1,Bihar,1077,"KURJI AT DIGHA GHAT, U/S PATNA",7.8
2025,6,June,2,Bihar,1077,"KURJI AT DIGHA GHAT, U/S PATNA",7.8
2025,7,July,1,Bihar,1077,"KURJI AT DIGHA GHAT, U/S PATNA",7.5
2025,7,July,2,Bihar,1077,"KURJI AT DIGHA GHAT, U/S PATNA",7.78
2025,8,August,1,Bihar,1077,"KURJI AT DIGHA GHAT, U/S PATNA",7.62
2025,8,August,2,Bihar,1077,"KURJI AT DIGHA GHAT, U/S PATNA",7.45
2025,9,September,1,Bihar,1077,"KURJI AT DIGHA GHAT, U/S PATNA",7.81
2025,9,September,2,Bihar,1077,"KURJI AT DIGHA GHAT, U/S PATNA",7.33
2025,10,October,1,Bihar,1077,"KURJI AT DIGHA GHAT, U/S PATNA",7.58
2025,10,October,2,Bihar,1077,"KURJI AT DIGHA GHAT, U/S PATNA",7.58
2025,11,November,1,Bihar,1077,"KURJI AT DIGHA GHAT, U/S PATNA",7.52
2025,11,November,2,Bihar,1077,"KURJI AT DIGHA GHAT, U/S PATNA",8.0
2025,12,December,1,Bihar,1077,"KURJI AT DIGHA GHAT, U/S PATNA",8.1
2025,12,December,2,Bihar,1077,"KURJI AT DIGHA GHAT, U/S PATNA",7.51
2025,1,January,1,Bihar,2552,NIT GHANDHI GHAT ( PATNA),7.31
2025,1,January,2,Bihar,2552,NIT GHANDHI GHAT ( PATNA),7.92
2025,2,February,1,Bihar,2552,NIT GHANDHI GHAT ( PATNA),7.22
2025,2,February,2,Bihar,2552,NIT GHANDHI GHAT ( PATNA),8.08
2025,3,March,1,Bihar,2552,NIT GHANDHI GHAT ( PATNA),7.93
2025,3,March,2,Bihar,2552,NIT GHANDHI GHAT ( PATNA),7.84
2025,4,April,1,Bihar,2552,NIT GHANDHI GHAT ( PATNA),7.85
2025,4,April,2,Bihar,2552,NIT GHANDHI GHAT ( PATNA),8.07
2025,5,May,1,Bihar,2552,NIT GHANDHI GHAT ( PATNA),7.59
2025,5,May,2,Bihar,2552,NIT GHANDHI GHAT ( PATNA),7.26
2025,6,June,1,Bihar,2552,NIT GHANDHI GHAT ( PATNA),7.52
2025,6,June,2,Bihar,2552,NIT GHANDHI GHAT ( PATNA),7.84
2025,7,July,1,Bihar,2552,NIT GHANDHI GHAT ( PATNA),7.46
2025,7,July,2,Bihar,2552,NIT GHANDHI GHAT ( PATNA),7.91
2025,8,August,1,Bihar,2552,NIT GHANDHI GHAT ( PATNA),7.68
2025,8,August,2,Bihar,2552,NIT GHANDHI GHAT ( PATNA),7.64
2025,9,September,1,Bihar,2552,NIT GHANDHI GHAT ( PATNA),7.74
2025,9,September,2,Bihar,2552,NIT GHANDHI GHAT ( PATNA),7.59
2025,10,October,1,Bihar,2552,NIT GHANDHI GHAT ( PATNA),7.7
2025,10,October,2,Bihar,2552,NIT GHANDHI GHAT ( PATNA),7.7
2025,11,November,1,Bihar,2552,NIT GHANDHI GHAT ( PATNA),7.82
2025,11,November,2,Bihar,2552,NIT GHANDHI GHAT ( PATNA),7.29
2025,12,December,1,Bihar,2552,NIT GHANDHI GHAT ( PATNA),7.22
2025,12,December,2,Bihar,2552,NIT GHANDHI GHAT ( PATNA),7.48
2025,1,January,1,Bihar,10115,GULBI GHAT (PATNA),7.38
2025,1,January,2,Bihar,10115,GULBI GHAT (PATNA),7.88
2025,2,February,1,Bihar,10115,GULBI GHAT (PATNA),7.41
2025,2,February,2,Bihar,10115,GULBI GHAT (PATNA),8.16
2025,3,March,1,Bihar,10115,GULBI GHAT (PATNA),7.82
2025,3,March,2,Bihar,10115,GULBI GHAT (PATNA),7.7
2025,4,April,1,Bihar,10115,GULBI GHAT (PATNA),7.81
2025,4,April,2,Bihar,10115,GULBI GHAT (PATNA),8.12
2025,5,May,1,Bihar,10115,GULBI GHAT (PATNA),7.61
2025,5,May,2,Bihar,10115,GULBI GHAT (PATNA),7.92
2025,6,June,1,Bihar,10115,GULBI GHAT (PATNA),7.73
2025,6,June,2,Bihar,10115,GULBI GHAT (PATNA),7.94
2025,7,July,1,Bihar,10115,GULBI GHAT (PATNA),7.63
2025,7,July,2,Bihar,10115,GULBI GHAT (PATNA),7.66
2025,8,August,1,Bihar,10115,GULBI GHAT (PATNA),7.54
2025,8,August,2,Bihar,10115,GULBI GHAT (PATNA),7.72
2025,9,September,1,Bihar,10115,GULBI GHAT (PATNA),7.85
2025,9,September,2,Bihar,10115,GULBI GHAT (PATNA),7.64
2025,10,October,1,Bihar,10115,GULBI GHAT (PATNA),7.64
2025,10,October,2,Bihar,10115,GULBI GHAT (PATNA),7.64
2025,11,November,1,Bihar,10115,GULBI GHAT (PATNA),7.5
2025,11,November,2,Bihar,10115,GULBI GHAT (PATNA),7.41
2025,12,December,1,Bihar,10115,GULBI GHAT (PATNA),8.01
2025,12,December,2,Bihar,10115,GULBI GHAT (PATNA),7.42
2025,1,January,1,Bihar,1079,PATNA D/S (GANGA BRIDGE),7.29
2025,1,January,2,Bihar,1079,PATNA D/S (GANGA BRIDGE),7.74
2025,2,February,1,Bihar,1079,PATNA D/S (GANGA BRIDGE),7.35
2025,2,February,2,Bihar,1079,PATNA D/S (GANGA BRIDGE),8.15
2025,3,March,1,Bihar,1079,PATNA D/S (GANGA BRIDGE),7.9
2025,3,March,2,Bihar,1079,PATNA D/S (GANGA BRIDGE),7.89
2025,4,April,1,Bihar,1079,PATNA D/S (GANGA BRIDGE),7.99
2025,4,April,2,Bihar,1079,PATNA D/S (GANGA BRIDGE),8.13
2025,5,May,1,Bihar,1079,PATNA D/S (GANGA BRIDGE),7.81
2025,5,May,2,Bihar,1079,PATNA D/S (GANGA BRIDGE),7.98
2025,6,June,1,Bihar,1079,PATNA D/S (GANGA BRIDGE),7.72
2025,6,June,2,Bihar,1079,PATNA D/S (GANGA BRIDGE),7.95
2025,7,July,1,Bihar,1079,PATNA D/S (GANGA BRIDGE),7.72
2025,7,July,2,Bihar,1079,PATNA D/S (GANGA BRIDGE),7.68
2025,8,August,1,Bihar,1079,PATNA D/S (GANGA BRIDGE),7.71
2025,8,August,2,Bihar,1079,PATNA D/S (GANGA BRIDGE),7.79
2025,9,September,1,Bihar,1079,PATNA D/S (GANGA BRIDGE),7.92
2025,9,September,2,Bihar,1079,PATNA D/S (GANGA BRIDGE),7.53
2025,10,October,1,Bihar,1079,PATNA D/S (GANGA BRIDGE),7.56
2025,10,October,2,Bihar,1079,PATNA D/S (GANGA BRIDGE),7.56
2025,11,November,1,Bihar,1079,PATNA D/S (GANGA BRIDGE),7.81
2025,11,November,2,Bihar,1079,PATNA D/S (GANGA BRIDGE),7.84
2025,12,December,1,Bihar,1079,PATNA D/S (GANGA BRIDGE),8.06
2025,12,December,2,Bihar,1079,PATNA D/S (GANGA BRIDGE),7.31
2025,1,January,1,Bihar,3122,MALSALAMI (PATNA),7.43
2025,1,January,2,Bihar,3122,MALSALAMI (PATNA),7.81
2025,2,February,1,Bihar,3122,MALSALAMI (PATNA),7.38
2025,2,February,2,Bihar,3122,MALSALAMI (PATNA),8.16
2025,3,March,1,Bihar,3122,MALSALAMI (PATNA),7.94
2025,3,March,2,Bihar,3122,MALSALAMI (PATNA),7.64
2025,4,April,1,Bihar,3122,MALSALAMI (PATNA),7.87
2025,4,April,2,Bihar,3122,MALSALAMI (PATNA),7.86
2025,5,May,1,Bihar,3122,MALSALAMI (PATNA),7.66
2025,5,May,2,Bihar,3122,MALSALAMI (PATNA),7.87
2025,6,June,1,Bihar,3122,MALSALAMI (PATNA),7.48
2025,6,June,2,Bihar,3122,MALSALAMI (PATNA),7.7
2025,7,July,1,Bihar,3122,MALSALAMI (PATNA),7.48
2025,7,July,2,Bihar,3122,MALSALAMI (PATNA),7.66
2025,8,August,1,Bihar,3122,MALSALAMI (PATNA),7.58
2025,8,August,2,Bihar,3122,MALSALAMI (PATNA),7.63
2025,9,September,1,Bihar,3122,MALSALAMI (PATNA),7.88
2025,9,September,2,Bihar,3122,MALSALAMI (PATNA),7.76
2025,10,October,1,Bihar,3122,MALSALAMI (PATNA),7.7
2025,10,October,2,Bihar,3122,MALSALAMI (PATNA),7.82
2025,11,November,1,Bihar,3122,MALSALAMI (PATNA),7.65
2025,11,November,2,Bihar,3122,MALSALAMI (PATNA),8.06
2025,12,December,1,Bihar,3122,MALSALAMI (PATNA),7.32
2025,12,December,2,Bihar,3122,MALSALAMI (PATNA),7.42
2025,1,January,1,Bihar,4297," BIDUPUR ROAD BRIDGE, PATNA",7.39
2025,1,January,2,Bihar,4297," BIDUPUR ROAD BRIDGE, PATNA",7.85
2025,2,February,1,Bihar,4297," BIDUPUR ROAD BRIDGE, PATNA",7.24
2025,2,February,2,Bihar,4297," BIDUPUR ROAD BRIDGE, PATNA",8.22
2025,3,March,1,Bihar,4297," BIDUPUR ROAD BRIDGE, PATNA",7.81
2025,3,March,2,Bihar,4297," BIDUPUR ROAD BRIDGE, PATNA",7.9
2025,4,April,1,Bihar,4297," BIDUPUR ROAD BRIDGE, PATNA",7.93
2025,4,April,2,Bihar,4297," BIDUPUR ROAD BRIDGE, PATNA",8.23
2025,5,May,1,Bihar,4297," BIDUPUR ROAD BRIDGE, PATNA",7.91
2025,5,May,2,Bihar,4297," BIDUPUR ROAD BRIDGE, PATNA",7.95
2025,6,June,1,Bihar,4297," BIDUPUR ROAD BRIDGE, PATNA",7.34
2025,6,June,2,Bihar,4297," BIDUPUR ROAD BRIDGE, PATNA",7.8
2025,7,July,1,Bihar,4297," BIDUPUR ROAD BRIDGE, PATNA",7.64
2025,7,July,2,Bihar,4297," BIDUPUR ROAD BRIDGE, PATNA",7.82
2025,8,August,1,Bihar,4297," BIDUPUR ROAD BRIDGE, PATNA",8.12
2025,8,August,2,Bihar,4297," BIDUPUR ROAD BRIDGE, PATNA",7.98
2025,9,September,1,Bihar,4297," BIDUPUR ROAD BRIDGE, PATNA",7.92
2025,9,September,2,Bihar,4297," BIDUPUR ROAD BRIDGE, PATNA",7.92
2025,10,October,1,Bihar,4297," BIDUPUR ROAD BRIDGE, PATNA",7.58
2025,10,October,2,Bihar,4297," BIDUPUR ROAD BRIDGE, PATNA",7.58
2025,11,November,1,Bihar,4297," BIDUPUR ROAD BRIDGE, PATNA",7.84
2025,11,November,2,Bihar,4297," BIDUPUR ROAD BRIDGE, PATNA",7.91
2025,12,December,1,Bihar,4297," BIDUPUR ROAD BRIDGE, PATNA",8.08
2025,12,December,2,Bihar,4297," BIDUPUR ROAD BRIDGE, PATNA",7.53
2025,1,January,1,Bihar,10122,"TRIVENI GHAT, B/c OF RIVER PUNPUN",7.2
2025,1,January,2,Bihar,10122,"TRIVENI GHAT, B/c OF RIVER PUNPUN",7.85
2025,2,February,1,Bihar,10122,"TRIVENI GHAT, B/c OF RIVER PUNPUN",7.44
2025,2,February,2,Bihar,10122,"TRIVENI GHAT, B/c OF RIVER PUNPUN",8.22
2025,3,March,1,Bihar,10122,"TRIVENI GHAT, B/c OF RIVER PUNPUN",7.93
2025,3,March,2,Bihar,10122,"TRIVENI GHAT, B/c OF RIVER PUNPUN",7.93
2025,4,April,1,Bihar,10122,"TRIVENI GHAT, B/c OF RIVER PUNPUN",7.92
2025,4,April,2,Bihar,10122,"TRIVENI GHAT, B/c OF RIVER PUNPUN",8.2
2025,5,May,1,Bihar,10122,"TRIVENI GHAT, B/c OF RIVER PUNPUN",7.62
2025,5,May,2,Bihar,10122,"TRIVENI GHAT, B/c OF RIVER PUNPUN",8.01
2025,6,June,1,Bihar,10122,"TRIVENI GHAT, B/c OF RIVER PUNPUN",7.7
2025,6,June,2,Bihar,10122,"TRIVENI GHAT, B/c OF RIVER PUNPUN",7.94
2025,7,July,1,Bihar,10122,"TRIVENI GHAT, B/c OF RIVER PUNPUN",7.4
2025,7,July,2,Bihar,10122,"TRIVENI GHAT, B/c OF RIVER PUNPUN",7.72
2025,8,August,1,Bihar,10122,"TRIVENI GHAT, B/c OF RIVER PUNPUN",7.77
2025,8,August,2,Bihar,10122,"TRIVENI GHAT, B/c OF RIVER PUNPUN",7.53
2025,9,September,1,Bihar,10122,"TRIVENI GHAT, B/c OF RIVER PUNPUN",7.9
2025,9,September,2,Bihar,10122,"TRIVENI GHAT, B/c OF RIVER PUNPUN",7.47
2025,10,October,1,Bihar,10122,"TRIVENI GHAT, B/c OF RIVER PUNPUN",7.79
2025,10,October,2,Bihar,10122,"TRIVENI GHAT, B/c OF RIVER PUNPUN",7.79
2025,11,November,1,Bihar,10122,"TRIVENI GHAT, B/c OF RIVER PUNPUN",7.96
2025,11,November,2,Bihar,10122,"TRIVENI GHAT, B/c OF RIVER PUNPUN",7.81
2025,12,December,1,Bihar,10122,"TRIVENI GHAT, B/c OF RIVER PUNPUN",8.07
2025,12,December,2,Bihar,10122,"TRIVENI GHAT, B/c OF RIVER PUNPUN",7.61
2025,1,January,1,Bihar,2553,"FATUHA, A/c OF RIVER PUNPUN",7.36
2025,1,January,2,Bihar,2553,"FATUHA, A/c OF RIVER PUNPUN",7.96
2025,2,February,1,Bihar,2553,"FATUHA, A/c OF RIVER PUNPUN",7.25
2025,2,February,2,Bihar,2553,"FATUHA, A/c OF RIVER PUNPUN",7.84
2025,3,March,1,Bihar,2553,"FATUHA, A/c OF RIVER PUNPUN",8.0
2025,3,March,2,Bihar,2553,"FATUHA, A/c OF RIVER PUNPUN",7.97
2025,4,April,1,Bihar,2553,"FATUHA, A/c OF RIVER PUNPUN",7.9
2025,4,April,2,Bihar,2553,"FATUHA, A/c OF RIVER PUNPUN",8.23
2025,5,May,1,Bihar,2553,"FATUHA, A/c OF RIVER PUNPUN",8.08
2025,6,June,1,Bihar,2553,"FATUHA, A/c OF RIVER PUNPUN",7.78
2025,6,June,2,Bihar,2553,"FATUHA, A/c OF RIVER PUNPUN",7.53
2025,7,July,1,Bihar,2553,"FATUHA, A/c OF RIVER PUNPUN",7.68
2025,7,July,2,Bihar,2553,"FATUHA, A/c OF RIVER PUNPUN",7.77
2025,8,August,1,Bihar,2553,"FATUHA, A/c OF RIVER PUNPUN",7.62
2025,8,August,2,Bihar,2553,"FATUHA, A/c OF RIVER PUNPUN",7.68
2025,9,September,1,Bihar,2553,"FATUHA, A/c OF RIVER PUNPUN",7.8
2025,9,September,2,Bihar,2553,"FATUHA, A/c OF RIVER PUNPUN",7.66
2025,10,October,1,Bihar,2553,"FATUHA, A/c OF RIVER PUNPUN",7.51
2025,10,October,2,Bihar,2553,"FATUHA, A/c OF RIVER PUNPUN",7.61
2025,11,November,1,Bihar,2553,"FATUHA, A/c OF RIVER PUNPUN",7.75
2025,11,November,2,Bihar,2553,"FATUHA, A/c OF RIVER PUNPUN",7.71
2025,12,December,1,Bihar,2553,"FATUHA, A/c OF RIVER PUNPUN",7.68
2025,12,December,2,Bihar,2553,"FATUHA, A/c OF RIVER PUNPUN",7.46
2025,1,January,1,Bihar,4301,BAKHYIYARPUR TAJPUR BRIDGE  PATNA,7.65
2025,1,January,2,Bihar,4301,BAKHYIYARPUR TAJPUR BRIDGE  PATNA,7.93
2025,2,February,1,Bihar,4301,BAKHYIYARPUR TAJPUR BRIDGE  PATNA,7.74
2025,2,February,2,Bihar,4301,BAKHYIYARPUR TAJPUR BRIDGE  PATNA,7.79
2025,3,March,1,Bihar,4301,BAKHYIYARPUR TAJPUR BRIDGE  PATNA,7.95
2025,3,March,2,Bihar,4301,BAKHYIYARPUR TAJPUR BRIDGE  PATNA,7.49
2025,4,April,1,Bihar,4301,BAKHYIYARPUR TAJPUR BRIDGE  PATNA,7.34
2025,4,April,2,Bihar,4301,BAKHYIYARPUR TAJPUR BRIDGE  PATNA,7.42
2025,5,May,1,Bihar,4301,BAKHYIYARPUR TAJPUR BRIDGE  PATNA,7.75
2025,5,May,2,Bihar,4301,BAKHYIYARPUR TAJPUR BRIDGE  PATNA,7.87
2025,6,June,1,Bihar,4301,BAKHYIYARPUR TAJPUR BRIDGE  PATNA,7.63
2025,6,June,2,Bihar,4301,BAKHYIYARPUR TAJPUR BRIDGE  PATNA,7.81
2025,7,July,1,Bihar,4301,BAKHYIYARPUR TAJPUR BRIDGE  PATNA,7.75
2025,7,July,2,Bihar,4301,BAKHYIYARPUR TAJPUR BRIDGE  PATNA,7.4
2025,8,August,1,Bihar,4301,BAKHYIYARPUR TAJPUR BRIDGE  PATNA,7.64
2025,8,August,2,Bihar,4301,BAKHYIYARPUR TAJPUR BRIDGE  PATNA,7.78
2025,9,September,1,Bihar,4301,BAKHYIYARPUR TAJPUR BRIDGE  PATNA,7.62
2025,9,September,2,Bihar,4301,BAKHYIYARPUR TAJPUR BRIDGE  PATNA,7.72
2025,10,October,1,Bihar,4301,BAKHYIYARPUR TAJPUR BRIDGE  PATNA,7.57
2025,10,October,2,Bihar,4301,BAKHYIYARPUR TAJPUR BRIDGE  PATNA,7.57
2025,11,November,1,Bihar,4301,BAKHYIYARPUR TAJPUR BRIDGE  PATNA,7.61
2025,11,November,2,Bihar,4301,BAKHYIYARPUR TAJPUR BRIDGE  PATNA,7.81
2025,12,December,1,Bihar,4301,BAKHYIYARPUR TAJPUR BRIDGE  PATNA,7.58
2025,12,December,2,Bihar,4301,BAKHYIYARPUR TAJPUR BRIDGE  PATNA,7.87
2025,1,January,1,Bihar,3115,"BARH, NEAR UMANATH TEMPLE ",7.7
2025,1,January,2,Bihar,3115,"BARH, NEAR UMANATH TEMPLE ",7.95
2025,2,February,1,Bihar,3115,"BARH, NEAR UMANATH TEMPLE ",7.81
2025,2,February,2,Bihar,3115,"BARH, NEAR UMANATH TEMPLE ",7.89
2025,3,March,1,Bihar,3115,"BARH, NEAR UMANATH TEMPLE ",7.84
2025,3,March,2,Bihar,3115,"BARH, NEAR UMANATH TEMPLE ",7.57
2025,4,April,1,Bihar,3115,"BARH, NEAR UMANATH TEMPLE ",7.28
2025,4,April,2,Bihar,3115,"BARH, NEAR UMANATH TEMPLE ",7.51
2025,5,May,1,Bihar,3115,"BARH, NEAR UMANATH TEMPLE ",7.8
2025,5,May,2,Bihar,3115,"BARH, NEAR UMANATH TEMPLE ",7.71
2025,6,June,1,Bihar,3115,"BARH, NEAR UMANATH TEMPLE ",7.6
2025,6,June,2,Bihar,3115,"BARH, NEAR UMANATH TEMPLE ",7.42
2025,7,July,1,Bihar,3115,"BARH, NEAR UMANATH TEMPLE ",7.62
2025,7,July,2,Bihar,3115,"BARH, NEAR UMANATH TEMPLE ",7.7
2025,8,August,1,Bihar,3115,"BARH, NEAR UMANATH TEMPLE ",7.72
2025,8,August,2,Bihar,3115,"BARH, NEAR UMANATH TEMPLE ",7.74
2025,9,September,1,Bihar,3115,"BARH, NEAR UMANATH TEMPLE ",7.71
2025,9,September,2,Bihar,3115,"BARH, NEAR UMANATH TEMPLE ",7.73
2025,10,October,1,Bihar,3115,"BARH, NEAR UMANATH TEMPLE ",7.61
2025,10,October,2,Bihar,3115,"BARH, NEAR UMANATH TEMPLE ",7.61
2025,11,November,1,Bihar,3115,"BARH, NEAR UMANATH TEMPLE ",7.68
2025,11,November,2,Bihar,3115,"BARH, NEAR UMANATH TEMPLE ",7.96
2025,12,December,1,Bihar,3115,"BARH, NEAR UMANATH TEMPLE ",7.45
2025,12,December,2,Bihar,3115,"BARH, NEAR UMANATH TEMPLE ",8.0
2025,1,January,1,Bihar,10130, U/S OF M/S NTPC BARH,7.69
2025,1,January,2,Bihar,10130, U/S OF M/S NTPC BARH,7.81
2025,2,February,1,Bihar,10130, U/S OF M/S NTPC BARH,7.78
2025,2,February,2,Bihar,10130, U/S OF M/S NTPC BARH,7.69
2025,3,March,1,Bihar,10130, U/S OF M/S NTPC BARH,8.2
2025,3,March,2,Bihar,10130, U/S OF M/S NTPC BARH,7.96
2025,4,April,1,Bihar,10130, U/S OF M/S NTPC BARH,7.39
2025,4,April,2,Bihar,10130, U/S OF M/S NTPC BARH,7.83
2025,5,May,1,Bihar,10130, U/S OF M/S NTPC BARH,7.84
2025,5,May,2,Bihar,10130, U/S OF M/S NTPC BARH,7.68
2025,6,June,1,Bihar,10130, U/S OF M/S NTPC BARH,7.68
2025,6,June,2,Bihar,10130, U/S OF M/S NTPC BARH,7.44
2025,7,July,1,Bihar,10130, U/S OF M/S NTPC BARH,7.46
2025,7,July,2,Bihar,10130, U/S OF M/S NTPC BARH,7.68
2025,8,August,1,Bihar,10130, U/S OF M/S NTPC BARH,7.59
2025,8,August,2,Bihar,10130, U/S OF M/S NTPC BARH,7.64
2025,9,September,1,Bihar,10130, U/S OF M/S NTPC BARH,7.62
2025,9,September,2,Bihar,10130, U/S OF M/S NTPC BARH,7.78
2025,10,October,1,Bihar,10130, U/S OF M/S NTPC BARH,7.53
2025,10,October,2,Bihar,10130, U/S OF M/S NTPC BARH,7.53
2025,11,November,1,Bihar,10130, U/S OF M/S NTPC BARH,7.58
2025,11,November,2,Bihar,10130, U/S OF M/S NTPC BARH,7.8
2025,12,December,1,Bihar,10130, U/S OF M/S NTPC BARH,7.34
2025,12,December,2,Bihar,10130, U/S OF M/S NTPC BARH,7.98
2025,1,January,1,Bihar,10131," D/S OF M/S NTPC BINDTOLA, BARH",7.72
2025,1,January,2,Bihar,10131," D/S OF M/S NTPC BINDTOLA, BARH",8.02
2025,2,February,1,Bihar,10131," D/S OF M/S NTPC BINDTOLA, BARH",7.91
2025,2,February,2,Bihar,10131," D/S OF M/S NTPC BINDTOLA, BARH",7.99
2025,3,March,1,Bihar,10131," D/S OF M/S NTPC BINDTOLA, BARH",8.48
2025,3,March,2,Bihar,10131," D/S OF M/S NTPC BINDTOLA, BARH",7.77
2025,4,April,1,Bihar,10131," D/S OF M/S NTPC BINDTOLA, BARH",7.44
2025,4,April,2,Bihar,10131," D/S OF M/S NTPC BINDTOLA, BARH",7.77
2025,5,May,1,Bihar,10131," D/S OF M/S NTPC BINDTOLA, BARH",7.81
2025,5,May,2,Bihar,10131," D/S OF M/S NTPC BINDTOLA, BARH",7.69
2025,6,June,1,Bihar,10131," D/S OF M/S NTPC BINDTOLA, BARH",7.8
2025,6,June,2,Bihar,10131," D/S OF M/S NTPC BINDTOLA, BARH",8.12
2025,7,July,1,Bihar,10131," D/S OF M/S NTPC BINDTOLA, BARH",7.34
2025,7,July,2,Bihar,10131," D/S OF M/S NTPC BINDTOLA, BARH",7.43
2025,8,August,1,Bihar,10131," D/S OF M/S NTPC BINDTOLA, BARH",7.65
2025,8,August,2,Bihar,10131," D/S OF M/S NTPC BINDTOLA, BARH",7.6
2025,9,September,1,Bihar,10131," D/S OF M/S NTPC BINDTOLA, BARH",7.65
2025,9,September,2,Bihar,10131," D/S OF M/S NTPC BINDTOLA, BARH",7.74
2025,10,October,1,Bihar,10131," D/S OF M/S NTPC BINDTOLA, BARH",7.39
2025,10,October,2,Bihar,10131," D/S OF M/S NTPC BINDTOLA, BARH",7.59
2025,11,November,1,Bihar,10131," D/S OF M/S NTPC BINDTOLA, BARH",7.47
2025,11,November,2,Bihar,10131," D/S OF M/S NTPC BINDTOLA, BARH",7.89
2025,12,December,1,Bihar,10131," D/S OF M/S NTPC BINDTOLA, BARH",7.8
2025,12,December,2,Bihar,10131," D/S OF M/S NTPC BINDTOLA, BARH",7.97
2025,1,January,1,Bihar,1817,U/S MOKAMA,7.85
2025,1,January,2,Bihar,1817,U/S MOKAMA,8.4
2025,2,February,1,Bihar,1817,U/S MOKAMA,7.87
2025,2,February,2,Bihar,1817,U/S MOKAMA,7.82
2025,3,March,1,Bihar,1817,U/S MOKAMA,7.85
2025,3,March,2,Bihar,1817,U/S MOKAMA,7.83
2025,4,April,1,Bihar,1817,U/S MOKAMA,7.51
2025,4,April,2,Bihar,1817,U/S MOKAMA,7.86
2025,5,May,1,Bihar,1817,U/S MOKAMA,7.85
2025,5,May,2,Bihar,1817,U/S MOKAMA,7.6
2025,6,June,1,Bihar,1817,U/S MOKAMA,7.68
2025,6,June,2,Bihar,1817,U/S MOKAMA,7.82
2025,7,July,1,Bihar,1817,U/S MOKAMA,7.32
2025,7,July,2,Bihar,1817,U/S MOKAMA,7.45
2025,8,August,1,Bihar,1817,U/S MOKAMA,7.55
2025,8,August,2,Bihar,1817,U/S MOKAMA,7.61
2025,9,September,1,Bihar,1817,U/S MOKAMA,7.56
2025,9,September,2,Bihar,1817,U/S MOKAMA,7.7
2025,10,October,1,Bihar,1817,U/S MOKAMA,7.48
2025,10,October,2,Bihar,1817,U/S MOKAMA,7.48
2025,11,November,1,Bihar,1817,U/S MOKAMA,7.44
2025,11,November,2,Bihar,1817,U/S MOKAMA,7.8
2025,12,December,1,Bihar,1817,U/S MOKAMA,7.91
2025,12,December,2,Bihar,1817,U/S MOKAMA,7.34
2025,1,January,1,Bihar,1815,MOKAMA D/S ,7.74
2025,1,January,2,Bihar,1815,MOKAMA D/S ,8.26
2025,2,February,1,Bihar,1815,MOKAMA D/S ,7.78
2025,2,February,2,Bihar,1815,MOKAMA D/S ,7.81
2025,3,March,1,Bihar,1815,MOKAMA D/S ,8.26
2025,3,March,2,Bihar,1815,MOKAMA D/S ,7.89
2025,4,April,1,Bihar,1815,MOKAMA D/S ,7.31
2025,4,April,2,Bihar,1815,MOKAMA D/S ,7.78
2025,5,May,1,Bihar,1815,MOKAMA D/S ,7.82
2025,5,May,2,Bihar,1815,MOKAMA D/S ,7.65
2025,6,June,1,Bihar,1815,MOKAMA D/S ,7.81
2025,6,June,2,Bihar,1815,MOKAMA D/S ,7.64
2025,7,July,1,Bihar,1815,MOKAMA D/S ,7.47
2025,7,July,2,Bihar,1815,MOKAMA D/S ,7.39
2025,8,August,1,Bihar,1815,MOKAMA D/S ,7.43
2025,8,August,2,Bihar,1815,MOKAMA D/S ,7.79
2025,9,September,1,Bihar,1815,MOKAMA D/S ,7.46
2025,9,September,2,Bihar,1815,MOKAMA D/S ,7.78
2025,10,October,1,Bihar,1815,MOKAMA D/S ,7.58
2025,10,October,2,Bihar,1815,MOKAMA D/S ,7.5
2025,11,November,1,Bihar,1815,MOKAMA D/S ,7.49
2025,11,November,2,Bihar,1815,MOKAMA D/S ,7.61
2025,12,December,1,Bihar,1815,MOKAMA D/S ,7.8
2025,12,December,2,Bihar,1815,MOKAMA D/S ,7.48
2025,1,January,1,Bihar,3123,BARAHIA,7.97
2025,1,January,2,Bihar,3123,BARAHIA,8.3
2025,2,February,1,Bihar,3123,BARAHIA,7.91
2025,2,February,2,Bihar,3123,BARAHIA,7.68
2025,3,March,1,Bihar,3123,BARAHIA,8.11
2025,3,March,2,Bihar,3123,BARAHIA,7.97
2025,4,April,1,Bihar,3123,BARAHIA,7.48
2025,4,April,2,Bihar,3123,BARAHIA,7.92
2025,5,May,1,Bihar,3123,BARAHIA,7.72
2025,5,May,2,Bihar,3123,BARAHIA,7.84
2025,6,June,1,Bihar,3123,BARAHIA,7.72
2025,6,June,2,Bihar,3123,BARAHIA,7.94
2025,7,July,1,Bihar,3123,BARAHIA,7.42
2025,7,July,2,Bihar,3123,BARAHIA,7.08
2025,8,August,1,Bihar,3123,BARAHIA,7.72
2025,8,August,2,Bihar,3123,BARAHIA,7.89
2025,9,September,1,Bihar,3123,BARAHIA,7.75
2025,9,September,2,Bihar,3123,BARAHIA,7.81
2025,10,October,1,Bihar,3123,BARAHIA,7.62
2025,10,October,2,Bihar,3123,BARAHIA,7.68
2025,11,November,1,Bihar,3123,BARAHIA,7.62
2025,11,November,2,Bihar,3123,BARAHIA,7.81
2025,12,December,1,Bihar,3123,BARAHIA,7.96
2025,12,December,2,Bihar,3123,BARAHIA,7.59
2025,1,January,1,Bihar,3116,U/S MUNGER,7.89
2025,1,January,2,Bihar,3116,U/S MUNGER,7.81
2025,2,February,1,Bihar,3116,U/S MUNGER,7.58
2025,2,February,2,Bihar,3116,U/S MUNGER,7.27
2025,3,March,1,Bihar,3116,U/S MUNGER,8.24
2025,3,March,2,Bihar,3116,U/S MUNGER,8.48
2025,4,April,1,Bihar,3116,U/S MUNGER,7.55
2025,4,April,2,Bihar,3116,U/S MUNGER,7.69
2025,5,May,1,Bihar,3116,U/S MUNGER,7.65
2025,5,May,2,Bihar,3116,U/S MUNGER,7.34
2025,6,June,1,Bihar,3116,U/S MUNGER,7.97
2025,6,June,2,Bihar,3116,U/S MUNGER,7.75
2025,7,July,1,Bihar,3116,U/S MUNGER,7.59
2025,7,July,2,Bihar,3116,U/S MUNGER,7.32
2025,8,August,1,Bihar,3116,U/S MUNGER,7.48
2025,8,August,2,Bihar,3116,U/S MUNGER,7.52
2025,9,September,1,Bihar,3116,U/S MUNGER,8.1
2025,9,September,2,Bihar,3116,U/S MUNGER,7.67
2025,10,October,1,Bihar,3116,U/S MUNGER,7.9
2025,10,October,2,Bihar,3116,U/S MUNGER,7.53
2025,11,November,1,Bihar,3116,U/S MUNGER,7.47
2025,11,November,2,Bihar,3116,U/S MUNGER,7.92
2025,12,December,1,Bihar,3116,U/S MUNGER,7.84
2025,12,December,2,Bihar,3116,U/S MUNGER,7.36
2025,1,January,1,Bihar,1818,MUNGER D/S,7.81
2025,1,January,2,Bihar,1818,MUNGER D/S,7.6
2025,2,February,1,Bihar,1818,MUNGER D/S,7.62
2025,2,February,2,Bihar,1818,MUNGER D/S,7.41
2025,3,March,1,Bihar,1818,MUNGER D/S,8.25
2025,3,March,2,Bihar,1818,MUNGER D/S,8.33
2025,4,April,1,Bihar,1818,MUNGER D/S,7.52
2025,4,April,2,Bihar,1818,MUNGER D/S,7.62
2025,5,May,1,Bihar,1818,MUNGER D/S,7.57
2025,5,May,2,Bihar,1818,MUNGER D/S,7.42
2025,6,June,1,Bihar,1818,MUNGER D/S,7.99
2025,6,June,2,Bihar,1818,MUNGER D/S,7.71
2025,7,July,1,Bihar,1818,MUNGER D/S,7.54
2025,7,July,2,Bihar,1818,MUNGER D/S,7.44
2025,8,August,1,Bihar,1818,MUNGER D/S,7.52
2025,8,August,2,Bihar,1818,MUNGER D/S,7.48
2025,9,September,1,Bihar,1818,MUNGER D/S,7.92
2025,9,September,2,Bihar,1818,MUNGER D/S,7.58
2025,10,October,1,Bihar,1818,MUNGER D/S,7.98
2025,10,October,2,Bihar,1818,MUNGER D/S,7.88
2025,11,November,1,Bihar,1818,MUNGER D/S,7.51
2025,11,November,2,Bihar,1818,MUNGER D/S,7.77
2025,12,December,1,Bihar,1818,MUNGER D/S,7.55
2025,12,December,2,Bihar,1818,MUNGER D/S,7.34
2025,1,January,1,Bihar,3117,U/S SULTANGANJ,7.54
2025,1,January,2,Bihar,3117,U/S SULTANGANJ,7.32
2025,2,February,1,Bihar,3117,U/S SULTANGANJ,7.51
2025,2,February,2,Bihar,3117,U/S SULTANGANJ,7.29
2025,3,March,1,Bihar,3117,U/S SULTANGANJ,7.83
2025,3,March,2,Bihar,3117,U/S SULTANGANJ,8.06
2025,4,April,1,Bihar,3117,U/S SULTANGANJ,7.29
2025,4,April,2,Bihar,3117,U/S SULTANGANJ,7.35
2025,5,May,1,Bihar,3117,U/S SULTANGANJ,7.47
2025,5,May,2,Bihar,3117,U/S SULTANGANJ,7.38
2025,6,June,1,Bihar,3117,U/S SULTANGANJ,7.82
2025,6,June,2,Bihar,3117,U/S SULTANGANJ,7.7
2025,7,July,1,Bihar,3117,U/S SULTANGANJ,7.83
2025,7,July,2,Bihar,3117,U/S SULTANGANJ,7.38
2025,8,August,1,Bihar,3117,U/S SULTANGANJ,7.52
2025,8,August,2,Bihar,3117,U/S SULTANGANJ,7.32
2025,9,September,1,Bihar,3117,U/S SULTANGANJ,7.53
2025,10,October,1,Bihar,3117,U/S SULTANGANJ,7.61
2025,10,October,2,Bihar,3117,U/S SULTANGANJ,7.7
2025,11,November,1,Bihar,3117,U/S SULTANGANJ,7.65
2025,11,November,2,Bihar,3117,U/S SULTANGANJ,7.68
2025,12,December,1,Bihar,3117,U/S SULTANGANJ,7.85
2025,12,December,2,Bihar,3117,U/S SULTANGANJ,7.31
2025,1,January,1,Bihar,2554,SULTANGANJ (BHAGALPUR),7.58
2025,1,January,2,Bihar,2554,SULTANGANJ (BHAGALPUR),7.29
2025,2,February,1,Bihar,2554,SULTANGANJ (BHAGALPUR),7.43
2025,2,February,2,Bihar,2554,SULTANGANJ (BHAGALPUR),7.44
2025,3,March,1,Bihar,2554,SULTANGANJ (BHAGALPUR),7.9
2025,3,March,2,Bihar,2554,SULTANGANJ (BHAGALPUR),8.11
2025,4,April,1,Bihar,2554,SULTANGANJ (BHAGALPUR),7.35
2025,4,April,2,Bihar,2554,SULTANGANJ (BHAGALPUR),7.4
2025,5,May,1,Bihar,2554,SULTANGANJ (BHAGALPUR),7.52
2025,5,May,2,Bihar,2554,SULTANGANJ (BHAGALPUR),7.28
2025,6,June,1,Bihar,2554,SULTANGANJ (BHAGALPUR),7.86
2025,6,June,2,Bihar,2554,SULTANGANJ (BHAGALPUR),7.34
2025,7,July,1,Bihar,2554,SULTANGANJ (BHAGALPUR),7.85
2025,7,July,2,Bihar,2554,SULTANGANJ (BHAGALPUR),7.51
2025,8,August,1,Bihar,2554,SULTANGANJ (BHAGALPUR),7.69
2025,8,August,2,Bihar,2554,SULTANGANJ (BHAGALPUR),7.35
2025,9,September,1,Bihar,2554,SULTANGANJ (BHAGALPUR),7.47
2025,9,September,2,Bihar,2554,SULTANGANJ (BHAGALPUR),7.72
2025,10,October,1,Bihar,2554,SULTANGANJ (BHAGALPUR),7.75
2025,10,October,2,Bihar,2554,SULTANGANJ (BHAGALPUR),7.84
2025,11,November,1,Bihar,2554,SULTANGANJ (BHAGALPUR),7.37
2025,11,November,2,Bihar,2554,SULTANGANJ (BHAGALPUR),7.86
2025,12,December,1,Bihar,2554,SULTANGANJ (BHAGALPUR),7.86
2025,12,December,2,Bihar,2554,SULTANGANJ (BHAGALPUR),7.38
2025,1,January,1,Bihar,4398,"WATER INTAKE POINT, BHAGALPUR",7.54
2025,1,January,2,Bihar,4398,"WATER INTAKE POINT, BHAGALPUR",7.65
2025,2,February,1,Bihar,4398,"WATER INTAKE POINT, BHAGALPUR",7.41
2025,2,February,2,Bihar,4398,"WATER INTAKE POINT, BHAGALPUR",7.27
2025,3,March,1,Bihar,4398,"WATER INTAKE POINT, BHAGALPUR",7.73
2025,3,March,2,Bihar,4398,"WATER INTAKE POINT, BHAGALPUR",7.94
2025,4,April,1,Bihar,4398,"WATER INTAKE POINT, BHAGALPUR",7.38
2025,4,April,2,Bihar,4398,"WATER INTAKE POINT, BHAGALPUR",7.43
2025,5,May,1,Bihar,4398,"WATER INTAKE POINT, BHAGALPUR",7.49
2025,5,May,2,Bihar,4398,"WATER INTAKE POINT, BHAGALPUR",7.44
2025,6,June,1,Bihar,4398,"WATER INTAKE POINT, BHAGALPUR",7.7
2025,6,June,2,Bihar,4398,"WATER INTAKE POINT, BHAGALPUR",7.45
2025,7,July,1,Bihar,4398,"WATER INTAKE POINT, BHAGALPUR",7.65
2025,7,July,2,Bihar,4398,"WATER INTAKE POINT, BHAGALPUR",7.22
2025,8,August,1,Bihar,4398,"WATER INTAKE POINT, BHAGALPUR",7.44
2025,8,August,2,Bihar,4398,"WATER INTAKE POINT, BHAGALPUR",7.45
2025,9,September,1,Bihar,4398,"WATER INTAKE POINT, BHAGALPUR",7.74
2025,9,September,2,Bihar,4398,"WATER INTAKE POINT, BHAGALPUR",7.69
2025,10,October,1,Bihar,4398,"WATER INTAKE POINT, BHAGALPUR",7.54
2025,10,October,2,Bihar,4398,"WATER INTAKE POINT, BHAGALPUR",7.67
2025,11,November,1,Bihar,4398,"WATER INTAKE POINT, BHAGALPUR",7.41
2025,11,November,2,Bihar,4398,"WATER INTAKE POINT, BHAGALPUR",7.62
2025,12,December,1,Bihar,4398,"WATER INTAKE POINT, BHAGALPUR",7.8
2025,12,December,2,Bihar,4398,"WATER INTAKE POINT, BHAGALPUR",7.44
2025,1,January,1,Bihar,10138,CHAMPANAGAR,7.73
2025,1,January,2,Bihar,10138,CHAMPANAGAR,7.57
2025,2,February,1,Bihar,10138,CHAMPANAGAR,7.42
2025,2,February,2,Bihar,10138,CHAMPANAGAR,7.36
2025,3,March,1,Bihar,10138,CHAMPANAGAR,7.71
2025,3,March,2,Bihar,10138,CHAMPANAGAR,8.21
2025,4,April,1,Bihar,10138,CHAMPANAGAR,7.28
2025,4,April,2,Bihar,10138,CHAMPANAGAR,7.32
2025,5,May,2,Bihar,10138,CHAMPANAGAR,7.51
2025,6,June,1,Bihar,10138,CHAMPANAGAR,7.59
2025,6,June,2,Bihar,10138,CHAMPANAGAR,7.5
2025,7,July,1,Bihar,10138,CHAMPANAGAR,7.83
2025,8,August,1,Bihar,10138,CHAMPANAGAR,7.8
2025,8,August,2,Bihar,10138,CHAMPANAGAR,7.41
2025,9,September,1,Bihar,10138,CHAMPANAGAR,7.72
2025,9,September,2,Bihar,10138,CHAMPANAGAR,7.59
2025,10,October,1,Bihar,10138,CHAMPANAGAR,7.62
2025,10,October,2,Bihar,10138,CHAMPANAGAR,7.73
2025,11,November,1,Bihar,10138,CHAMPANAGAR,7.49
2025,11,November,2,Bihar,10138,CHAMPANAGAR,7.74
2025,12,December,1,Bihar,10138,CHAMPANAGAR,7.7
2025,12,December,2,Bihar,10138,CHAMPANAGAR,7.42
2025,1,January,1,Bihar,1819,BHAGALPUR,7.69
2025,1,January,2,Bihar,1819,BHAGALPUR,7.6
2025,2,February,1,Bihar,1819,BHAGALPUR,7.5
2025,2,February,2,Bihar,1819,BHAGALPUR,7.48
2025,3,March,1,Bihar,1819,BHAGALPUR,8.03
2025,3,March,2,Bihar,1819,BHAGALPUR,7.96
2025,4,April,1,Bihar,1819,BHAGALPUR,7.32
2025,4,April,2,Bihar,1819,BHAGALPUR,7.52
2025,5,May,1,Bihar,1819,BHAGALPUR,7.31
2025,5,May,2,Bihar,1819,BHAGALPUR,7.29
2025,6,June,1,Bihar,1819,BHAGALPUR,7.6
2025,6,June,2,Bihar,1819,BHAGALPUR,7.81
2025,7,July,1,Bihar,1819,BHAGALPUR,7.73
2025,7,July,2,Bihar,1819,BHAGALPUR,7.41
2025,8,August,1,Bihar,1819,BHAGALPUR,7.41
2025,8,August,2,Bihar,1819,BHAGALPUR,7.31
2025,9,September,1,Bihar,1819,BHAGALPUR,7.69
2025,9,September,2,Bihar,1819,BHAGALPUR,7.62
2025,10,October,1,Bihar,1819,BHAGALPUR,7.75
2025,10,October,2,Bihar,1819,BHAGALPUR,7.85
2025,11,November,1,Bihar,1819,BHAGALPUR,7.52
2025,11,November,2,Bihar,1819,BHAGALPUR,7.9
2025,12,December,1,Bihar,1819,BHAGALPUR,7.77
2025,12,December,2,Bihar,1819,BHAGALPUR,7.35
2025,1,January,1,Bihar,3118,D/S BHAGALPUR,7.89
2025,1,January,2,Bihar,3118,D/S BHAGALPUR,7.9
2025,2,February,1,Bihar,3118,D/S BHAGALPUR,7.59
2025,2,February,2,Bihar,3118,D/S BHAGALPUR,7.46
2025,3,March,1,Bihar,3118,D/S BHAGALPUR,8.1
2025,3,March,2,Bihar,3118,D/S BHAGALPUR,7.62
2025,4,April,1,Bihar,3118,D/S BHAGALPUR,7.41
2025,4,April,2,Bihar,3118,D/S BHAGALPUR,7.52
2025,5,May,1,Bihar,3118,D/S BHAGALPUR,7.58
2025,5,May,2,Bihar,3118,D/S BHAGALPUR,7.37
2025,6,June,1,Bihar,3118,D/S BHAGALPUR,7.6
2025,6,June,2,Bihar,3118,D/S BHAGALPUR,7.55
2025,7,July,1,Bihar,3118,D/S BHAGALPUR,7.98
2025,7,July,2,Bihar,3118,D/S BHAGALPUR,7.17
2025,8,August,1,Bihar,3118,D/S BHAGALPUR,7.52
2025,8,August,2,Bihar,3118,D/S BHAGALPUR,7.22
2025,9,September,1,Bihar,3118,D/S BHAGALPUR,7.81
2025,9,September,2,Bihar,3118,D/S BHAGALPUR,7.8
2025,10,October,1,Bihar,3118,D/S BHAGALPUR,7.52
2025,10,October,2,Bihar,3118,D/S BHAGALPUR,7.5
2025,11,November,1,Bihar,3118,D/S BHAGALPUR,7.53
2025,11,November,2,Bihar,3118,D/S BHAGALPUR,7.81
2025,12,December,1,Bihar,3118,D/S BHAGALPUR,7.72
2025,12,December,2,Bihar,3118,D/S BHAGALPUR,7.51
2025,1,January,1,Bihar,1816,KAHALGAON,7.52
2025,1,January,2,Bihar,1816,KAHALGAON,7.7
2025,2,February,1,Bihar,1816,KAHALGAON,7.48
2025,2,February,2,Bihar,1816,KAHALGAON,7.23
2025,3,March,1,Bihar,1816,KAHALGAON,8.12
2025,3,March,2,Bihar,1816,KAHALGAON,7.95
2025,4,April,1,Bihar,1816,KAHALGAON,7.3
2025,5,May,1,Bihar,1816,KAHALGAON,7.4
2025,5,May,2,Bihar,1816,KAHALGAON,7.46
2025,6,June,1,Bihar,1816,KAHALGAON,7.7
2025,6,June,2,Bihar,1816,KAHALGAON,7.4
2025,7,July,1,Bihar,1816,KAHALGAON,7.75
2025,7,July,2,Bihar,1816,KAHALGAON,7.31
2025,8,August,1,Bihar,1816,KAHALGAON,7.3
2025,8,August,2,Bihar,1816,KAHALGAON,7.44
2025,9,September,1,Bihar,1816,KAHALGAON,7.77
2025,9,September,2,Bihar,1816,KAHALGAON,7.67
2025,10,October,1,Bihar,1816,KAHALGAON,7.68
2025,10,October,2,Bihar,1816,KAHALGAON,7.95
2025,11,November,1,Bihar,1816,KAHALGAON,7.61
2025,11,November,2,Bihar,1816,KAHALGAON,7.87
2025,12,December,1,Bihar,1816,KAHALGAON,7.93
2025,12,December,2,Bihar,1816,KAHALGAON,7.36
2025,1,January,1,Bihar,10143, KAHALGAON D/S,7.61
2025,1,January,2,Bihar,10143, KAHALGAON D/S,7.65
2025,2,February,1,Bihar,10143, KAHALGAON D/S,7.52
2025,2,February,2,Bihar,10143, KAHALGAON D/S,7.41
2025,3,March,1,Bihar,10143, KAHALGAON D/S,7.98
2025,3,March,2,Bihar,10143, KAHALGAON D/S,8.33
2025,4,April,1,Bihar,10143, KAHALGAON D/S,7.36
2025,5,May,1,Bihar,10143, KAHALGAON D/S,7.45
2025,5,May,2,Bihar,10143, KAHALGAON D/S,7.31
2025,6,June,1,Bihar,10143, KAHALGAON D/S,7.7
2025,6,June,2,Bihar,10143, KAHALGAON D/S,7.46
2025,7,July,1,Bihar,10143, KAHALGAON D/S,7.78
2025,7,July,2,Bihar,10143, KAHALGAON D/S,7.28
2025,8,August,1,Bihar,10143, KAHALGAON D/S,7.36
2025,8,August,2,Bihar,10143, KAHALGAON D/S,7.28
2025,9,September,1,Bihar,10143, KAHALGAON D/S,7.69
2025,9,September,2,Bihar,10143, KAHALGAON D/S,7.7
2025,10,October,1,Bihar,10143, KAHALGAON D/S,7.87
2025,10,October,2,Bihar,10143, KAHALGAON D/S,7.8
2025,11,November,1,Bihar,10143, KAHALGAON D/S,7.48
2025,11,November,2,Bihar,10143, KAHALGAON D/S,7.78
2025,12,December,1,Bihar,10143, KAHALGAON D/S,7.86
2025,12,December,2,Bihar,10143, KAHALGAON D/S,7.41
2025,1,January,1,Jharkhand,10144,U/S NEAR LCT GHAT,7.6
2025,1,January,2,Jharkhand,10144,U/S NEAR LCT GHAT,7.5
2025,2,February,1,Jharkhand,10144,U/S NEAR LCT GHAT,7.5
2025,2,February,2,Jharkhand,10144,U/S NEAR LCT GHAT,7.4
2025,3,March,1,Jharkhand,10144,U/S NEAR LCT GHAT,7.5
2025,3,March,2,Jharkhand,10144,U/S NEAR LCT GHAT,7.4
2025,4,April,1,Jharkhand,10144,U/S NEAR LCT GHAT,7.6
2025,4,April,2,Jharkhand,10144,U/S NEAR LCT GHAT,7.6
2025,5,May,1,Jharkhand,10144,U/S NEAR LCT GHAT,7.6
2025,5,May,2,Jharkhand,10144,U/S NEAR LCT GHAT,7.4
2025,6,June,1,Jharkhand,10144,U/S NEAR LCT GHAT,7.6
2025,6,June,2,Jharkhand,10144,U/S NEAR LCT GHAT,7.5
2025,7,July,1,Jharkhand,10144,U/S NEAR LCT GHAT,7.6
2025,7,July,2,Jharkhand,10144,U/S NEAR LCT GHAT,7.4
2025,8,August,1,Jharkhand,10144,U/S NEAR LCT GHAT,6.8
2025,8,August,2,Jharkhand,10144,U/S NEAR LCT GHAT,7.6
2025,9,September,1,Jharkhand,10144,U/S NEAR LCT GHAT,6.8
2025,9,September,2,Jharkhand,10144,U/S NEAR LCT GHAT,6.8
2025,10,October,1,Jharkhand,10144,U/S NEAR LCT GHAT,6.8
2025,10,October,2,Jharkhand,10144,U/S NEAR LCT GHAT,7.4
2025,11,November,1,Jharkhand,10144,U/S NEAR LCT GHAT,7.4
2025,11,November,2,Jharkhand,10144,U/S NEAR LCT GHAT,7.2
2025,12,December,1,Jharkhand,10144,U/S NEAR LCT GHAT,7.5
2025,12,December,2,Jharkhand,10144,U/S NEAR LCT GHAT,7.5
2025,1,January,1,Jharkhand,10145,NEAR JANTA GHAT D/S,7.5
2025,1,January,2,Jharkhand,10145,NEAR JANTA GHAT D/S,7.5
2025,2,February,1,Jharkhand,10145,NEAR JANTA GHAT D/S,7.5
2025,2,February,2,Jharkhand,10145,NEAR JANTA GHAT D/S,7.5
2025,3,March,1,Jharkhand,10145,NEAR JANTA GHAT D/S,7.5
2025,3,March,2,Jharkhand,10145,NEAR JANTA GHAT D/S,7.5
2025,4,April,1,Jharkhand,10145,NEAR JANTA GHAT D/S,7.5
2025,4,April,2,Jharkhand,10145,NEAR JANTA GHAT D/S,7.4
2025,5,May,1,Jharkhand,10145,NEAR JANTA GHAT D/S,7.5
2025,5,May,2,Jharkhand,10145,NEAR JANTA GHAT D/S,7.4
2025,6,June,1,Jharkhand,10145,NEAR JANTA GHAT D/S,7.5
2025,6,June,2,Jharkhand,10145,NEAR JANTA GHAT D/S,7.6
2025,7,July,1,Jharkhand,10145,NEAR JANTA GHAT D/S,7.5
2025,7,July,2,Jharkhand,10145,NEAR JANTA GHAT D/S,7.6
2025,8,August,1,Jharkhand,10145,NEAR JANTA GHAT D/S,6.7
2025,8,August,2,Jharkhand,10145,NEAR JANTA GHAT D/S,7.5
2025,9,September,1,Jharkhand,10145,NEAR JANTA GHAT D/S,6.7
2025,9,September,2,Jharkhand,10145,NEAR JANTA GHAT D/S,6.7
2025,10,October,1,Jharkhand,10145,NEAR JANTA GHAT D/S,6.7
2025,10,October,2,Jharkhand,10145,NEAR JANTA GHAT D/S,7.5
2025,11,November,1,Jharkhand,10145,NEAR JANTA GHAT D/S,7.5
2025,11,November,2,Jharkhand,10145,NEAR JANTA GHAT D/S,7.4
2025,12,December,1,Jharkhand,10145,NEAR JANTA GHAT D/S,7.4
2025,12,December,2,Jharkhand,10145,NEAR JANTA GHAT D/S,7.4
2025,1,January,1,Jharkhand,1059,RAJMAHAL,7.5
2025,1,January,2,Jharkhand,1059,RAJMAHAL,7.4
2025,2,February,1,Jharkhand,1059,RAJMAHAL,7.4
2025,2,February,2,Jharkhand,1059,RAJMAHAL,7.2
2025,3,March,1,Jharkhand,1059,RAJMAHAL,7.4
2025,3,March,2,Jharkhand,1059,RAJMAHAL,7.5
2025,4,April,1,Jharkhand,1059,RAJMAHAL,7.5
2025,4,April,2,Jharkhand,1059,RAJMAHAL,7.5
2025,5,May,1,Jharkhand,1059,RAJMAHAL,7.5
2025,5,May,2,Jharkhand,1059,RAJMAHAL,7.3
2025,6,June,1,Jharkhand,1059,RAJMAHAL,7.5
2025,6,June,2,Jharkhand,1059,RAJMAHAL,7.5
2025,7,July,1,Jharkhand,1059,RAJMAHAL,7.4
2025,7,July,2,Jharkhand,1059,RAJMAHAL,7.4
2025,8,August,1,Jharkhand,1059,RAJMAHAL,6.7
2025,8,August,2,Jharkhand,1059,RAJMAHAL,7.5
2025,9,September,1,Jharkhand,1059,RAJMAHAL,6.7
2025,9,September,2,Jharkhand,1059,RAJMAHAL,6.7
2025,10,October,1,Jharkhand,1059,RAJMAHAL,6.7
2025,10,October,2,Jharkhand,1059,RAJMAHAL,7.5
2025,11,November,1,Jharkhand,1059,RAJMAHAL,7.5
2025,11,November,2,Jharkhand,1059,RAJMAHAL,7.3
2025,12,December,1,Jharkhand,1059,RAJMAHAL,7.4
2025,12,December,2,Jharkhand,1059,RAJMAHAL,7.5
2025,1,January,1,Jharkhand,10146,SANGI DALAN,7.6
2025,1,January,2,Jharkhand,10146,SANGI DALAN,7.6
2025,2,February,1,Jharkhand,10146,SANGI DALAN,7.5
2025,2,February,2,Jharkhand,10146,SANGI DALAN,7.3
2025,3,March,1,Jharkhand,10146,SANGI DALAN,7.5
2025,3,March,2,Jharkhand,10146,SANGI DALAN,7.66
2025,4,April,1,Jharkhand,10146,SANGI DALAN,7.6
2025,4,April,2,Jharkhand,10146,SANGI DALAN,7.6
2025,5,May,1,Jharkhand,10146,SANGI DALAN,7.6
2025,5,May,2,Jharkhand,10146,SANGI DALAN,7.4
2025,6,June,1,Jharkhand,10146,SANGI DALAN,7.6
2025,6,June,2,Jharkhand,10146,SANGI DALAN,7.6
2025,7,July,1,Jharkhand,10146,SANGI DALAN,7.5
2025,7,July,2,Jharkhand,10146,SANGI DALAN,7.5
2025,8,August,1,Jharkhand,10146,SANGI DALAN,6.7
2025,8,August,2,Jharkhand,10146,SANGI DALAN,7.6
2025,9,September,1,Jharkhand,10146,SANGI DALAN,6.7
2025,9,September,2,Jharkhand,10146,SANGI DALAN,6.7
2025,10,October,1,Jharkhand,10146,SANGI DALAN,6.7
2025,10,October,2,Jharkhand,10146,SANGI DALAN,7.5
2025,11,November,1,Jharkhand,10146,SANGI DALAN,7.6
2025,11,November,2,Jharkhand,10146,SANGI DALAN,7.2
2025,12,December,1,Jharkhand,10146,SANGI DALAN,7.3
2025,12,December,2,Jharkhand,10146,SANGI DALAN,7.6
2025,1,January,1,West Bengal,5162,"FARAKKA,
MUSHIDABAD",7.07
2025,1,January,2,West Bengal,5162,"FARAKKA,
MUSHIDABAD",7.86
2025,2,February,1,West Bengal,5162,"FARAKKA,
MUSHIDABAD",7.8
2025,2,February,2,West Bengal,5162,"FARAKKA,
MUSHIDABAD",7.39
2025,3,March,1,West Bengal,5162,"FARAKKA,
MUSHIDABAD",7.3
2025,3,March,2,West Bengal,5162,"FARAKKA,
MUSHIDABAD",7.29
2025,4,April,1,West Bengal,5162,"FARAKKA,
MUSHIDABAD",7.17
2025,4,April,2,West Bengal,5162,"FARAKKA,
MUSHIDABAD",8.26
2025,5,May,1,West Bengal,5162,"FARAKKA,
MUSHIDABAD",7.33
2025,5,May,2,West Bengal,5162,"FARAKKA,
MUSHIDABAD",7.14
2025,6,June,1,West Bengal,5162,"FARAKKA,
MUSHIDABAD",7.13
2025,6,June,2,West Bengal,5162,"FARAKKA,
MUSHIDABAD",7.11
2025,7,July,1,West Bengal,5162,"FARAKKA,
MUSHIDABAD",7.24
2025,7,July,2,West Bengal,5162,"FARAKKA,
MUSHIDABAD",7.02
2025,8,August,1,West Bengal,5162,"FARAKKA,
MUSHIDABAD",7.75
2025,8,August,2,West Bengal,5162,"FARAKKA,
MUSHIDABAD",6.9
2025,9,September,1,West Bengal,5162,"FARAKKA,
MUSHIDABAD",7.11
2025,9,September,2,West Bengal,5162,"FARAKKA,
MUSHIDABAD",7.09
2025,10,October,1,West Bengal,5162,"FARAKKA,
MUSHIDABAD",7.24
2025,10,October,2,West Bengal,5162,"FARAKKA,
MUSHIDABAD",7.3
2025,11,November,1,West Bengal,5162,"FARAKKA,
MUSHIDABAD",7.1
2025,11,November,2,West Bengal,5162,"FARAKKA,
MUSHIDABAD",7.19
2025,12,December,1,West Bengal,5162,"FARAKKA,
MUSHIDABAD",7.19
2025,12,December,2,West Bengal,5162,"FARAKKA,
MUSHIDABAD",7.24
2025,1,January,1,West Bengal,10159,"KHAGRA, BEHARAMPORE",7.21
2025,1,January,2,West Bengal,10159,"KHAGRA, BEHARAMPORE",7.9
2025,2,February,1,West Bengal,10159,"KHAGRA, BEHARAMPORE",7.71
2025,2,February,2,West Bengal,10159,"KHAGRA, BEHARAMPORE",7.42
2025,3,March,1,West Bengal,10159,"KHAGRA, BEHARAMPORE",7.27
2025,3,March,2,West Bengal,10159,"KHAGRA, BEHARAMPORE",7.06
2025,4,April,1,West Bengal,10159,"KHAGRA, BEHARAMPORE",7.2
2025,4,April,2,West Bengal,10159,"KHAGRA, BEHARAMPORE",7.24
2025,5,May,1,West Bengal,10159,"KHAGRA, BEHARAMPORE",7.24
2025,5,May,2,West Bengal,10159,"KHAGRA, BEHARAMPORE",7.11
2025,6,June,1,West Bengal,10159,"KHAGRA, BEHARAMPORE",7.21
2025,6,June,2,West Bengal,10159,"KHAGRA, BEHARAMPORE",7.16
2025,7,July,1,West Bengal,10159,"KHAGRA, BEHARAMPORE",7.09
2025,7,July,2,West Bengal,10159,"KHAGRA, BEHARAMPORE",7.2
2025,8,August,1,West Bengal,10159,"KHAGRA, BEHARAMPORE",7.39
2025,8,August,2,West Bengal,10159,"KHAGRA, BEHARAMPORE",6.77
2025,9,September,1,West Bengal,10159,"KHAGRA, BEHARAMPORE",7.01
2025,9,September,2,West Bengal,10159,"KHAGRA, BEHARAMPORE",7.17
2025,10,October,1,West Bengal,10159,"KHAGRA, BEHARAMPORE",7.32
2025,10,October,2,West Bengal,10159,"KHAGRA, BEHARAMPORE",7.12
2025,11,November,1,West Bengal,10159,"KHAGRA, BEHARAMPORE",7.04
2025,11,November,2,West Bengal,10159,"KHAGRA, BEHARAMPORE",7.09
2025,12,December,1,West Bengal,10159,"KHAGRA, BEHARAMPORE",7.03
2025,12,December,2,West Bengal,10159,"KHAGRA, BEHARAMPORE",7.17
2025,1,January,1,West Bengal,1080,BEHARAMPORE,7.16
2025,1,January,2,West Bengal,1080,BEHARAMPORE,7.88
2025,2,February,1,West Bengal,1080,BEHARAMPORE,7.66
2025,2,February,2,West Bengal,1080,BEHARAMPORE,7.31
2025,3,March,1,West Bengal,1080,BEHARAMPORE,7.29
2025,3,March,2,West Bengal,1080,BEHARAMPORE,7.21
2025,4,April,1,West Bengal,1080,BEHARAMPORE,7.23
2025,4,April,2,West Bengal,1080,BEHARAMPORE,7.22
2025,5,May,1,West Bengal,1080,BEHARAMPORE,7.39
2025,5,May,2,West Bengal,1080,BEHARAMPORE,7.03
2025,6,June,1,West Bengal,1080,BEHARAMPORE,7.11
2025,6,June,2,West Bengal,1080,BEHARAMPORE,7.33
2025,7,July,1,West Bengal,1080,BEHARAMPORE,7.2
2025,7,July,2,West Bengal,1080,BEHARAMPORE,7.17
2025,8,August,1,West Bengal,1080,BEHARAMPORE,7.62
2025,8,August,2,West Bengal,1080,BEHARAMPORE,6.98
2025,9,September,1,West Bengal,1080,BEHARAMPORE,6.91
2025,9,September,2,West Bengal,1080,BEHARAMPORE,7.06
2025,10,October,1,West Bengal,1080,BEHARAMPORE,7.14
2025,10,October,2,West Bengal,1080,BEHARAMPORE,7.17
2025,11,November,1,West Bengal,1080,BEHARAMPORE,7.23
2025,11,November,2,West Bengal,1080,BEHARAMPORE,7.11
2025,12,December,1,West Bengal,1080,BEHARAMPORE,7.11
2025,12,December,2,West Bengal,1080,BEHARAMPORE,7.09
2025,1,January,1,West Bengal,10160,"GORABAZAR, BEHRAMPORE",7.29
2025,1,January,2,West Bengal,10160,"GORABAZAR, BEHRAMPORE",7.32
2025,2,February,1,West Bengal,10160,"GORABAZAR, BEHRAMPORE",7.69
2025,2,February,2,West Bengal,10160,"GORABAZAR, BEHRAMPORE",7.4
2025,3,March,1,West Bengal,10160,"GORABAZAR, BEHRAMPORE",7.21
2025,3,March,2,West Bengal,10160,"GORABAZAR, BEHRAMPORE",7.17
2025,4,April,1,West Bengal,10160,"GORABAZAR, BEHRAMPORE",7.19
2025,4,April,2,West Bengal,10160,"GORABAZAR, BEHRAMPORE",7.31
2025,5,May,1,West Bengal,10160,"GORABAZAR, BEHRAMPORE",7.34
2025,5,May,2,West Bengal,10160,"GORABAZAR, BEHRAMPORE",7.24
2025,6,June,1,West Bengal,10160,"GORABAZAR, BEHRAMPORE",7.07
2025,6,June,2,West Bengal,10160,"GORABAZAR, BEHRAMPORE",7.09
2025,7,July,1,West Bengal,10160,"GORABAZAR, BEHRAMPORE",7.17
2025,7,July,2,West Bengal,10160,"GORABAZAR, BEHRAMPORE",7.06
2025,8,August,1,West Bengal,10160,"GORABAZAR, BEHRAMPORE",7.47
2025,8,August,2,West Bengal,10160,"GORABAZAR, BEHRAMPORE",6.92
2025,9,September,1,West Bengal,10160,"GORABAZAR, BEHRAMPORE",6.99
2025,9,September,2,West Bengal,10160,"GORABAZAR, BEHRAMPORE",7.21
2025,10,October,1,West Bengal,10160,"GORABAZAR, BEHRAMPORE",7.3
2025,10,October,2,West Bengal,10160,"GORABAZAR, BEHRAMPORE",7.21
2025,11,November,1,West Bengal,10160,"GORABAZAR, BEHRAMPORE",7.09
2025,11,November,2,West Bengal,10160,"GORABAZAR, BEHRAMPORE",6.78
2025,12,December,1,West Bengal,10160,"GORABAZAR, BEHRAMPORE",7.04
2025,12,December,2,West Bengal,10160,"GORABAZAR, BEHRAMPORE",7.04
2025,1,January,1,West Bengal,2511,"NABADIP,GHOSHPARA NEAR MONIPURGHAT",7.33
2025,1,January,2,West Bengal,2511,"NABADIP,GHOSHPARA NEAR MONIPURGHAT",7.62
2025,2,February,1,West Bengal,2511,"NABADIP,GHOSHPARA NEAR MONIPURGHAT",7.49
2025,2,February,2,West Bengal,2511,"NABADIP,GHOSHPARA NEAR MONIPURGHAT",7.29
2025,3,March,1,West Bengal,2511,"NABADIP,GHOSHPARA NEAR MONIPURGHAT",7.33
2025,3,March,2,West Bengal,2511,"NABADIP,GHOSHPARA NEAR MONIPURGHAT",7.21
2025,4,April,1,West Bengal,2511,"NABADIP,GHOSHPARA NEAR MONIPURGHAT",8.05
2025,4,April,2,West Bengal,2511,"NABADIP,GHOSHPARA NEAR MONIPURGHAT",7.02
2025,5,May,1,West Bengal,2511,"NABADIP,GHOSHPARA NEAR MONIPURGHAT",7.09
2025,5,May,2,West Bengal,2511,"NABADIP,GHOSHPARA NEAR MONIPURGHAT",7.1
2025,6,June,1,West Bengal,2511,"NABADIP,GHOSHPARA NEAR MONIPURGHAT",7.42
2025,6,June,2,West Bengal,2511,"NABADIP,GHOSHPARA NEAR MONIPURGHAT",7.07
2025,7,July,1,West Bengal,2511,"NABADIP,GHOSHPARA NEAR MONIPURGHAT",7.33
2025,7,July,2,West Bengal,2511,"NABADIP,GHOSHPARA NEAR MONIPURGHAT",7.08
2025,8,August,1,West Bengal,2511,"NABADIP,GHOSHPARA NEAR MONIPURGHAT",6.82
2025,8,August,2,West Bengal,2511,"NABADIP,GHOSHPARA NEAR MONIPURGHAT",6.88
2025,9,September,1,West Bengal,2511,"NABADIP,GHOSHPARA NEAR MONIPURGHAT",7.09
2025,9,September,2,West Bengal,2511,"NABADIP,GHOSHPARA NEAR MONIPURGHAT",7.17
2025,10,October,1,West Bengal,2511,"NABADIP,GHOSHPARA NEAR MONIPURGHAT",7.09
2025,10,October,2,West Bengal,2511,"NABADIP,GHOSHPARA NEAR MONIPURGHAT",7.19
2025,11,November,1,West Bengal,2511,"NABADIP,GHOSHPARA NEAR MONIPURGHAT",7.37
2025,11,November,2,West Bengal,2511,"NABADIP,GHOSHPARA NEAR MONIPURGHAT",7.11
2025,12,December,1,West Bengal,2511,"NABADIP,GHOSHPARA NEAR MONIPURGHAT",7.2
2025,12,December,2,West Bengal,2511,"NABADIP,GHOSHPARA NEAR MONIPURGHAT",7.14
2025,1,January,1,West Bengal,2506,"TRIBENI, NEAR BURNING GHAT",7.42
2025,1,January,2,West Bengal,2506,"TRIBENI, NEAR BURNING GHAT",7.32
2025,2,February,1,West Bengal,2506,"TRIBENI, NEAR BURNING GHAT",7.26
2025,2,February,2,West Bengal,2506,"TRIBENI, NEAR BURNING GHAT",7.29
2025,3,March,1,West Bengal,2506,"TRIBENI, NEAR BURNING GHAT",7.13
2025,3,March,2,West Bengal,2506,"TRIBENI, NEAR BURNING GHAT",7.19
2025,4,April,1,West Bengal,2506,"TRIBENI, NEAR BURNING GHAT",8.16
2025,4,April,2,West Bengal,2506,"TRIBENI, NEAR BURNING GHAT",7.39
2025,5,May,1,West Bengal,2506,"TRIBENI, NEAR BURNING GHAT",7.1
2025,5,May,2,West Bengal,2506,"TRIBENI, NEAR BURNING GHAT",7.61
2025,6,June,1,West Bengal,2506,"TRIBENI, NEAR BURNING GHAT",7.46
2025,6,June,2,West Bengal,2506,"TRIBENI, NEAR BURNING GHAT",7.29
2025,7,July,1,West Bengal,2506,"TRIBENI, NEAR BURNING GHAT",7.39
2025,7,July,2,West Bengal,2506,"TRIBENI, NEAR BURNING GHAT",7.25
2025,8,August,1,West Bengal,2506,"TRIBENI, NEAR BURNING GHAT",7.07
2025,8,August,2,West Bengal,2506,"TRIBENI, NEAR BURNING GHAT",6.77
2025,9,September,1,West Bengal,2506,"TRIBENI, NEAR BURNING GHAT",7.21
2025,9,September,2,West Bengal,2506,"TRIBENI, NEAR BURNING GHAT",7.17
2025,10,October,1,West Bengal,2506,"TRIBENI, NEAR BURNING GHAT",7.17
2025,10,October,2,West Bengal,2506,"TRIBENI, NEAR BURNING GHAT",7.53
2025,11,November,1,West Bengal,2506,"TRIBENI, NEAR BURNING GHAT",7.11
2025,11,November,2,West Bengal,2506,"TRIBENI, NEAR BURNING GHAT",7.19
2025,12,December,1,West Bengal,2506,"TRIBENI, NEAR BURNING GHAT",7.07
2025,12,December,2,West Bengal,2506,"TRIBENI, NEAR BURNING GHAT",7.1
2025,1,January,1,West Bengal,10161,"SHITALATALA, PALTA",7.66
2025,1,January,2,West Bengal,10161,"SHITALATALA, PALTA",7.79
2025,2,February,1,West Bengal,10161,"SHITALATALA, PALTA",7.41
2025,2,February,2,West Bengal,10161,"SHITALATALA, PALTA",7.23
2025,3,March,1,West Bengal,10161,"SHITALATALA, PALTA",7.27
2025,3,March,2,West Bengal,10161,"SHITALATALA, PALTA",7.31
2025,4,April,1,West Bengal,10161,"SHITALATALA, PALTA",7.3
2025,4,April,2,West Bengal,10161,"SHITALATALA, PALTA",7.33
2025,5,May,1,West Bengal,10161,"SHITALATALA, PALTA",7.1
2025,5,May,2,West Bengal,10161,"SHITALATALA, PALTA",7.34
2025,6,June,1,West Bengal,10161,"SHITALATALA, PALTA",7.03
2025,6,June,2,West Bengal,10161,"SHITALATALA, PALTA",7.19
2025,7,July,1,West Bengal,10161,"SHITALATALA, PALTA",7.11
2025,7,July,2,West Bengal,10161,"SHITALATALA, PALTA",7.07
2025,8,August,1,West Bengal,10161,"SHITALATALA, PALTA",7.36
2025,8,August,2,West Bengal,10161,"SHITALATALA, PALTA",6.82
2025,9,September,1,West Bengal,10161,"SHITALATALA, PALTA",7.04
2025,9,September,2,West Bengal,10161,"SHITALATALA, PALTA",7.09
2025,10,October,1,West Bengal,10161,"SHITALATALA, PALTA",7.07
2025,10,October,2,West Bengal,10161,"SHITALATALA, PALTA",7.37
2025,11,November,1,West Bengal,10161,"SHITALATALA, PALTA",7.09
2025,11,November,2,West Bengal,10161,"SHITALATALA, PALTA",7.07
2025,12,December,1,West Bengal,10161,"SHITALATALA, PALTA",7.22
2025,12,December,2,West Bengal,10161,"SHITALATALA, PALTA",7.2
2025,1,January,1,West Bengal,1054,PALTA,7.46
2025,1,January,2,West Bengal,1054,PALTA,7.68
2025,2,February,1,West Bengal,1054,PALTA,7.49
2025,2,February,2,West Bengal,1054,PALTA,7.37
2025,3,March,1,West Bengal,1054,PALTA,7.3
2025,3,March,2,West Bengal,1054,PALTA,7.18
2025,4,April,1,West Bengal,1054,PALTA,7.29
2025,4,April,2,West Bengal,1054,PALTA,7.1
2025,5,May,1,West Bengal,1054,PALTA,7.13
2025,5,May,2,West Bengal,1054,PALTA,7.38
2025,6,June,1,West Bengal,1054,PALTA,7.19
2025,6,June,2,West Bengal,1054,PALTA,7.1
2025,7,July,1,West Bengal,1054,PALTA,7.29
2025,7,July,2,West Bengal,1054,PALTA,7.2
2025,8,August,1,West Bengal,1054,PALTA,7.3
2025,8,August,2,West Bengal,1054,PALTA,6.67
2025,9,September,1,West Bengal,1054,PALTA,6.97
2025,9,September,2,West Bengal,1054,PALTA,6.99
2025,10,October,1,West Bengal,1054,PALTA,7.11
2025,10,October,2,West Bengal,1054,PALTA,7.3
2025,11,November,1,West Bengal,1054,PALTA,7.11
2025,11,November,2,West Bengal,1054,PALTA,7.21
2025,12,December,1,West Bengal,1054,PALTA,7.11
2025,12,December,2,West Bengal,1054,PALTA,7.04
2025,1,January,1,West Bengal,1472,SERAMPORE,7.3
2025,1,January,2,West Bengal,1472,SERAMPORE,7.3
2025,2,February,1,West Bengal,1472,SERAMPORE,7.29
2025,2,February,2,West Bengal,1472,SERAMPORE,7.24
2025,3,March,1,West Bengal,1472,SERAMPORE,7.23
2025,3,March,2,West Bengal,1472,SERAMPORE,7.29
2025,4,April,1,West Bengal,1472,SERAMPORE,7.36
2025,4,April,2,West Bengal,1472,SERAMPORE,7.21
2025,5,May,1,West Bengal,1472,SERAMPORE,7.07
2025,5,May,2,West Bengal,1472,SERAMPORE,7.2
2025,6,June,1,West Bengal,1472,SERAMPORE,7.07
2025,6,June,2,West Bengal,1472,SERAMPORE,7.27
2025,7,July,1,West Bengal,1472,SERAMPORE,7.29
2025,7,July,2,West Bengal,1472,SERAMPORE,7.13
2025,8,August,1,West Bengal,1472,SERAMPORE,7.22
2025,8,August,2,West Bengal,1472,SERAMPORE,6.89
2025,9,September,1,West Bengal,1472,SERAMPORE,7.21
2025,9,September,2,West Bengal,1472,SERAMPORE,7.29
2025,10,October,1,West Bengal,1472,SERAMPORE,7.3
2025,10,October,2,West Bengal,1472,SERAMPORE,7.41
2025,11,November,1,West Bengal,1472,SERAMPORE,7.07
2025,11,November,2,West Bengal,1472,SERAMPORE,7.09
2025,12,December,1,West Bengal,1472,SERAMPORE,7.19
2025,12,December,2,West Bengal,1472,SERAMPORE,7.1
2025,1,January,1,West Bengal,1053,DAKSHINESHWAR,7.86
2025,1,January,2,West Bengal,1053,DAKSHINESHWAR,7.09
2025,2,February,1,West Bengal,1053,DAKSHINESHWAR,7.12
2025,2,February,2,West Bengal,1053,DAKSHINESHWAR,7.2
2025,3,March,1,West Bengal,1053,DAKSHINESHWAR,7.73
2025,3,March,2,West Bengal,1053,DAKSHINESHWAR,7.17
2025,4,April,1,West Bengal,1053,DAKSHINESHWAR,7.51
2025,4,April,2,West Bengal,1053,DAKSHINESHWAR,7.98
2025,5,May,1,West Bengal,1053,DAKSHINESHWAR,7.6
2025,5,May,2,West Bengal,1053,DAKSHINESHWAR,7.59
2025,6,June,1,West Bengal,1053,DAKSHINESHWAR,7.11
2025,6,June,2,West Bengal,1053,DAKSHINESHWAR,7.33
2025,7,July,1,West Bengal,1053,DAKSHINESHWAR,7.16
2025,7,July,2,West Bengal,1053,DAKSHINESHWAR,7.18
2025,8,August,1,West Bengal,1053,DAKSHINESHWAR,7.67
2025,8,August,2,West Bengal,1053,DAKSHINESHWAR,7.36
2025,9,September,1,West Bengal,1053,DAKSHINESHWAR,7.1
2025,9,September,2,West Bengal,1053,DAKSHINESHWAR,7.35
2025,10,October,1,West Bengal,1053,DAKSHINESHWAR,7.37
2025,10,October,2,West Bengal,1053,DAKSHINESHWAR,7.64
2025,11,November,1,West Bengal,1053,DAKSHINESHWAR,7.19
2025,11,November,2,West Bengal,1053,DAKSHINESHWAR,7.44
2025,12,December,1,West Bengal,1053,DAKSHINESHWAR,7.32
2025,12,December,2,West Bengal,1053,DAKSHINESHWAR,7.55
2025,1,January,1,West Bengal,1470,GARDEN REACH,7.36
2025,1,January,2,West Bengal,1470,GARDEN REACH,7.23
2025,2,February,1,West Bengal,1470,GARDEN REACH,7.79
2025,2,February,2,West Bengal,1470,GARDEN REACH,7.78
2025,3,March,1,West Bengal,1470,GARDEN REACH,7.34
2025,3,March,2,West Bengal,1470,GARDEN REACH,7.32
2025,4,April,1,West Bengal,1470,GARDEN REACH,7.57
2025,4,April,2,West Bengal,1470,GARDEN REACH,7.91
2025,5,May,1,West Bengal,1470,GARDEN REACH,7.59
2025,5,May,2,West Bengal,1470,GARDEN REACH,7.18
2025,6,June,1,West Bengal,1470,GARDEN REACH,7.14
2025,6,June,2,West Bengal,1470,GARDEN REACH,7.31
2025,7,July,1,West Bengal,1470,GARDEN REACH,7.14
2025,7,July,2,West Bengal,1470,GARDEN REACH,7.44
2025,8,August,1,West Bengal,1470,GARDEN REACH,7.24
2025,8,August,2,West Bengal,1470,GARDEN REACH,7.64
2025,9,September,1,West Bengal,1470,GARDEN REACH,7.21
2025,9,September,2,West Bengal,1470,GARDEN REACH,7.12
2025,10,October,1,West Bengal,1470,GARDEN REACH,7.29
2025,10,October,2,West Bengal,1470,GARDEN REACH,7.71
2025,11,November,1,West Bengal,1470,GARDEN REACH,7.14
2025,11,November,2,West Bengal,1470,GARDEN REACH,7.12
2025,12,December,1,West Bengal,1470,GARDEN REACH,7.46
2025,12,December,2,West Bengal,1470,GARDEN REACH,7.69
2025,1,January,1,West Bengal,1471,SHIVPUR (HOWRAH),7.02
2025,1,January,2,West Bengal,1471,SHIVPUR (HOWRAH),7.29
2025,2,February,1,West Bengal,1471,SHIVPUR (HOWRAH),7.39
2025,2,February,2,West Bengal,1471,SHIVPUR (HOWRAH),7.81
2025,3,March,1,West Bengal,1471,SHIVPUR (HOWRAH),7.41
2025,3,March,2,West Bengal,1471,SHIVPUR (HOWRAH),7.4
2025,4,April,1,West Bengal,1471,SHIVPUR (HOWRAH),7.63
2025,4,April,2,West Bengal,1471,SHIVPUR (HOWRAH),7.97
2025,5,May,1,West Bengal,1471,SHIVPUR (HOWRAH),7.54
2025,5,May,2,West Bengal,1471,SHIVPUR (HOWRAH),7.11
2025,6,June,1,West Bengal,1471,SHIVPUR (HOWRAH),7.08
2025,6,June,2,West Bengal,1471,SHIVPUR (HOWRAH),7.04
2025,7,July,1,West Bengal,1471,SHIVPUR (HOWRAH),7.08
2025,7,July,2,West Bengal,1471,SHIVPUR (HOWRAH),7.21
2025,8,August,1,West Bengal,1471,SHIVPUR (HOWRAH),7.12
2025,8,August,2,West Bengal,1471,SHIVPUR (HOWRAH),7.3
2025,9,September,1,West Bengal,1471,SHIVPUR (HOWRAH),7.13
2025,9,September,2,West Bengal,1471,SHIVPUR (HOWRAH),7.11
2025,10,October,1,West Bengal,1471,SHIVPUR (HOWRAH),7.33
2025,10,October,2,West Bengal,1471,SHIVPUR (HOWRAH),7.79
2025,11,November,1,West Bengal,1471,SHIVPUR (HOWRAH),7.01
2025,11,November,2,West Bengal,1471,SHIVPUR (HOWRAH),7.06
2025,12,December,1,West Bengal,1471,SHIVPUR (HOWRAH),7.41
2025,12,December,2,West Bengal,1471,SHIVPUR (HOWRAH),7.67
2025,1,January,1,West Bengal,1052,ULUBERIA,7.12
2025,1,January,2,West Bengal,1052,ULUBERIA,7.21
2025,2,February,1,West Bengal,1052,ULUBERIA,7.16
2025,2,February,2,West Bengal,1052,ULUBERIA,7.4
2025,3,March,1,West Bengal,1052,ULUBERIA,7.12
2025,3,March,2,West Bengal,1052,ULUBERIA,7.03
2025,4,April,1,West Bengal,1052,ULUBERIA,7.09
2025,4,April,2,West Bengal,1052,ULUBERIA,7.33
2025,5,May,1,West Bengal,1052,ULUBERIA,7.17
2025,5,May,2,West Bengal,1052,ULUBERIA,7.36
2025,6,June,1,West Bengal,1052,ULUBERIA,7.15
2025,6,June,2,West Bengal,1052,ULUBERIA,7.04
2025,7,July,1,West Bengal,1052,ULUBERIA,7.41
2025,7,July,2,West Bengal,1052,ULUBERIA,7.47
2025,8,August,1,West Bengal,1052,ULUBERIA,7.18
2025,8,August,2,West Bengal,1052,ULUBERIA,7.42
2025,9,September,1,West Bengal,1052,ULUBERIA,7.24
2025,9,September,2,West Bengal,1052,ULUBERIA,7.0
2025,10,October,1,West Bengal,1052,ULUBERIA,7.34
2025,10,October,2,West Bengal,1052,ULUBERIA,7.72
2025,11,November,1,West Bengal,1052,ULUBERIA,7.16
2025,11,November,2,West Bengal,1052,ULUBERIA,7.22
2025,12,December,1,West Bengal,1052,ULUBERIA,7.56
2025,12,December,2,West Bengal,1052,ULUBERIA,7.57
2025,1,January,1,West Bengal,1469,DIAMOND HARBOUR,7.03
2025,1,January,2,West Bengal,1469,DIAMOND HARBOUR,7.01
2025,2,February,1,West Bengal,1469,DIAMOND HARBOUR,7.09
2025,2,February,2,West Bengal,1469,DIAMOND HARBOUR,7.48
2025,3,March,1,West Bengal,1469,DIAMOND HARBOUR,7.59
2025,3,March,2,West Bengal,1469,DIAMOND HARBOUR,7.44
2025,4,April,1,West Bengal,1469,DIAMOND HARBOUR,7.25
2025,4,April,2,West Bengal,1469,DIAMOND HARBOUR,7.66
2025,5,May,1,West Bengal,1469,DIAMOND HARBOUR,7.36
2025,5,May,2,West Bengal,1469,DIAMOND HARBOUR,7.04
2025,6,June,1,West Bengal,1469,DIAMOND HARBOUR,7.12
2025,6,June,2,West Bengal,1469,DIAMOND HARBOUR,7.16
2025,7,July,1,West Bengal,1469,DIAMOND HARBOUR,7.4
2025,7,July,2,West Bengal,1469,DIAMOND HARBOUR,7.45
2025,8,August,1,West Bengal,1469,DIAMOND HARBOUR,7.61
2025,8,August,2,West Bengal,1469,DIAMOND HARBOUR,7.27
2025,9,September,1,West Bengal,1469,DIAMOND HARBOUR,7.15
2025,9,September,2,West Bengal,1469,DIAMOND HARBOUR,7.31
2025,10,October,1,West Bengal,1469,DIAMOND HARBOUR,7.14
2025,10,October,2,West Bengal,1469,DIAMOND HARBOUR,7.6
2025,11,November,1,West Bengal,1469,DIAMOND HARBOUR,7.36
2025,11,November,2,West Bengal,1469,DIAMOND HARBOUR,7.11
2025,12,December,1,West Bengal,1469,DIAMOND HARBOUR,7.09
2025,12,December,2,West Bengal,1469,DIAMOND HARBOUR,7.66
2025,1,January,1,West Bengal,1335,PATIKALI ,7.97
2025,1,January,2,West Bengal,1335,PATIKALI ,7.86
2025,2,February,1,West Bengal,1335,PATIKALI ,7.81
2025,2,February,2,West Bengal,1335,PATIKALI ,7.67
2025,3,March,1,West Bengal,1335,PATIKALI ,7.83
2025,3,March,2,West Bengal,1335,PATIKALI ,7.88
2025,4,April,1,West Bengal,1335,PATIKALI ,7.82
2025,4,April,2,West Bengal,1335,PATIKALI ,7.76
2025,5,May,1,West Bengal,1335,PATIKALI ,7.85
2025,5,May,2,West Bengal,1335,PATIKALI ,8.01
2025,6,June,1,West Bengal,1335,PATIKALI ,7.96
2025,6,June,2,West Bengal,1335,PATIKALI ,7.86
2025,7,July,1,West Bengal,1335,PATIKALI ,7.91
2025,7,July,2,West Bengal,1335,PATIKALI ,7.57
2025,8,August,1,West Bengal,1335,PATIKALI ,7.58
2025,8,August,2,West Bengal,1335,PATIKALI ,7.62
2025,9,September,1,West Bengal,1335,PATIKALI ,7.61
2025,9,September,2,West Bengal,1335,PATIKALI ,7.86
2025,10,October,1,West Bengal,1335,PATIKALI ,7.49
2025,10,October,2,West Bengal,1335,PATIKALI ,8.03
2025,11,November,1,West Bengal,1335,PATIKALI ,7.68
2025,11,November,2,West Bengal,1335,PATIKALI ,7.9
2025,12,December,1,West Bengal,1335,PATIKALI ,7.89
2025,12,December,2,West Bengal,1335,PATIKALI ,8.1
